{"MemberDetail":[{"masterID":"134","grpID":"1","profileID":"134","isAdmin":"yes","memberName":"Mr. Niruban Chakravarthy K","memberEmail":"niruban@chakiat.net","memberMobile":"+91 8056010093","memberCountry":"India","profilePic":"","familyPic":null,"Branch_Id":"2","Branch_Name":"Chennai","isPersonalDetVisible":"yes","member_date_of_birth":null,"member_date_of_wedding":null,"personalMemberDetails":[],"businessMemberDetails":[{"fieldID":"0","uniquekey":"member_buss_email","key":"Email","value":"","colType":"Email","isEditable":"1","isVisible":"y"},{"fieldID":"0","uniquekey":"businessPosition","key":"Designation","value":"","colType":"Text","isEditable":"1","isVisible":"y"},{"fieldID":"0","uniquekey":"BusinessName","key":"Business Name","value":"","colType":"Text","isEditable":"1","isVisible":"y"}],"familyMemberDetails":{"isVisible":"y","familyMemberDetail":[{"familyMemberId":"6932","memberName":"Srimathi Master","relationship":"Spouse","dOB":"25/08/1965","emailID":"","anniversary":"28/02/2019","contactNo":"1 9845615114","particulars":"","bloodGroup":""},{"familyMemberId":"6933","memberName":"Krish Master","relationship":"Son","dOB":"22/05/2013","emailID":"","anniversary":"","contactNo":"","particulars":"","bloodGroup":""}]},"addressDetails":{"isResidanceAddrVisible":"y","isBusinessAddrVisible":"y","addressResult":[]}},{"masterID":"138","grpID":"1","profileID":"138","isAdmin":"yes","memberName":"Mr. Vikas Jayvant Gaikwad","memberEmail":"vikas.gaikwad@chakiat.net","memberMobile":"+91 9769109814","memberCountry":"India","profilePic":"","familyPic":null,"Branch_Id":"9","Branch_Name":"Mumbai","isPersonalDetVisible":"yes","member_date_of_birth":null,"member_date_of_wedding":null,"personalMemberDetails":[],"businessMemberDetails":[{"fieldID":"0","uniquekey":"member_buss_email","key":"Email","value":"","colType":"Email","isEditable":"1","isVisible":"y"},{"fieldID":"0","uniquekey":"businessPosition","key":"Designation","value":"","colType":"Text","isEditable":"1","isVisible":"y"},{"fieldID":"0","uniquekey":"BusinessName","key":"Business Name","value":"","colType":"Text","isEditable":"1","isVisible":"y"}],"familyMemberDetails":{"isVisible":"y","familyMemberDetail":[{"familyMemberId":"192","memberName":"RUPAL GANATRA","relationship":"Spouse","dOB":"23/01/2012","emailID":"","anniversary":"19/12/2012","contactNo":"1 9821354869","particulars":"","bloodGroup":""}]},"addressDetails":{"isResidanceAddrVisible":"y","isBusinessAddrVisible":"y","addressResult":[]}},{"masterID":"139","grpID":"1","profileID":"139","isAdmin":"yes","memberName":"Mr. Sistu Gurivi Naidu","memberEmail":"sgnaidu@chakiat.net","memberMobile":"+91 9246611496","memberCountry":"India","profilePic":"","familyPic":null,"Branch_Id":"10","Branch_Name":"Vizag","isPersonalDetVisible":"yes","member_date_of_birth":null,"member_date_of_wedding":null,"personalMemberDetails":[],"businessMemberDetails":[{"fieldID":"0","uniquekey":"member_buss_email","key":"Email","value":"","colType":"Email","isEditable":"1","isVisible":"y"},{"fieldID":"0","uniquekey":"businessPosition","key":"Designation","value":"","colType":"Text","isEditable":"1","isVisible":"y"},{"fieldID":"0","uniquekey":"BusinessName","key":"Business Name","value":"","colType":"Text","isEditable":"1","isVisible":"y"}],"familyMemberDetails":{"isVisible":"y","familyMemberDetail":[{"familyMemberId":"194","memberName":"INSIYAH JASDANWALA","relationship":"Spouse","dOB":"23/04/2012","emailID":"","anniversary":"04/12/2012","contactNo":"1 9821540470","particulars":"","bloodGroup":""}]},"addressDetails":{"isResidanceAddrVisible":"y","isBusinessAddrVisible":"y","addressResult":[]}},{"masterID":"142","grpID":"1","profileID":"142","isAdmin":"yes","memberName":"Mr. Raj Kumar M","memberEmail":"admintuti@chakiat.net","memberMobile":"+91 8098880335","memberCountry":"India","profilePic":"","familyPic":null,"Branch_Id":"3","Branch_Name":"Tuticorin","isPersonalDetVisible":"yes","member_date_of_birth":null,"member_date_of_wedding":null,"personalMemberDetails":[],"businessMemberDetails":[{"fieldID":"0","uniquekey":"member_buss_email","key":"Email","value":"","colType":"Email","isEditable":"1","isVisible":"y"},{"fieldID":"0","uniquekey":"businessPosition","key":"Designation","value":"","colType":"Text","isEditable":"1","isVisible":"y"},{"fieldID":"0","uniquekey":"BusinessName","key":"Business Name","value":"","colType":"Text","isEditable":"1","isVisible":"y"}],"familyMemberDetails":{"isVisible":"y","familyMemberDetail":[{"familyMemberId":"207","memberName":"URVI VORA","relationship":"Spouse","dOB":"02/05/1976","emailID":"","anniversary":"20/02/2012","contactNo":"1 9833801016","particulars":"","bloodGroup":""}]},"addressDetails":{"isResidanceAddrVisible":"y","isBusinessAddrVisible":"y","addressResult":[]}},{"masterID":"153","grpID":"1","profileID":"153","isAdmin":"yes","memberName":"Mr. Tirupathi Rao P","memberEmail":"sitaram@chakiat.net","memberMobile":"+91 9666600106","memberCountry":"India","profilePic":"","familyPic":null,"Branch_Id":"10","Branch_Name":"Vizag","isPersonalDetVisible":"yes","member_date_of_birth":null,"member_date_of_wedding":null,"personalMemberDetails":[],"businessMemberDetails":[{"fieldID":"0","uniquekey":"member_buss_email","key":"Email","value":"","colType":"Email","isEditable":"1","isVisible":"y"},{"fieldID":"0","uniquekey":"businessPosition","key":"Designation","value":"","colType":"Text","isEditable":"1","isVisible":"y"},{"fieldID":"0","uniquekey":"BusinessName","key":"Business Name","value":"","colType":"Text","isEditable":"1","isVisible":"y"}],"familyMemberDetails":{"isVisible":"y","familyMemberDetail":[{"familyMemberId":"58708","memberName":"VANDANA SARDA","relationship":"Spouse","dOB":"","emailID":"","anniversary":"04/05/2001","contactNo":"","particulars":"","bloodGroup":""}]},"addressDetails":{"isResidanceAddrVisible":"y","isBusinessAddrVisible":"y","addressResult":[]}},{"masterID":"155","grpID":"1","profileID":"155","isAdmin":"yes","memberName":"Mr. Guttikonda Kishore","memberEmail":"ca.kpct@chakiat.net","memberMobile":"+91 7358111840","memberCountry":"India","profilePic":"","familyPic":null,"Branch_Id":"12","Branch_Name":"Krishnapatnam","isPersonalDetVisible":"yes","member_date_of_birth":null,"member_date_of_wedding":null,"personalMemberDetails":[],"businessMemberDetails":[{"fieldID":"0","uniquekey":"member_buss_email","key":"Email","value":"","colType":"Email","isEditable":"1","isVisible":"y"},{"fieldID":"0","uniquekey":"businessPosition","key":"Designation","value":"","colType":"Text","isEditable":"1","isVisible":"y"},{"fieldID":"0","uniquekey":"BusinessName","key":"Business Name","value":"","colType":"Text","isEditable":"1","isVisible":"y"}],"familyMemberDetails":{"isVisible":"y","familyMemberDetail":[{"familyMemberId":"213","memberName":"NIKITA TODARWAL","relationship":"Spouse","dOB":"15/12/2012","emailID":"","anniversary":"12/11/2012","contactNo":"1 9920287484","particulars":"","bloodGroup":""}]},"addressDetails":{"isResidanceAddrVisible":"y","isBusinessAddrVisible":"y","addressResult":[]}},{"masterID":"156","grpID":"1","profileID":"156","isAdmin":"yes","memberName":"Mr. Naveen Raj Y","memberEmail":"-","memberMobile":"+91 9952999559","memberCountry":"India","profilePic":"","familyPic":null,"Branch_Id":"2","Branch_Name":"Chennai","isPersonalDetVisible":"yes","member_date_of_birth":null,"member_date_of_wedding":null,"personalMemberDetails":[],"businessMemberDetails":[{"fieldID":"0","uniquekey":"member_buss_email","key":"Email","value":"","colType":"Email","isEditable":"1","isVisible":"y"},{"fieldID":"0","uniquekey":"businessPosition","key":"Designation","value":"","colType":"Text","isEditable":"1","isVisible":"y"},{"fieldID":"0","uniquekey":"BusinessName","key":"Business Name","value":"","colType":"Text","isEditable":"1","isVisible":"y"}],"familyMemberDetails":{"isVisible":"y","familyMemberDetail":[{"familyMemberId":"48664","memberName":"H UMA","relationship":"Spouse","dOB":"","emailID":"","anniversary":"27/01/2012","contactNo":"","particulars":"","bloodGroup":"--Select--"}]},"addressDetails":{"isResidanceAddrVisible":"y","isBusinessAddrVisible":"y","addressResult":[]}},{"masterID":"159","grpID":"1","profileID":"159","isAdmin":"yes","memberName":"Mr. Indracanti Vijay Kumar","memberEmail":"vijaykumar@chakiat.net","memberMobile":"+91 9666600107","memberCountry":"India","profilePic":"","familyPic":null,"Branch_Id":"10","Branch_Name":"Vizag","isPersonalDetVisible":"yes","member_date_of_birth":null,"member_date_of_wedding":null,"personalMemberDetails":[],"businessMemberDetails":[{"fieldID":"0","uniquekey":"member_buss_email","key":"Email","value":"","colType":"Email","isEditable":"1","isVisible":"y"},{"fieldID":"0","uniquekey":"businessPosition","key":"Designation","value":"","colType":"Text","isEditable":"1","isVisible":"y"},{"fieldID":"0","uniquekey":"BusinessName","key":"Business Name","value":"","colType":"Text","isEditable":"1","isVisible":"y"}],"familyMemberDetails":{"isVisible":"y","familyMemberDetail":[{"familyMemberId":"222","memberName":"Nimisha Mirani","relationship":"Spouse","dOB":"18/10/1973","emailID":"","anniversary":"28/01/2012","contactNo":"1 9821211766","particulars":"","bloodGroup":""},{"familyMemberId":"2443","memberName":"Aditya","relationship":"Child","dOB":"26/08/1994","emailID":"","anniversary":"","contactNo":"","particulars":"","bloodGroup":""}]},"addressDetails":{"isResidanceAddrVisible":"y","isBusinessAddrVisible":"y","addressResult":[]}},{"masterID":"160","grpID":"1","profileID":"160","isAdmin":"yes","memberName":"Ms. Athira Biju","memberEmail":"-","memberMobile":"+91 8891657812","memberCountry":"India","profilePic":"","familyPic":null,"Branch_Id":"4","Branch_Name":"Cochin","isPersonalDetVisible":"yes","member_date_of_birth":null,"member_date_of_wedding":null,"personalMemberDetails":[],"businessMemberDetails":[{"fieldID":"0","uniquekey":"member_buss_email","key":"Email","value":"","colType":"Email","isEditable":"1","isVisible":"y"},{"fieldID":"0","uniquekey":"businessPosition","key":"Designation","value":"","colType":"Text","isEditable":"1","isVisible":"y"},{"fieldID":"0","uniquekey":"BusinessName","key":"Business Name","value":"","colType":"Text","isEditable":"1","isVisible":"y"}],"familyMemberDetails":{"isVisible":"y","familyMemberDetail":[]},"addressDetails":{"isResidanceAddrVisible":"y","isBusinessAddrVisible":"y","addressResult":[]}},{"masterID":"161","grpID":"1","profileID":"161","isAdmin":"yes","memberName":"Mr. Joseph Antony P P","memberEmail":"joseph_antony@chakiat.net","memberMobile":"+91 8592070601","memberCountry":"India","profilePic":"","familyPic":null,"Branch_Id":"4","Branch_Name":"Cochin","isPersonalDetVisible":"yes","member_date_of_birth":null,"member_date_of_wedding":null,"personalMemberDetails":[],"businessMemberDetails":[{"fieldID":"0","uniquekey":"member_buss_email","key":"Email","value":"","colType":"Email","isEditable":"1","isVisible":"y"},{"fieldID":"0","uniquekey":"businessPosition","key":"Designation","value":"","colType":"Text","isEditable":"1","isVisible":"y"},{"fieldID":"0","uniquekey":"BusinessName","key":"Business Name","value":"","colType":"Text","isEditable":"1","isVisible":"y"}],"familyMemberDetails":{"isVisible":"y","familyMemberDetail":[{"familyMemberId":"225","memberName":"Anuja Sariya","relationship":"Spouse","dOB":"13/06/1970","emailID":"","anniversary":"29/11/1993","contactNo":"1 9821872012","particulars":"","bloodGroup":"O+ Ve"}]},"addressDetails":{"isResidanceAddrVisible":"y","isBusinessAddrVisible":"y","addressResult":[]}}]}