{"MemberDetail":[{"masterID":"456","grpID":"1","profileID":"456","isAdmin":"yes","memberName":"Mr. Babu A","memberEmail":"arubab@rclgroup.com","memberMobile":"+91 9840915055","memberCountry":"India","profilePic":"","familyPic":null,"Branch_Id":"2","Branch_Name":"Chennai","isPersonalDetVisible":"yes","member_date_of_birth":null,"member_date_of_wedding":null,"personalMemberDetails":[],"businessMemberDetails":[{"fieldID":"0","uniquekey":"member_buss_email","key":"Email","value":"","colType":"Email","isEditable":"1","isVisible":"y"},{"fieldID":"0","uniquekey":"businessPosition","key":"Designation","value":"","colType":"Text","isEditable":"1","isVisible":"y"},{"fieldID":"0","uniquekey":"BusinessName","key":"Business Name","value":"","colType":"Text","isEditable":"1","isVisible":"y"}],"familyMemberDetails":{"isVisible":"y","familyMemberDetail":[{"familyMemberId":"734","memberName":"Poonam","relationship":"Spouse","dOB":"23/06/2013","emailID":"","anniversary":"15/01/2012","contactNo":"1 9820074331","particulars":"","bloodGroup":"O+"},{"familyMemberId":"735","memberName":"Rahul","relationship":"Child","dOB":"18/06/1997","emailID":"","anniversary":"","contactNo":"","particulars":"","bloodGroup":"B+ Ve"},{"familyMemberId":"736","memberName":"Tarun","relationship":"Child","dOB":"18/06/1997","emailID":"","anniversary":"","contactNo":"","particulars":"","bloodGroup":"B+ Ve"},{"familyMemberId":"740","memberName":"Trishna","relationship":"Child","dOB":"28/08/1999","emailID":"","anniversary":"","contactNo":"","particulars":"","bloodGroup":"B+ Ve"}]},"addressDetails":{"isResidanceAddrVisible":"y","isBusinessAddrVisible":"y","addressResult":[]}},{"masterID":"457","grpID":"1","profileID":"457","isAdmin":"yes","memberName":"Mr. Raja P","memberEmail":"parraj@rclgroup.com","memberMobile":"+91 9840271285","memberCountry":"India","profilePic":"","familyPic":null,"Branch_Id":"2","Branch_Name":"Chennai","isPersonalDetVisible":"yes","member_date_of_birth":null,"member_date_of_wedding":null,"personalMemberDetails":[],"businessMemberDetails":[{"fieldID":"0","uniquekey":"member_buss_email","key":"Email","value":"","colType":"Email","isEditable":"1","isVisible":"y"},{"fieldID":"0","uniquekey":"businessPosition","key":"Designation","value":"","colType":"Text","isEditable":"1","isVisible":"y"},{"fieldID":"0","uniquekey":"BusinessName","key":"Business Name","value":"","colType":"Text","isEditable":"1","isVisible":"y"}],"familyMemberDetails":{"isVisible":"y","familyMemberDetail":[{"familyMemberId":"738","memberName":"RANNRAMA KELA","relationship":"Spouse","dOB":"20/01/2012","emailID":"","anniversary":"09/05/2012","contactNo":"","particulars":"","bloodGroup":"O+ Ve"},{"familyMemberId":"741","memberName":"Sarvesh","relationship":"Son","dOB":"20/03/2013","emailID":"","anniversary":"","contactNo":"","particulars":"","bloodGroup":""},{"familyMemberId":"743","memberName":"Janvi","relationship":"Daughter","dOB":"11/03/2013","emailID":"","anniversary":"","contactNo":"","particulars":"","bloodGroup":""}]},"addressDetails":{"isResidanceAddrVisible":"y","isBusinessAddrVisible":"y","addressResult":[]}},{"masterID":"458","grpID":"1","profileID":"458","isAdmin":"yes","memberName":"Mr. Pramodh C","memberEmail":"pramod@rclgroup.com","memberMobile":"+91 9840930187","memberCountry":"India","profilePic":"","familyPic":null,"Branch_Id":"2","Branch_Name":"Chennai","isPersonalDetVisible":"yes","member_date_of_birth":null,"member_date_of_wedding":null,"personalMemberDetails":[],"businessMemberDetails":[{"fieldID":"0","uniquekey":"member_buss_email","key":"Email","value":"","colType":"Email","isEditable":"1","isVisible":"y"},{"fieldID":"0","uniquekey":"businessPosition","key":"Designation","value":"","colType":"Text","isEditable":"1","isVisible":"y"},{"fieldID":"0","uniquekey":"BusinessName","key":"Business Name","value":"","colType":"Text","isEditable":"1","isVisible":"y"}],"familyMemberDetails":{"isVisible":"y","familyMemberDetail":[{"familyMemberId":"7544","memberName":"Shobha","relationship":"Spouse","dOB":"24/08/2013","emailID":"","anniversary":"23/06/2013","contactNo":"1 9420256000","particulars":"","bloodGroup":""},{"familyMemberId":"7545","memberName":"Ritika","relationship":"Daughter","dOB":"05/02/2013","emailID":"","anniversary":"00/00/0000","contactNo":"","particulars":"","bloodGroup":""},{"familyMemberId":"7546","memberName":"Poras","relationship":"Son","dOB":"24/05/2013","emailID":"","anniversary":"00/00/0000","contactNo":"","particulars":"","bloodGroup":""}]},"addressDetails":{"isResidanceAddrVisible":"y","isBusinessAddrVisible":"y","addressResult":[]}},{"masterID":"461","grpID":"1","profileID":"461","isAdmin":"yes","memberName":"Mr. Vijaya Kumar J","memberEmail":"jayvij@rclgroup.com","memberMobile":"+91 9840982885","memberCountry":"India","profilePic":"","familyPic":null,"Branch_Id":"2","Branch_Name":"Chennai","isPersonalDetVisible":"yes","member_date_of_birth":null,"member_date_of_wedding":null,"personalMemberDetails":[],"businessMemberDetails":[{"fieldID":"0","uniquekey":"member_buss_email","key":"Email","value":"","colType":"Email","isEditable":"1","isVisible":"y"},{"fieldID":"0","uniquekey":"businessPosition","key":"Designation","value":"","colType":"Text","isEditable":"1","isVisible":"y"},{"fieldID":"0","uniquekey":"BusinessName","key":"Business Name","value":"","colType":"Text","isEditable":"1","isVisible":"y"}],"familyMemberDetails":{"isVisible":"y","familyMemberDetail":[{"familyMemberId":"748","memberName":"Suman Agarwal","relationship":"Spouse","dOB":"16/04/2013","emailID":"","anniversary":"10/03/1978","contactNo":"1 9920057649","particulars":"","bloodGroup":"O+"},{"familyMemberId":"749","memberName":"Akanksha","relationship":"Child","dOB":"22/01/2013","emailID":"","anniversary":"","contactNo":"","particulars":"","bloodGroup":""},{"familyMemberId":"751","memberName":"Aparna","relationship":"Child","dOB":"01/09/2013","emailID":"","anniversary":"","contactNo":"","particulars":"","bloodGroup":""},{"familyMemberId":"752","memberName":"Vidhi","relationship":"Child","dOB":"22/11/2013","emailID":"","anniversary":"","contactNo":"","particulars":"","bloodGroup":""}]},"addressDetails":{"isResidanceAddrVisible":"y","isBusinessAddrVisible":"y","addressResult":[]}},{"masterID":"463","grpID":"1","profileID":"463","isAdmin":"yes","memberName":"Mr. Arun Kumar J","memberEmail":"jayaru@rclgroup.com","memberMobile":"+91 9003012100","memberCountry":"India","profilePic":"","familyPic":null,"Branch_Id":"2","Branch_Name":"Chennai","isPersonalDetVisible":"yes","member_date_of_birth":null,"member_date_of_wedding":null,"personalMemberDetails":[],"businessMemberDetails":[{"fieldID":"0","uniquekey":"member_buss_email","key":"Email","value":"","colType":"Email","isEditable":"1","isVisible":"y"},{"fieldID":"0","uniquekey":"businessPosition","key":"Designation","value":"","colType":"Text","isEditable":"1","isVisible":"y"},{"fieldID":"0","uniquekey":"BusinessName","key":"Business Name","value":"","colType":"Text","isEditable":"1","isVisible":"y"}],"familyMemberDetails":{"isVisible":"y","familyMemberDetail":[{"familyMemberId":"754","memberName":"Mayuri","relationship":"Spouse","dOB":"23/02/2013","emailID":"","anniversary":"22/02/2012","contactNo":"1 9820239959","particulars":"","bloodGroup":"O+"},{"familyMemberId":"755","memberName":"Pranay","relationship":"Child","dOB":"29/03/2013","emailID":"","anniversary":"","contactNo":"","particulars":"","bloodGroup":""},{"familyMemberId":"756","memberName":"Kahini","relationship":"Child","dOB":"28/03/2013","emailID":"","anniversary":"","contactNo":"","particulars":"","bloodGroup":""}]},"addressDetails":{"isResidanceAddrVisible":"y","isBusinessAddrVisible":"y","addressResult":[]}},{"masterID":"464","grpID":"1","profileID":"464","isAdmin":"yes","memberName":"Mr. Sasi Kumar M","memberEmail":"sasmun@rclgroup.com","memberMobile":"+91 9940008093","memberCountry":"India","profilePic":"","familyPic":null,"Branch_Id":"2","Branch_Name":"Chennai","isPersonalDetVisible":"yes","member_date_of_birth":null,"member_date_of_wedding":null,"personalMemberDetails":[],"businessMemberDetails":[{"fieldID":"0","uniquekey":"member_buss_email","key":"Email","value":"","colType":"Email","isEditable":"1","isVisible":"y"},{"fieldID":"0","uniquekey":"businessPosition","key":"Designation","value":"","colType":"Text","isEditable":"1","isVisible":"y"},{"fieldID":"0","uniquekey":"BusinessName","key":"Business Name","value":"","colType":"Text","isEditable":"1","isVisible":"y"}],"familyMemberDetails":{"isVisible":"y","familyMemberDetail":[{"familyMemberId":"46888","memberName":"PADMASHRI ROOGE","relationship":"Spouse","dOB":"01/06/2012","emailID":"","anniversary":"28/04/2012","contactNo":"1 9890280052","particulars":"","bloodGroup":"A+ Ve"},{"familyMemberId":"46890","memberName":"PALLAVI ROOGE","relationship":"Daughter","dOB":"18/01/2012","emailID":"","anniversary":"","contactNo":"","particulars":"","bloodGroup":"--Select--"},{"familyMemberId":"46893","memberName":"PRATHMAESH ROOGE","relationship":"Son","dOB":"07/04/2012","emailID":"","anniversary":"","contactNo":"","particulars":"","bloodGroup":"--Select--"}]},"addressDetails":{"isResidanceAddrVisible":"y","isBusinessAddrVisible":"y","addressResult":[]}},{"masterID":"465","grpID":"1","profileID":"465","isAdmin":"yes","memberName":"Mr. Satheesh L","memberEmail":"satheesh@rclgroup.com","memberMobile":"+91 8754489289","memberCountry":"India","profilePic":"","familyPic":null,"Branch_Id":"2","Branch_Name":"Chennai","isPersonalDetVisible":"yes","member_date_of_birth":null,"member_date_of_wedding":null,"personalMemberDetails":[],"businessMemberDetails":[{"fieldID":"0","uniquekey":"member_buss_email","key":"Email","value":"","colType":"Email","isEditable":"1","isVisible":"y"},{"fieldID":"0","uniquekey":"businessPosition","key":"Designation","value":"","colType":"Text","isEditable":"1","isVisible":"y"},{"fieldID":"0","uniquekey":"BusinessName","key":"Business Name","value":"","colType":"Text","isEditable":"1","isVisible":"y"}],"familyMemberDetails":{"isVisible":"y","familyMemberDetail":[{"familyMemberId":"757","memberName":"Gopi Shah","relationship":"Spouse","dOB":"02/02/1968","emailID":"","anniversary":"02/02/2012","contactNo":"1 9820758789","particulars":"","bloodGroup":"- Select -"},{"familyMemberId":"758","memberName":"Anvi Shah","relationship":"Child","dOB":"26/06/1992","emailID":"","anniversary":"","contactNo":"","particulars":"","bloodGroup":""},{"familyMemberId":"760","memberName":"Diya Shah","relationship":"Child","dOB":"02/01/1997","emailID":"","anniversary":"","contactNo":"","particulars":"","bloodGroup":""}]},"addressDetails":{"isResidanceAddrVisible":"y","isBusinessAddrVisible":"y","addressResult":[]}},{"masterID":"469","grpID":"1","profileID":"469","isAdmin":"yes","memberName":"Mr. Ashok Kumar R","memberEmail":"rajkum2@rclgroup.com","memberMobile":"+91 8754403609","memberCountry":"India","profilePic":"","familyPic":null,"Branch_Id":"2","Branch_Name":"Chennai","isPersonalDetVisible":"yes","member_date_of_birth":null,"member_date_of_wedding":null,"personalMemberDetails":[],"businessMemberDetails":[{"fieldID":"0","uniquekey":"member_buss_email","key":"Email","value":"","colType":"Email","isEditable":"1","isVisible":"y"},{"fieldID":"0","uniquekey":"businessPosition","key":"Designation","value":"","colType":"Text","isEditable":"1","isVisible":"y"},{"fieldID":"0","uniquekey":"BusinessName","key":"Business Name","value":"","colType":"Text","isEditable":"1","isVisible":"y"}],"familyMemberDetails":{"isVisible":"y","familyMemberDetail":[{"familyMemberId":"770","memberName":"Theresa Patel","relationship":"Spouse","dOB":"26/02/2013","emailID":"","anniversary":"25/06/1983","contactNo":"1 9821063382","particulars":"","bloodGroup":"A+ Ve"},{"familyMemberId":"772","memberName":"Priyanka Patel","relationship":"Child","dOB":"24/09/1987","emailID":"","anniversary":"","contactNo":"","particulars":"","bloodGroup":""},{"familyMemberId":"773","memberName":"Anoushka Pate","relationship":"Child","dOB":"15/06/1991","emailID":"","anniversary":"","contactNo":"","particulars":"","bloodGroup":""}]},"addressDetails":{"isResidanceAddrVisible":"y","isBusinessAddrVisible":"y","addressResult":[]}},{"masterID":"470","grpID":"1","profileID":"470","isAdmin":"yes","memberName":"Mr. Kumar M","memberEmail":"munkum@rclgroup.com","memberMobile":"+91 9500081264","memberCountry":"India","profilePic":"","familyPic":null,"Branch_Id":"2","Branch_Name":"Chennai","isPersonalDetVisible":"yes","member_date_of_birth":null,"member_date_of_wedding":null,"personalMemberDetails":[],"businessMemberDetails":[{"fieldID":"0","uniquekey":"member_buss_email","key":"Email","value":"","colType":"Email","isEditable":"1","isVisible":"y"},{"fieldID":"0","uniquekey":"businessPosition","key":"Designation","value":"","colType":"Text","isEditable":"1","isVisible":"y"},{"fieldID":"0","uniquekey":"BusinessName","key":"Business Name","value":"","colType":"Text","isEditable":"1","isVisible":"y"}],"familyMemberDetails":{"isVisible":"y","familyMemberDetail":[]},"addressDetails":{"isResidanceAddrVisible":"y","isBusinessAddrVisible":"y","addressResult":[]}},{"masterID":"474","grpID":"1","profileID":"474","isAdmin":"yes","memberName":"Mr. Muthupandian S","memberEmail":"muthupandian.s@rclgroup.com","memberMobile":"","memberCountry":"India","profilePic":"","familyPic":null,"Branch_Id":"2","Branch_Name":"Chennai","isPersonalDetVisible":"yes","member_date_of_birth":null,"member_date_of_wedding":null,"personalMemberDetails":[],"businessMemberDetails":[{"fieldID":"0","uniquekey":"member_buss_email","key":"Email","value":"","colType":"Email","isEditable":"1","isVisible":"y"},{"fieldID":"0","uniquekey":"businessPosition","key":"Designation","value":"","colType":"Text","isEditable":"1","isVisible":"y"},{"fieldID":"0","uniquekey":"BusinessName","key":"Business Name","value":"","colType":"Text","isEditable":"1","isVisible":"y"}],"familyMemberDetails":{"isVisible":"y","familyMemberDetail":[]},"addressDetails":{"isResidanceAddrVisible":"y","isBusinessAddrVisible":"y","addressResult":[]}}]}