{"MemberDetail":[{"masterID":"400","grpID":"1","profileID":"400","isAdmin":"yes","memberName":"Mr. Dino Davis","memberEmail":"-","memberMobile":"+91 7592824950","memberCountry":"India","profilePic":"","familyPic":null,"Branch_Id":"4","Branch_Name":"Cochin","isPersonalDetVisible":"yes","member_date_of_birth":null,"member_date_of_wedding":null,"personalMemberDetails":[],"businessMemberDetails":[{"fieldID":"0","uniquekey":"member_buss_email","key":"Email","value":"","colType":"Email","isEditable":"1","isVisible":"y"},{"fieldID":"0","uniquekey":"businessPosition","key":"Designation","value":"","colType":"Text","isEditable":"1","isVisible":"y"},{"fieldID":"0","uniquekey":"BusinessName","key":"Business Name","value":"","colType":"Text","isEditable":"1","isVisible":"y"}],"familyMemberDetails":{"isVisible":"y","familyMemberDetail":[{"familyMemberId":"598","memberName":"Mrs. Yogini Mahadev Jogdhankar","relationship":"Spouse","dOB":"11/09/1972","emailID":"","anniversary":"18/11/2012","contactNo":"","particulars":"","bloodGroup":"B+ Ve"},{"familyMemberId":"599","memberName":"Mr. Varun Mahadev Jogdhankar","relationship":"Son","dOB":"05/05/2000","emailID":"","anniversary":"","contactNo":"","particulars":"","bloodGroup":"AB+ Ve"}]},"addressDetails":{"isResidanceAddrVisible":"y","isBusinessAddrVisible":"y","addressResult":[]}},{"masterID":"401","grpID":"1","profileID":"401","isAdmin":"yes","memberName":"Mr. Rajesh P J","memberEmail":"rajesh.jayaram@calogistics.net","memberMobile":"+91 9500048367","memberCountry":"India","profilePic":"","familyPic":null,"Branch_Id":"2","Branch_Name":"Chennai","isPersonalDetVisible":"yes","member_date_of_birth":null,"member_date_of_wedding":null,"personalMemberDetails":[],"businessMemberDetails":[{"fieldID":"0","uniquekey":"member_buss_email","key":"Email","value":"","colType":"Email","isEditable":"1","isVisible":"y"},{"fieldID":"0","uniquekey":"businessPosition","key":"Designation","value":"","colType":"Text","isEditable":"1","isVisible":"y"},{"fieldID":"0","uniquekey":"BusinessName","key":"Business Name","value":"","colType":"Text","isEditable":"1","isVisible":"y"}],"familyMemberDetails":{"isVisible":"y","familyMemberDetail":[{"familyMemberId":"601","memberName":"R/Ann.Trupti Udeshi","relationship":"Spouse","dOB":"01/10/2013","emailID":"","anniversary":"22/05/2013","contactNo":"1 9821457938","particulars":"","bloodGroup":"A+ Ve"},{"familyMemberId":"602","memberName":"Varun","relationship":"Son","dOB":"13/09/2013","emailID":"","anniversary":"","contactNo":"","particulars":"","bloodGroup":""},{"familyMemberId":"603","memberName":"Jyotika","relationship":"Daughter","dOB":"12/02/2013","emailID":"","anniversary":"","contactNo":"","particulars":"","bloodGroup":""}]},"addressDetails":{"isResidanceAddrVisible":"y","isBusinessAddrVisible":"y","addressResult":[]}},{"masterID":"404","grpID":"1","profileID":"404","isAdmin":"yes","memberName":"Ms. Prema Bai P","memberEmail":"prema@chakiat.net","memberMobile":"+91 9500067591","memberCountry":"India","profilePic":"","familyPic":null,"Branch_Id":"2","Branch_Name":"Chennai","isPersonalDetVisible":"yes","member_date_of_birth":null,"member_date_of_wedding":null,"personalMemberDetails":[],"businessMemberDetails":[{"fieldID":"0","uniquekey":"member_buss_email","key":"Email","value":"","colType":"Email","isEditable":"1","isVisible":"y"},{"fieldID":"0","uniquekey":"businessPosition","key":"Designation","value":"","colType":"Text","isEditable":"1","isVisible":"y"},{"fieldID":"0","uniquekey":"BusinessName","key":"Business Name","value":"","colType":"Text","isEditable":"1","isVisible":"y"}],"familyMemberDetails":{"isVisible":"y","familyMemberDetail":[{"familyMemberId":"610","memberName":"RADHIKA MEHRA","relationship":"Spouse","dOB":"07/03/2012","emailID":"","anniversary":"25/09/2012","contactNo":"1 9820027183","particulars":"","bloodGroup":"B+ Ve"},{"familyMemberId":"611","memberName":"YUVRAJ MEHRA","relationship":"Child","dOB":"28/09/2012","emailID":"","anniversary":"","contactNo":"","particulars":"","bloodGroup":""},{"familyMemberId":"612","memberName":"TANIKA MEHRA","relationship":"Child","dOB":"08/10/2012","emailID":"","anniversary":"","contactNo":"","particulars":"","bloodGroup":""}]},"addressDetails":{"isResidanceAddrVisible":"y","isBusinessAddrVisible":"y","addressResult":[]}},{"masterID":"414","grpID":"1","profileID":"414","isAdmin":"yes","memberName":"Mr. Dinesh K","memberEmail":"dinesh@calogistics.net","memberMobile":"+91 7338808222","memberCountry":"India","profilePic":"","familyPic":null,"Branch_Id":"2","Branch_Name":"Chennai","isPersonalDetVisible":"yes","member_date_of_birth":null,"member_date_of_wedding":null,"personalMemberDetails":[],"businessMemberDetails":[{"fieldID":"0","uniquekey":"member_buss_email","key":"Email","value":"","colType":"Email","isEditable":"1","isVisible":"y"},{"fieldID":"0","uniquekey":"businessPosition","key":"Designation","value":"","colType":"Text","isEditable":"1","isVisible":"y"},{"fieldID":"0","uniquekey":"BusinessName","key":"Business Name","value":"","colType":"Text","isEditable":"1","isVisible":"y"}],"familyMemberDetails":{"isVisible":"y","familyMemberDetail":[{"familyMemberId":"631","memberName":"NEHA JAIN","relationship":"Spouse","dOB":"15/11/2012","emailID":"","anniversary":"08/02/2012","contactNo":"","particulars":"","bloodGroup":""},{"familyMemberId":"632","memberName":"Aashi","relationship":"Daughter","dOB":"27/04/2013","emailID":"","anniversary":"","contactNo":"","particulars":"","bloodGroup":""},{"familyMemberId":"634","memberName":"Esha","relationship":"Daughter","dOB":"26/04/2013","emailID":"","anniversary":"","contactNo":"","particulars":"","bloodGroup":""}]},"addressDetails":{"isResidanceAddrVisible":"y","isBusinessAddrVisible":"y","addressResult":[]}},{"masterID":"415","grpID":"1","profileID":"415","isAdmin":"yes","memberName":"Mr. Anto Fernando A","memberEmail":"anto@chakiat.net","memberMobile":"","memberCountry":"India","profilePic":"","familyPic":null,"Branch_Id":"3","Branch_Name":"Tuticorin","isPersonalDetVisible":"yes","member_date_of_birth":null,"member_date_of_wedding":null,"personalMemberDetails":[],"businessMemberDetails":[{"fieldID":"0","uniquekey":"member_buss_email","key":"Email","value":"","colType":"Email","isEditable":"1","isVisible":"y"},{"fieldID":"0","uniquekey":"businessPosition","key":"Designation","value":"","colType":"Text","isEditable":"1","isVisible":"y"},{"fieldID":"0","uniquekey":"BusinessName","key":"Business Name","value":"","colType":"Text","isEditable":"1","isVisible":"y"}],"familyMemberDetails":{"isVisible":"y","familyMemberDetail":[{"familyMemberId":"633","memberName":"VATSALA","relationship":"Spouse","dOB":"29/02/2012","emailID":"","anniversary":"08/12/2012","contactNo":"1 9820517511","particulars":"","bloodGroup":"B- Ve"},{"familyMemberId":"635","memberName":"Priyanka","relationship":"Child","dOB":"30/04/1993","emailID":"","anniversary":"","contactNo":"","particulars":"","bloodGroup":""},{"familyMemberId":"636","memberName":"Harsh Vardhan","relationship":"Child","dOB":"06/11/1995","emailID":"","anniversary":"","contactNo":"","particulars":"","bloodGroup":""}]},"addressDetails":{"isResidanceAddrVisible":"y","isBusinessAddrVisible":"y","addressResult":[]}},{"masterID":"417","grpID":"1","profileID":"417","isAdmin":"yes","memberName":"Mr. Albert Paul K","memberEmail":"albert@chakiat.net","memberMobile":"","memberCountry":"India","profilePic":"","familyPic":null,"Branch_Id":"3","Branch_Name":"Tuticorin","isPersonalDetVisible":"yes","member_date_of_birth":null,"member_date_of_wedding":null,"personalMemberDetails":[],"businessMemberDetails":[{"fieldID":"0","uniquekey":"member_buss_email","key":"Email","value":"","colType":"Email","isEditable":"1","isVisible":"y"},{"fieldID":"0","uniquekey":"businessPosition","key":"Designation","value":"","colType":"Text","isEditable":"1","isVisible":"y"},{"fieldID":"0","uniquekey":"BusinessName","key":"Business Name","value":"","colType":"Text","isEditable":"1","isVisible":"y"}],"familyMemberDetails":{"isVisible":"y","familyMemberDetail":[{"familyMemberId":"640","memberName":"Sangeeta","relationship":"Spouse","dOB":"16/11/2013","emailID":"","anniversary":"09/03/2013","contactNo":"1 9820660666","particulars":"","bloodGroup":""},{"familyMemberId":"641","memberName":"Sharan","relationship":"Child","dOB":"01/02/2013","emailID":"","anniversary":"","contactNo":"","particulars":"","bloodGroup":""}]},"addressDetails":{"isResidanceAddrVisible":"y","isBusinessAddrVisible":"y","addressResult":[]}},{"masterID":"418","grpID":"1","profileID":"418","isAdmin":"yes","memberName":"Mr. Maharajan K","memberEmail":"maharajan@chakiat.net","memberMobile":"","memberCountry":"India","profilePic":"","familyPic":null,"Branch_Id":"3","Branch_Name":"Tuticorin","isPersonalDetVisible":"yes","member_date_of_birth":null,"member_date_of_wedding":null,"personalMemberDetails":[],"businessMemberDetails":[{"fieldID":"0","uniquekey":"member_buss_email","key":"Email","value":"","colType":"Email","isEditable":"1","isVisible":"y"},{"fieldID":"0","uniquekey":"businessPosition","key":"Designation","value":"","colType":"Text","isEditable":"1","isVisible":"y"},{"fieldID":"0","uniquekey":"BusinessName","key":"Business Name","value":"","colType":"Text","isEditable":"1","isVisible":"y"}],"familyMemberDetails":{"isVisible":"y","familyMemberDetail":[{"familyMemberId":"642","memberName":"Asmita Devendu Mehta","relationship":"Spouse","dOB":"20/11/1954","emailID":"","anniversary":"16/01/2013","contactNo":"1 9323237026","particulars":"","bloodGroup":"A+ Ve"},{"familyMemberId":"643","memberName":"Shail Mehta","relationship":"Child","dOB":"07/07/1987","emailID":"","anniversary":"","contactNo":"","particulars":"","bloodGroup":""},{"familyMemberId":"644","memberName":"Radhi mehta","relationship":"Child","dOB":"20/07/1982","emailID":"","anniversary":"","contactNo":"","particulars":"","bloodGroup":""}]},"addressDetails":{"isResidanceAddrVisible":"y","isBusinessAddrVisible":"y","addressResult":[]}},{"masterID":"419","grpID":"1","profileID":"419","isAdmin":"yes","memberName":"Mr. Rajesh G","memberEmail":"rajesh@calogistics.net","memberMobile":"+91 9840298862","memberCountry":"India","profilePic":"","familyPic":null,"Branch_Id":"2","Branch_Name":"Chennai","isPersonalDetVisible":"yes","member_date_of_birth":null,"member_date_of_wedding":null,"personalMemberDetails":[],"businessMemberDetails":[{"fieldID":"0","uniquekey":"member_buss_email","key":"Email","value":"","colType":"Email","isEditable":"1","isVisible":"y"},{"fieldID":"0","uniquekey":"businessPosition","key":"Designation","value":"","colType":"Text","isEditable":"1","isVisible":"y"},{"fieldID":"0","uniquekey":"BusinessName","key":"Business Name","value":"","colType":"Text","isEditable":"1","isVisible":"y"}],"familyMemberDetails":{"isVisible":"y","familyMemberDetail":[{"familyMemberId":"41649","memberName":"JATIN","relationship":"Spouse","dOB":"02/11/2012","emailID":"","anniversary":"14/02/2012","contactNo":"","particulars":"","bloodGroup":""},{"familyMemberId":"41651","memberName":"MRUNAL","relationship":"Child","dOB":"10/05/2012","emailID":"","anniversary":"","contactNo":"","particulars":"","bloodGroup":""},{"familyMemberId":"41653","memberName":"PRATHAM","relationship":"Child","dOB":"01/03/2012","emailID":"","anniversary":"","contactNo":"","particulars":"","bloodGroup":""}]},"addressDetails":{"isResidanceAddrVisible":"y","isBusinessAddrVisible":"y","addressResult":[]}},{"masterID":"420","grpID":"1","profileID":"420","isAdmin":"yes","memberName":"Mr. Siva G A","memberEmail":"siva@calogistics.net","memberMobile":"+91 9003228333","memberCountry":"India","profilePic":"","familyPic":null,"Branch_Id":"2","Branch_Name":"Chennai","isPersonalDetVisible":"yes","member_date_of_birth":null,"member_date_of_wedding":null,"personalMemberDetails":[],"businessMemberDetails":[{"fieldID":"0","uniquekey":"member_buss_email","key":"Email","value":"","colType":"Email","isEditable":"1","isVisible":"y"},{"fieldID":"0","uniquekey":"businessPosition","key":"Designation","value":"","colType":"Text","isEditable":"1","isVisible":"y"},{"fieldID":"0","uniquekey":"BusinessName","key":"Business Name","value":"","colType":"Text","isEditable":"1","isVisible":"y"}],"familyMemberDetails":{"isVisible":"y","familyMemberDetail":[{"familyMemberId":"646","memberName":"Rohini Joshi","relationship":"Spouse","dOB":"04/02/2013","emailID":"","anniversary":"08/05/2012","contactNo":"1 9323105841","particulars":"","bloodGroup":"B+ Ve"},{"familyMemberId":"647","memberName":"Aditya Joshi","relationship":"Child","dOB":"01/07/1973","emailID":"","anniversary":"","contactNo":"","particulars":"","bloodGroup":""},{"familyMemberId":"649","memberName":"Kunal joshi","relationship":"Child","dOB":"24/01/1977","emailID":"","anniversary":"","contactNo":"","particulars":"","bloodGroup":""}]},"addressDetails":{"isResidanceAddrVisible":"y","isBusinessAddrVisible":"y","addressResult":[]}},{"masterID":"421","grpID":"1","profileID":"421","isAdmin":"yes","memberName":"Mr. Boomesh Raja Jeyaramachandran","memberEmail":"boomesh@calogistics.net","memberMobile":"","memberCountry":"India","profilePic":"","familyPic":null,"Branch_Id":"3","Branch_Name":"Tuticorin","isPersonalDetVisible":"yes","member_date_of_birth":null,"member_date_of_wedding":null,"personalMemberDetails":[],"businessMemberDetails":[{"fieldID":"0","uniquekey":"member_buss_email","key":"Email","value":"","colType":"Email","isEditable":"1","isVisible":"y"},{"fieldID":"0","uniquekey":"businessPosition","key":"Designation","value":"","colType":"Text","isEditable":"1","isVisible":"y"},{"fieldID":"0","uniquekey":"BusinessName","key":"Business Name","value":"","colType":"Text","isEditable":"1","isVisible":"y"}],"familyMemberDetails":{"isVisible":"y","familyMemberDetail":[{"familyMemberId":"650","memberName":"R/Ann.Seema Taparia","relationship":"Spouse","dOB":"27/10/2013","emailID":"","anniversary":"24/05/2012","contactNo":"1 9819337645","particulars":"","bloodGroup":"B+ Ve"},{"familyMemberId":"651","memberName":"Ritu","relationship":"Daughter","dOB":"26/03/2013","emailID":"","anniversary":"","contactNo":"","particulars":"","bloodGroup":""},{"familyMemberId":"653","memberName":"Mridu","relationship":"Daughter","dOB":"28/04/2013","emailID":"","anniversary":"","contactNo":"","particulars":"","bloodGroup":""}]},"addressDetails":{"isResidanceAddrVisible":"y","isBusinessAddrVisible":"y","addressResult":[]}}]}