{"MemberDetail":[{"masterID":"312","grpID":"1","profileID":"312","isAdmin":"yes","memberName":"Mr. Padagalingam D","memberEmail":"lingam@chakiat.net","memberMobile":"+91 9789775451","memberCountry":"India","profilePic":"","familyPic":null,"Branch_Id":"3","Branch_Name":"Tuticorin","isPersonalDetVisible":"yes","member_date_of_birth":null,"member_date_of_wedding":null,"personalMemberDetails":[],"businessMemberDetails":[{"fieldID":"0","uniquekey":"member_buss_email","key":"Email","value":"","colType":"Email","isEditable":"1","isVisible":"y"},{"fieldID":"0","uniquekey":"businessPosition","key":"Designation","value":"","colType":"Text","isEditable":"1","isVisible":"y"},{"fieldID":"0","uniquekey":"BusinessName","key":"Business Name","value":"","colType":"Text","isEditable":"1","isVisible":"y"}],"familyMemberDetails":{"isVisible":"y","familyMemberDetail":[{"familyMemberId":"58181","memberName":"VIMMY","relationship":"Spouse","dOB":"","emailID":"","anniversary":"09/10/2012","contactNo":"","particulars":"","bloodGroup":""}]},"addressDetails":{"isResidanceAddrVisible":"y","isBusinessAddrVisible":"y","addressResult":[]}},{"masterID":"314","grpID":"1","profileID":"314","isAdmin":"yes","memberName":"Mr. David Ponnudaiyar S","memberEmail":"s_david@chakiat.net","memberMobile":"+91 9677784603","memberCountry":"India","profilePic":"","familyPic":null,"Branch_Id":"3","Branch_Name":"Tuticorin","isPersonalDetVisible":"yes","member_date_of_birth":null,"member_date_of_wedding":null,"personalMemberDetails":[],"businessMemberDetails":[{"fieldID":"0","uniquekey":"member_buss_email","key":"Email","value":"","colType":"Email","isEditable":"1","isVisible":"y"},{"fieldID":"0","uniquekey":"businessPosition","key":"Designation","value":"","colType":"Text","isEditable":"1","isVisible":"y"},{"fieldID":"0","uniquekey":"BusinessName","key":"Business Name","value":"","colType":"Text","isEditable":"1","isVisible":"y"}],"familyMemberDetails":{"isVisible":"y","familyMemberDetail":[{"familyMemberId":"423","memberName":"Nisha","relationship":"Spouse","dOB":"02/09/2013","emailID":"","anniversary":"25/02/2013","contactNo":"1 9820318001","particulars":"","bloodGroup":""},{"familyMemberId":"424","memberName":"Ronak","relationship":"Child","dOB":"15/05/2013","emailID":"","anniversary":"","contactNo":"","particulars":"","bloodGroup":""},{"familyMemberId":"425","memberName":"Somil","relationship":"Child","dOB":"09/07/2013","emailID":"","anniversary":"","contactNo":"","particulars":"","bloodGroup":""}]},"addressDetails":{"isResidanceAddrVisible":"y","isBusinessAddrVisible":"y","addressResult":[]}},{"masterID":"315","grpID":"1","profileID":"315","isAdmin":"yes","memberName":"Mr. Anil Kumar K","memberEmail":"anil@chakiat.net","memberMobile":"+91 9769109804","memberCountry":"India","profilePic":"","familyPic":null,"Branch_Id":"9","Branch_Name":"Mumbai","isPersonalDetVisible":"yes","member_date_of_birth":null,"member_date_of_wedding":null,"personalMemberDetails":[],"businessMemberDetails":[{"fieldID":"0","uniquekey":"member_buss_email","key":"Email","value":"","colType":"Email","isEditable":"1","isVisible":"y"},{"fieldID":"0","uniquekey":"businessPosition","key":"Designation","value":"","colType":"Text","isEditable":"1","isVisible":"y"},{"fieldID":"0","uniquekey":"BusinessName","key":"Business Name","value":"","colType":"Text","isEditable":"1","isVisible":"y"}],"familyMemberDetails":{"isVisible":"y","familyMemberDetail":[{"familyMemberId":"426","memberName":"Anandi","relationship":"Spouse","dOB":"19/04/2013","emailID":"","anniversary":"06/04/2012","contactNo":"","particulars":"","bloodGroup":""},{"familyMemberId":"427","memberName":"Poorvi","relationship":"Daughter","dOB":"18/03/2013","emailID":"","anniversary":"","contactNo":"","particulars":"","bloodGroup":""},{"familyMemberId":"428","memberName":"Pratik","relationship":"Son","dOB":"17/07/2013","emailID":"","anniversary":"","contactNo":"","particulars":"","bloodGroup":""}]},"addressDetails":{"isResidanceAddrVisible":"y","isBusinessAddrVisible":"y","addressResult":[]}},{"masterID":"316","grpID":"1","profileID":"316","isAdmin":"yes","memberName":"Ms. Shylaja N","memberEmail":"shylaja@chakiat.net","memberMobile":"+91 9845950807","memberCountry":"India","profilePic":"","familyPic":null,"Branch_Id":"1","Branch_Name":"Bangalore","isPersonalDetVisible":"yes","member_date_of_birth":null,"member_date_of_wedding":null,"personalMemberDetails":[],"businessMemberDetails":[{"fieldID":"0","uniquekey":"member_buss_email","key":"Email","value":"","colType":"Email","isEditable":"1","isVisible":"y"},{"fieldID":"0","uniquekey":"businessPosition","key":"Designation","value":"","colType":"Text","isEditable":"1","isVisible":"y"},{"fieldID":"0","uniquekey":"BusinessName","key":"Business Name","value":"","colType":"Text","isEditable":"1","isVisible":"y"}],"familyMemberDetails":{"isVisible":"y","familyMemberDetail":[{"familyMemberId":"429","memberName":"HARJINDER","relationship":"Spouse","dOB":"24/01/2012","emailID":"","anniversary":"21/11/2012","contactNo":"1 9821174548","particulars":"","bloodGroup":"B+ Ve"},{"familyMemberId":"430","memberName":"PAWANJIT","relationship":"Child","dOB":"05/11/2012","emailID":"","anniversary":"","contactNo":"","particulars":"","bloodGroup":"B+ Ve"},{"familyMemberId":"431","memberName":"RITIKA","relationship":"Child","dOB":"23/10/2012","emailID":"","anniversary":"","contactNo":"","particulars":"","bloodGroup":"B+ Ve"}]},"addressDetails":{"isResidanceAddrVisible":"y","isBusinessAddrVisible":"y","addressResult":[]}},{"masterID":"317","grpID":"1","profileID":"317","isAdmin":"yes","memberName":"Mr. Joshua Thangaiah A","memberEmail":"joshua@chakiat.net","memberMobile":"+91 9944966053","memberCountry":"India","profilePic":"","familyPic":null,"Branch_Id":"3","Branch_Name":"Tuticorin","isPersonalDetVisible":"yes","member_date_of_birth":null,"member_date_of_wedding":null,"personalMemberDetails":[],"businessMemberDetails":[{"fieldID":"0","uniquekey":"member_buss_email","key":"Email","value":"","colType":"Email","isEditable":"1","isVisible":"y"},{"fieldID":"0","uniquekey":"businessPosition","key":"Designation","value":"","colType":"Text","isEditable":"1","isVisible":"y"},{"fieldID":"0","uniquekey":"BusinessName","key":"Business Name","value":"","colType":"Text","isEditable":"1","isVisible":"y"}],"familyMemberDetails":{"isVisible":"y","familyMemberDetail":[{"familyMemberId":"432","memberName":"Kaushika","relationship":"Spouse","dOB":"06/10/2013","emailID":"","anniversary":"28/04/2013","contactNo":"1 9821031378","particulars":"","bloodGroup":""},{"familyMemberId":"435","memberName":"Harsh","relationship":"Son","dOB":"03/12/2013","emailID":"","anniversary":"","contactNo":"","particulars":"","bloodGroup":""},{"familyMemberId":"437","memberName":"Karan","relationship":"Son","dOB":"05/01/2013","emailID":"","anniversary":"","contactNo":"","particulars":"","bloodGroup":""}]},"addressDetails":{"isResidanceAddrVisible":"y","isBusinessAddrVisible":"y","addressResult":[]}},{"masterID":"319","grpID":"1","profileID":"319","isAdmin":"yes","memberName":"Mr. Jasper N","memberEmail":"jasper@chakiat.net","memberMobile":"+91 9677782602","memberCountry":"India","profilePic":"","familyPic":null,"Branch_Id":"3","Branch_Name":"Tuticorin","isPersonalDetVisible":"yes","member_date_of_birth":null,"member_date_of_wedding":null,"personalMemberDetails":[],"businessMemberDetails":[{"fieldID":"0","uniquekey":"member_buss_email","key":"Email","value":"","colType":"Email","isEditable":"1","isVisible":"y"},{"fieldID":"0","uniquekey":"businessPosition","key":"Designation","value":"","colType":"Text","isEditable":"1","isVisible":"y"},{"fieldID":"0","uniquekey":"BusinessName","key":"Business Name","value":"","colType":"Text","isEditable":"1","isVisible":"y"}],"familyMemberDetails":{"isVisible":"y","familyMemberDetail":[{"familyMemberId":"434","memberName":"HEMANGINI DESAI","relationship":"Spouse","dOB":"09/05/2012","emailID":"","anniversary":"15/06/2012","contactNo":"1 9322252769","particulars":"","bloodGroup":""}]},"addressDetails":{"isResidanceAddrVisible":"y","isBusinessAddrVisible":"y","addressResult":[]}},{"masterID":"321","grpID":"1","profileID":"321","isAdmin":"yes","memberName":"Mr. Indu Sekhar A R","memberEmail":"indusekhar@chakiat.net","memberMobile":"+91 9502054005","memberCountry":"India","profilePic":"","familyPic":null,"Branch_Id":"7","Branch_Name":"Hyderabad","isPersonalDetVisible":"yes","member_date_of_birth":null,"member_date_of_wedding":null,"personalMemberDetails":[],"businessMemberDetails":[{"fieldID":"0","uniquekey":"member_buss_email","key":"Email","value":"","colType":"Email","isEditable":"1","isVisible":"y"},{"fieldID":"0","uniquekey":"businessPosition","key":"Designation","value":"","colType":"Text","isEditable":"1","isVisible":"y"},{"fieldID":"0","uniquekey":"BusinessName","key":"Business Name","value":"","colType":"Text","isEditable":"1","isVisible":"y"}],"familyMemberDetails":{"isVisible":"y","familyMemberDetail":[{"familyMemberId":"439","memberName":"RIMPLE JHAVERI","relationship":"Spouse","dOB":"17/12/2012","emailID":"","anniversary":"19/02/2012","contactNo":"","particulars":"","bloodGroup":"B+ Ve"}]},"addressDetails":{"isResidanceAddrVisible":"y","isBusinessAddrVisible":"y","addressResult":[]}},{"masterID":"323","grpID":"1","profileID":"323","isAdmin":"yes","memberName":"Mr. Mervin Rajesh S","memberEmail":"mervin@chakiat.net","memberMobile":"+91 9894652604","memberCountry":"India","profilePic":"","familyPic":null,"Branch_Id":"5","Branch_Name":"Coimbatore","isPersonalDetVisible":"yes","member_date_of_birth":null,"member_date_of_wedding":null,"personalMemberDetails":[],"businessMemberDetails":[{"fieldID":"0","uniquekey":"member_buss_email","key":"Email","value":"","colType":"Email","isEditable":"1","isVisible":"y"},{"fieldID":"0","uniquekey":"businessPosition","key":"Designation","value":"","colType":"Text","isEditable":"1","isVisible":"y"},{"fieldID":"0","uniquekey":"BusinessName","key":"Business Name","value":"","colType":"Text","isEditable":"1","isVisible":"y"}],"familyMemberDetails":{"isVisible":"y","familyMemberDetail":[{"familyMemberId":"440","memberName":"Jalpa","relationship":"Spouse","dOB":"10/10/2013","emailID":"","anniversary":"10/02/2012","contactNo":"1 9821044355","particulars":"","bloodGroup":"B+ Ve"},{"familyMemberId":"441","memberName":"Priyal","relationship":"Child","dOB":"17/12/2013","emailID":"","anniversary":"","contactNo":"","particulars":"","bloodGroup":""},{"familyMemberId":"442","memberName":"Dharil","relationship":"Child","dOB":"15/08/2013","emailID":"","anniversary":"","contactNo":"","particulars":"","bloodGroup":""}]},"addressDetails":{"isResidanceAddrVisible":"y","isBusinessAddrVisible":"y","addressResult":[]}},{"masterID":"324","grpID":"1","profileID":"324","isAdmin":"yes","memberName":"Ms. Raja Rajeswari V","memberEmail":"afsys@chakiat.net","memberMobile":"+91 9952320360","memberCountry":"India","profilePic":"","familyPic":null,"Branch_Id":"3","Branch_Name":"Tuticorin","isPersonalDetVisible":"yes","member_date_of_birth":null,"member_date_of_wedding":null,"personalMemberDetails":[],"businessMemberDetails":[{"fieldID":"0","uniquekey":"member_buss_email","key":"Email","value":"","colType":"Email","isEditable":"1","isVisible":"y"},{"fieldID":"0","uniquekey":"businessPosition","key":"Designation","value":"","colType":"Text","isEditable":"1","isVisible":"y"},{"fieldID":"0","uniquekey":"BusinessName","key":"Business Name","value":"","colType":"Text","isEditable":"1","isVisible":"y"}],"familyMemberDetails":{"isVisible":"y","familyMemberDetail":[{"familyMemberId":"443","memberName":"Bindu Chauhan","relationship":"Spouse","dOB":"28/08/1965","emailID":"","anniversary":"28/08/1965","contactNo":"1 9322140460","particulars":"","bloodGroup":"B+ Ve"},{"familyMemberId":"445","memberName":"Rishi Chauhan","relationship":"Child","dOB":"27/03/1999","emailID":"","anniversary":"","contactNo":"","particulars":"","bloodGroup":""},{"familyMemberId":"446","memberName":"Ria Chauhan","relationship":"Child","dOB":"30/01/1991","emailID":"","anniversary":"","contactNo":"","particulars":"","bloodGroup":""}]},"addressDetails":{"isResidanceAddrVisible":"y","isBusinessAddrVisible":"y","addressResult":[]}},{"masterID":"326","grpID":"1","profileID":"326","isAdmin":"yes","memberName":"Mr. Nalla Ganesan M","memberEmail":"nallaganesan@chakiat.net","memberMobile":"+91 8870798004","memberCountry":"India","profilePic":"","familyPic":null,"Branch_Id":"3","Branch_Name":"Tuticorin","isPersonalDetVisible":"yes","member_date_of_birth":null,"member_date_of_wedding":null,"personalMemberDetails":[],"businessMemberDetails":[{"fieldID":"0","uniquekey":"member_buss_email","key":"Email","value":"","colType":"Email","isEditable":"1","isVisible":"y"},{"fieldID":"0","uniquekey":"businessPosition","key":"Designation","value":"","colType":"Text","isEditable":"1","isVisible":"y"},{"fieldID":"0","uniquekey":"BusinessName","key":"Business Name","value":"","colType":"Text","isEditable":"1","isVisible":"y"}],"familyMemberDetails":{"isVisible":"y","familyMemberDetail":[{"familyMemberId":"450","memberName":"KALPANA KHIRA","relationship":"Spouse","dOB":"02/12/2012","emailID":"","anniversary":"20/03/2012","contactNo":"","particulars":"kakhira@gmail.com","bloodGroup":"B+ Ve"},{"familyMemberId":"451","memberName":"Deep Khira","relationship":"Child","dOB":"23/03/1985","emailID":"","anniversary":"","contactNo":"","particulars":"","bloodGroup":""},{"familyMemberId":"452","memberName":"Meet Khira","relationship":"Child","dOB":"09/01/1989","emailID":"","anniversary":"","contactNo":"","particulars":"","bloodGroup":""}]},"addressDetails":{"isResidanceAddrVisible":"y","isBusinessAddrVisible":"y","addressResult":[]}}]}