{"MemberDetail":[{"masterID":"21","grpID":"1","profileID":"21","isAdmin":"yes","memberName":"Mr. Thanuj Kumar N S","memberEmail":"cnf_blore@chakiat.net","memberMobile":"+91 9243187740","memberCountry":"India","profilePic":"","familyPic":null,"Branch_Id":"1","Branch_Name":"Bangalore","isPersonalDetVisible":"yes","member_date_of_birth":null,"member_date_of_wedding":null,"personalMemberDetails":[{"fieldID":"0","uniquekey":"profileID","key":"","value":"21","colType":"","isEditable":"1","isVisible":"y"},{"fieldID":"0","uniquekey":"member_name","key":"Name","value":"Mr. Thanuj Kumar N S","colType":"Text","isEditable":"1","isVisible":"y"},{"fieldID":"0","uniquekey":"member_email_id","key":"Email","value":"cnf_blore@chakiat.net","colType":"Email","isEditable":"1","isVisible":"y"},{"fieldID":"0","uniquekey":"memberMobile","key":"","value":"+91 9243187740","colType":"","isEditable":"1","isVisible":"y"},{"fieldID":"0","uniquekey":"memberCountry","key":"","value":"India","colType":"","isEditable":"1","isVisible":"y"},{"fieldID":"0","uniquekey":"member_date_of_birth","key":"Birthday","value":"","colType":"Date","isEditable":"1","isVisible":"y"},{"fieldID":"0","uniquekey":"member_date_of_wedding","key":"Anniversary","value":"","colType":"Date","isEditable":"1","isVisible":"y"},{"fieldID":"0","uniquekey":"Employee_Code_One","key":"","value":"CA00353","colType":"","isEditable":"1","isVisible":"y"},{"fieldID":"0","uniquekey":"First_Level_of_Reporting_Name","key":"","value":"Harish R M","colType":"","isEditable":"1","isVisible":"y"},{"fieldID":"0","uniquekey":"Employee_Code_2","key":"","value":"CAPL00048","colType":"","isEditable":"1","isVisible":"y"},{"fieldID":"0","uniquekey":"Second_LevelofReportingName","key":"","value":"Dominic Sunil Jacobie","colType":"","isEditable":"1","isVisible":"y"},{"fieldID":"0","uniquekey":"UHID","key":"","value":"IL17898285800","colType":"","isEditable":"1","isVisible":"y"},{"fieldID":"0","uniquekey":"Official_Landline_No","key":"","value":"","colType":"","isEditable":"1","isVisible":"y"},{"fieldID":"0","uniquekey":"Second_Official_Landline_No","key":"","value":"","colType":"","isEditable":"1","isVisible":"y"},{"fieldID":"0","uniquekey":"Date_of_Joining","key":"","value":"2008-10-01","colType":"","isEditable":"1","isVisible":"y"},{"fieldID":"0","uniquekey":"Fk_Dept_ID","key":"","value":"2","colType":"","isEditable":"1","isVisible":"y"},{"fieldID":"0","uniquekey":"Fk_FunctionalRole_Id","key":"","value":"3","colType":"","isEditable":"1","isVisible":"y"},{"fieldID":"0","uniquekey":"fk_EntityName_id","key":"","value":"1","colType":"","isEditable":"1","isVisible":"y"},{"fieldID":"0","uniquekey":"fk_designation_id","key":"","value":"9","colType":"","isEditable":"1","isVisible":"y"},{"fieldID":"0","uniquekey":"department_Name","key":"","value":"Export","colType":"","isEditable":"1","isVisible":"y"},{"fieldID":"0","uniquekey":"functionalrole_Name","key":"","value":"Documentation","colType":"","isEditable":"1","isVisible":"y"},{"fieldID":"0","uniquekey":"Entity_Name","key":"","value":"CA","colType":"","isEditable":"1","isVisible":"y"},{"fieldID":"0","uniquekey":"Designation_Name","key":"","value":"Documentation Assistant","colType":"","isEditable":"1","isVisible":"y"},{"fieldID":"0","uniquekey":"Employee_Code","key":"","value":"CA00081","colType":"","isEditable":"1","isVisible":"y"},{"fieldID":"0","uniquekey":"Branch_Id","key":"","value":"1","colType":"","isEditable":"1","isVisible":"y"},{"fieldID":"0","uniquekey":"Branch_Name","key":"","value":"Bangalore","colType":"","isEditable":"1","isVisible":"y"}],"businessMemberDetails":[{"fieldID":"0","uniquekey":"member_buss_email","key":"Email","value":"","colType":"Email","isEditable":"1","isVisible":"y"},{"fieldID":"0","uniquekey":"businessPosition","key":"Designation","value":"","colType":"Text","isEditable":"1","isVisible":"y"},{"fieldID":"0","uniquekey":"BusinessName","key":"Business Name","value":"","colType":"Text","isEditable":"1","isVisible":"y"}],"familyMemberDetails":{"isVisible":"y","familyMemberDetail":[{"familyMemberId":"38","memberName":"SWARA ARANKE","relationship":"Daughter","dOB":"13/01/2012","emailID":"","anniversary":"","contactNo":"","particulars":"","bloodGroup":"O+ Ve"},{"familyMemberId":"39","memberName":"CHAITI ARANKE","relationship":"Daughter","dOB":"14/06/2012","emailID":"","anniversary":"","contactNo":"","particulars":"","bloodGroup":"O+ Ve"},{"familyMemberId":"41","memberName":"SANGEETA ARANKE","relationship":"Spouse","dOB":"27/02/2012","emailID":"","anniversary":"30/12/2012","contactNo":"1 9821058342","particulars":"","bloodGroup":"O- Ve"}]},"addressDetails":{"isResidanceAddrVisible":"y","isBusinessAddrVisible":"y","addressResult":[]}},{"masterID":"22","grpID":"1","profileID":"22","isAdmin":"yes","memberName":"Mr. Prabhat Kumar T Sahu","memberEmail":"-","memberMobile":"+91 9769109810","memberCountry":"India","profilePic":"","familyPic":null,"Branch_Id":"9","Branch_Name":"Mumbai","isPersonalDetVisible":"yes","member_date_of_birth":null,"member_date_of_wedding":null,"personalMemberDetails":[{"fieldID":"0","uniquekey":"profileID","key":"","value":"22","colType":"","isEditable":"1","isVisible":"y"},{"fieldID":"0","uniquekey":"member_name","key":"Name","value":"Mr. Prabhat Kumar T Sahu","colType":"Text","isEditable":"1","isVisible":"y"},{"fieldID":"0","uniquekey":"member_email_id","key":"Email","value":"-","colType":"Email","isEditable":"1","isVisible":"y"},{"fieldID":"0","uniquekey":"memberMobile","key":"","value":"+91 9769109810","colType":"","isEditable":"1","isVisible":"y"},{"fieldID":"0","uniquekey":"memberCountry","key":"","value":"India","colType":"","isEditable":"1","isVisible":"y"},{"fieldID":"0","uniquekey":"member_date_of_birth","key":"Birthday","value":"","colType":"Date","isEditable":"1","isVisible":"y"},{"fieldID":"0","uniquekey":"member_date_of_wedding","key":"Anniversary","value":"","colType":"Date","isEditable":"1","isVisible":"y"},{"fieldID":"0","uniquekey":"Employee_Code_One","key":"","value":"PRP0032","colType":"","isEditable":"1","isVisible":"y"},{"fieldID":"0","uniquekey":"First_Level_of_Reporting_Name","key":"","value":"Sethumadhavan G Nair","colType":"","isEditable":"1","isVisible":"y"},{"fieldID":"0","uniquekey":"Employee_Code_2","key":"","value":"CSSPL00080","colType":"","isEditable":"1","isVisible":"y"},{"fieldID":"0","uniquekey":"Second_LevelofReportingName","key":"","value":"Shankar Menon  P","colType":"","isEditable":"1","isVisible":"y"},{"fieldID":"0","uniquekey":"UHID","key":"","value":"IL17898279500","colType":"","isEditable":"1","isVisible":"y"},{"fieldID":"0","uniquekey":"Official_Landline_No","key":"","value":"","colType":"","isEditable":"1","isVisible":"y"},{"fieldID":"0","uniquekey":"Second_Official_Landline_No","key":"","value":"","colType":"","isEditable":"1","isVisible":"y"},{"fieldID":"0","uniquekey":"Date_of_Joining","key":"","value":"2009-03-04","colType":"","isEditable":"1","isVisible":"y"},{"fieldID":"0","uniquekey":"Fk_Dept_ID","key":"","value":"10","colType":"","isEditable":"1","isVisible":"y"},{"fieldID":"0","uniquekey":"Fk_FunctionalRole_Id","key":"","value":"8","colType":"","isEditable":"1","isVisible":"y"},{"fieldID":"0","uniquekey":"fk_EntityName_id","key":"","value":"1","colType":"","isEditable":"1","isVisible":"y"},{"fieldID":"0","uniquekey":"fk_designation_id","key":"","value":"12","colType":"","isEditable":"1","isVisible":"y"},{"fieldID":"0","uniquekey":"department_Name","key":"","value":"Import","colType":"","isEditable":"1","isVisible":"y"},{"fieldID":"0","uniquekey":"functionalrole_Name","key":"","value":"Operations","colType":"","isEditable":"1","isVisible":"y"},{"fieldID":"0","uniquekey":"Entity_Name","key":"","value":"CA","colType":"","isEditable":"1","isVisible":"y"},{"fieldID":"0","uniquekey":"Designation_Name","key":"","value":"Executive - Operations","colType":"","isEditable":"1","isVisible":"y"},{"fieldID":"0","uniquekey":"Employee_Code","key":"","value":"CA00086","colType":"","isEditable":"1","isVisible":"y"},{"fieldID":"0","uniquekey":"Branch_Id","key":"","value":"9","colType":"","isEditable":"1","isVisible":"y"},{"fieldID":"0","uniquekey":"Branch_Name","key":"","value":"Mumbai","colType":"","isEditable":"1","isVisible":"y"}],"businessMemberDetails":[{"fieldID":"0","uniquekey":"member_buss_email","key":"Email","value":"","colType":"Email","isEditable":"1","isVisible":"y"},{"fieldID":"0","uniquekey":"businessPosition","key":"Designation","value":"","colType":"Text","isEditable":"1","isVisible":"y"},{"fieldID":"0","uniquekey":"BusinessName","key":"Business Name","value":"","colType":"Text","isEditable":"1","isVisible":"y"}],"familyMemberDetails":{"isVisible":"y","familyMemberDetail":[{"familyMemberId":"31099","memberName":"MEENA TRIVEDI","relationship":"Spouse","dOB":"03/08/2012","emailID":"","anniversary":"05/07/2012","contactNo":"","particulars":"","bloodGroup":""}]},"addressDetails":{"isResidanceAddrVisible":"y","isBusinessAddrVisible":"y","addressResult":[]}},{"masterID":"23","grpID":"1","profileID":"23","isAdmin":"yes","memberName":"Mr. Kannan P","memberEmail":"OPSCBE@CHAKIAT.NET","memberMobile":"+91 9600982605","memberCountry":"India","profilePic":"","familyPic":null,"Branch_Id":"5","Branch_Name":"Coimbatore","isPersonalDetVisible":"yes","member_date_of_birth":null,"member_date_of_wedding":null,"personalMemberDetails":[{"fieldID":"0","uniquekey":"profileID","key":"","value":"23","colType":"","isEditable":"1","isVisible":"y"},{"fieldID":"0","uniquekey":"member_name","key":"Name","value":"Mr. Kannan P","colType":"Text","isEditable":"1","isVisible":"y"},{"fieldID":"0","uniquekey":"member_email_id","key":"Email","value":"OPSCBE@CHAKIAT.NET","colType":"Email","isEditable":"1","isVisible":"y"},{"fieldID":"0","uniquekey":"memberMobile","key":"","value":"+91 9600982605","colType":"","isEditable":"1","isVisible":"y"},{"fieldID":"0","uniquekey":"memberCountry","key":"","value":"India","colType":"","isEditable":"1","isVisible":"y"},{"fieldID":"0","uniquekey":"member_date_of_birth","key":"Birthday","value":"","colType":"Date","isEditable":"1","isVisible":"y"},{"fieldID":"0","uniquekey":"member_date_of_wedding","key":"Anniversary","value":"","colType":"Date","isEditable":"1","isVisible":"y"},{"fieldID":"0","uniquekey":"Employee_Code_One","key":"","value":"CAPL00084","colType":"","isEditable":"1","isVisible":"y"},{"fieldID":"0","uniquekey":"First_Level_of_Reporting_Name","key":"","value":"David Solomon Raj D","colType":"","isEditable":"1","isVisible":"y"},{"fieldID":"0","uniquekey":"Employee_Code_2","key":"","value":"CAPL00072","colType":"","isEditable":"1","isVisible":"y"},{"fieldID":"0","uniquekey":"Second_LevelofReportingName","key":"","value":"Jeyanth Jason Thomas P","colType":"","isEditable":"1","isVisible":"y"},{"fieldID":"0","uniquekey":"UHID","key":"","value":"IL17898276100","colType":"","isEditable":"1","isVisible":"y"},{"fieldID":"0","uniquekey":"Official_Landline_No","key":"","value":"","colType":"","isEditable":"1","isVisible":"y"},{"fieldID":"0","uniquekey":"Second_Official_Landline_No","key":"","value":"","colType":"","isEditable":"1","isVisible":"y"},{"fieldID":"0","uniquekey":"Date_of_Joining","key":"","value":"1996-12-09","colType":"","isEditable":"1","isVisible":"y"},{"fieldID":"0","uniquekey":"Fk_Dept_ID","key":"","value":"4","colType":"","isEditable":"1","isVisible":"y"},{"fieldID":"0","uniquekey":"Fk_FunctionalRole_Id","key":"","value":"3","colType":"","isEditable":"1","isVisible":"y"},{"fieldID":"0","uniquekey":"fk_EntityName_id","key":"","value":"1","colType":"","isEditable":"1","isVisible":"y"},{"fieldID":"0","uniquekey":"fk_designation_id","key":"","value":"31","colType":"","isEditable":"1","isVisible":"y"},{"fieldID":"0","uniquekey":"department_Name","key":"","value":"Operations","colType":"","isEditable":"1","isVisible":"y"},{"fieldID":"0","uniquekey":"functionalrole_Name","key":"","value":"Documentation","colType":"","isEditable":"1","isVisible":"y"},{"fieldID":"0","uniquekey":"Entity_Name","key":"","value":"CA","colType":"","isEditable":"1","isVisible":"y"},{"fieldID":"0","uniquekey":"Designation_Name","key":"","value":"Executive","colType":"","isEditable":"1","isVisible":"y"},{"fieldID":"0","uniquekey":"Employee_Code","key":"","value":"CA00091","colType":"","isEditable":"1","isVisible":"y"},{"fieldID":"0","uniquekey":"Branch_Id","key":"","value":"5","colType":"","isEditable":"1","isVisible":"y"},{"fieldID":"0","uniquekey":"Branch_Name","key":"","value":"Coimbatore","colType":"","isEditable":"1","isVisible":"y"}],"businessMemberDetails":[{"fieldID":"0","uniquekey":"member_buss_email","key":"Email","value":"","colType":"Email","isEditable":"1","isVisible":"y"},{"fieldID":"0","uniquekey":"businessPosition","key":"Designation","value":"","colType":"Text","isEditable":"1","isVisible":"y"},{"fieldID":"0","uniquekey":"BusinessName","key":"Business Name","value":"","colType":"Text","isEditable":"1","isVisible":"y"}],"familyMemberDetails":{"isVisible":"y","familyMemberDetail":[{"familyMemberId":"35","memberName":"NIDHI LIKHITE","relationship":"Daughter","dOB":"06/09/2019","emailID":"","anniversary":"","contactNo":"","particulars":"","bloodGroup":""},{"familyMemberId":"36","memberName":"MAITREYEE LIKHITE","relationship":"Daughter","dOB":"26/07/2019","emailID":"","anniversary":"","contactNo":"","particulars":"","bloodGroup":""},{"familyMemberId":"37","memberName":"NILESH LIKHITE","relationship":"Spouse","dOB":"29/04/2019","emailID":"","anniversary":"24/11/2019","contactNo":"","particulars":"","bloodGroup":""}]},"addressDetails":{"isResidanceAddrVisible":"y","isBusinessAddrVisible":"y","addressResult":[]}},{"masterID":"24","grpID":"1","profileID":"24","isAdmin":"yes","memberName":"Mr. Ramesh D","memberEmail":"ramesh@chakiat.net","memberMobile":"+91 8754022607","memberCountry":"India","profilePic":"","familyPic":null,"Branch_Id":"5","Branch_Name":"Coimbatore","isPersonalDetVisible":"yes","member_date_of_birth":null,"member_date_of_wedding":null,"personalMemberDetails":[{"fieldID":"0","uniquekey":"profileID","key":"","value":"24","colType":"","isEditable":"1","isVisible":"y"},{"fieldID":"0","uniquekey":"member_name","key":"Name","value":"Mr. Ramesh D","colType":"Text","isEditable":"1","isVisible":"y"},{"fieldID":"0","uniquekey":"member_email_id","key":"Email","value":"ramesh@chakiat.net","colType":"Email","isEditable":"1","isVisible":"y"},{"fieldID":"0","uniquekey":"memberMobile","key":"","value":"+91 8754022607","colType":"","isEditable":"1","isVisible":"y"},{"fieldID":"0","uniquekey":"memberCountry","key":"","value":"India","colType":"","isEditable":"1","isVisible":"y"},{"fieldID":"0","uniquekey":"member_date_of_birth","key":"Birthday","value":"","colType":"Date","isEditable":"1","isVisible":"y"},{"fieldID":"0","uniquekey":"member_date_of_wedding","key":"Anniversary","value":"","colType":"Date","isEditable":"1","isVisible":"y"},{"fieldID":"0","uniquekey":"Employee_Code_One","key":"","value":"CAPL00084","colType":"","isEditable":"1","isVisible":"y"},{"fieldID":"0","uniquekey":"First_Level_of_Reporting_Name","key":"","value":"David Solomon Raj D","colType":"","isEditable":"1","isVisible":"y"},{"fieldID":"0","uniquekey":"Employee_Code_2","key":"","value":"CAPL00072","colType":"","isEditable":"1","isVisible":"y"},{"fieldID":"0","uniquekey":"Second_LevelofReportingName","key":"","value":"Jeyanth Jason Thomas P","colType":"","isEditable":"1","isVisible":"y"},{"fieldID":"0","uniquekey":"UHID","key":"","value":"IL17898283000","colType":"","isEditable":"1","isVisible":"y"},{"fieldID":"0","uniquekey":"Official_Landline_No","key":"","value":"","colType":"","isEditable":"1","isVisible":"y"},{"fieldID":"0","uniquekey":"Second_Official_Landline_No","key":"","value":"","colType":"","isEditable":"1","isVisible":"y"},{"fieldID":"0","uniquekey":"Date_of_Joining","key":"","value":"2008-01-09","colType":"","isEditable":"1","isVisible":"y"},{"fieldID":"0","uniquekey":"Fk_Dept_ID","key":"","value":"4","colType":"","isEditable":"1","isVisible":"y"},{"fieldID":"0","uniquekey":"Fk_FunctionalRole_Id","key":"","value":"3","colType":"","isEditable":"1","isVisible":"y"},{"fieldID":"0","uniquekey":"fk_EntityName_id","key":"","value":"1","colType":"","isEditable":"1","isVisible":"y"},{"fieldID":"0","uniquekey":"fk_designation_id","key":"","value":"31","colType":"","isEditable":"1","isVisible":"y"},{"fieldID":"0","uniquekey":"department_Name","key":"","value":"Operations","colType":"","isEditable":"1","isVisible":"y"},{"fieldID":"0","uniquekey":"functionalrole_Name","key":"","value":"Documentation","colType":"","isEditable":"1","isVisible":"y"},{"fieldID":"0","uniquekey":"Entity_Name","key":"","value":"CA","colType":"","isEditable":"1","isVisible":"y"},{"fieldID":"0","uniquekey":"Designation_Name","key":"","value":"Executive","colType":"","isEditable":"1","isVisible":"y"},{"fieldID":"0","uniquekey":"Employee_Code","key":"","value":"CA00094","colType":"","isEditable":"1","isVisible":"y"},{"fieldID":"0","uniquekey":"Branch_Id","key":"","value":"5","colType":"","isEditable":"1","isVisible":"y"},{"fieldID":"0","uniquekey":"Branch_Name","key":"","value":"Coimbatore","colType":"","isEditable":"1","isVisible":"y"}],"businessMemberDetails":[{"fieldID":"0","uniquekey":"member_buss_email","key":"Email","value":"","colType":"Email","isEditable":"1","isVisible":"y"},{"fieldID":"0","uniquekey":"businessPosition","key":"Designation","value":"","colType":"Text","isEditable":"1","isVisible":"y"},{"fieldID":"0","uniquekey":"BusinessName","key":"Business Name","value":"","colType":"Text","isEditable":"1","isVisible":"y"}],"familyMemberDetails":{"isVisible":"y","familyMemberDetail":[{"familyMemberId":"112","memberName":"ASAIF PREMJI","relationship":"Son","dOB":"27/07/2012","emailID":"","anniversary":"04/01/2012","contactNo":"","particulars":"","bloodGroup":""},{"familyMemberId":"33645","memberName":"SUMEHRA PREMJI","relationship":"Daughter","dOB":"25/07/2012","emailID":"","anniversary":"15/05/2012","contactNo":"","particulars":"","bloodGroup":""},{"familyMemberId":"33646","memberName":"REHNA PREMJI","relationship":"Daughter","dOB":"16/10/2012","emailID":"","anniversary":"20/02/2012","contactNo":"","particulars":"","bloodGroup":""},{"familyMemberId":"33653","memberName":"KARIMA PREMJI","relationship":"Spouse","dOB":"27/08/2012","emailID":"","anniversary":"12/02/2012","contactNo":"1 9619904075","particulars":"","bloodGroup":"B+ Ve"},{"familyMemberId":"68018","memberName":"Nouveen","relationship":"Daughter-in-law","dOB":"15/11/2018","emailID":"","anniversary":"04/01/2018","contactNo":"","particulars":"","bloodGroup":""}]},"addressDetails":{"isResidanceAddrVisible":"y","isBusinessAddrVisible":"y","addressResult":[]}},{"masterID":"25","grpID":"1","profileID":"25","isAdmin":"yes","memberName":"Mr. Vinod A","memberEmail":"a_vinod@chakiat.net","memberMobile":"+91 8754022608","memberCountry":"India","profilePic":"","familyPic":null,"Branch_Id":"5","Branch_Name":"Coimbatore","isPersonalDetVisible":"yes","member_date_of_birth":null,"member_date_of_wedding":null,"personalMemberDetails":[{"fieldID":"0","uniquekey":"profileID","key":"","value":"25","colType":"","isEditable":"1","isVisible":"y"},{"fieldID":"0","uniquekey":"member_name","key":"Name","value":"Mr. Vinod A","colType":"Text","isEditable":"1","isVisible":"y"},{"fieldID":"0","uniquekey":"member_email_id","key":"Email","value":"a_vinod@chakiat.net","colType":"Email","isEditable":"1","isVisible":"y"},{"fieldID":"0","uniquekey":"memberMobile","key":"","value":"+91 8754022608","colType":"","isEditable":"1","isVisible":"y"},{"fieldID":"0","uniquekey":"memberCountry","key":"","value":"India","colType":"","isEditable":"1","isVisible":"y"},{"fieldID":"0","uniquekey":"member_date_of_birth","key":"Birthday","value":"","colType":"Date","isEditable":"1","isVisible":"y"},{"fieldID":"0","uniquekey":"member_date_of_wedding","key":"Anniversary","value":"","colType":"Date","isEditable":"1","isVisible":"y"},{"fieldID":"0","uniquekey":"Employee_Code_One","key":"","value":"CAPL00084","colType":"","isEditable":"1","isVisible":"y"},{"fieldID":"0","uniquekey":"First_Level_of_Reporting_Name","key":"","value":"David Solomon Raj D","colType":"","isEditable":"1","isVisible":"y"},{"fieldID":"0","uniquekey":"Employee_Code_2","key":"","value":"CAPL00072","colType":"","isEditable":"1","isVisible":"y"},{"fieldID":"0","uniquekey":"Second_LevelofReportingName","key":"","value":"Jeyanth Jason Thomas P","colType":"","isEditable":"1","isVisible":"y"},{"fieldID":"0","uniquekey":"UHID","key":"","value":"IL17898295200","colType":"","isEditable":"1","isVisible":"y"},{"fieldID":"0","uniquekey":"Official_Landline_No","key":"","value":"","colType":"","isEditable":"1","isVisible":"y"},{"fieldID":"0","uniquekey":"Second_Official_Landline_No","key":"","value":"","colType":"","isEditable":"1","isVisible":"y"},{"fieldID":"0","uniquekey":"Date_of_Joining","key":"","value":"2008-10-16","colType":"","isEditable":"1","isVisible":"y"},{"fieldID":"0","uniquekey":"Fk_Dept_ID","key":"","value":"5","colType":"","isEditable":"1","isVisible":"y"},{"fieldID":"0","uniquekey":"Fk_FunctionalRole_Id","key":"","value":"15","colType":"","isEditable":"1","isVisible":"y"},{"fieldID":"0","uniquekey":"fk_EntityName_id","key":"","value":"1","colType":"","isEditable":"1","isVisible":"y"},{"fieldID":"0","uniquekey":"fk_designation_id","key":"","value":"25","colType":"","isEditable":"1","isVisible":"y"},{"fieldID":"0","uniquekey":"department_Name","key":"","value":"Sales","colType":"","isEditable":"1","isVisible":"y"},{"fieldID":"0","uniquekey":"functionalrole_Name","key":"","value":"Commercial and Maintenance","colType":"","isEditable":"1","isVisible":"y"},{"fieldID":"0","uniquekey":"Entity_Name","key":"","value":"CA","colType":"","isEditable":"1","isVisible":"y"},{"fieldID":"0","uniquekey":"Designation_Name","key":"","value":"Senior Executive","colType":"","isEditable":"1","isVisible":"y"},{"fieldID":"0","uniquekey":"Employee_Code","key":"","value":"CA00095","colType":"","isEditable":"1","isVisible":"y"},{"fieldID":"0","uniquekey":"Branch_Id","key":"","value":"5","colType":"","isEditable":"1","isVisible":"y"},{"fieldID":"0","uniquekey":"Branch_Name","key":"","value":"Coimbatore","colType":"","isEditable":"1","isVisible":"y"}],"businessMemberDetails":[{"fieldID":"0","uniquekey":"member_buss_email","key":"Email","value":"","colType":"Email","isEditable":"1","isVisible":"y"},{"fieldID":"0","uniquekey":"businessPosition","key":"Designation","value":"","colType":"Text","isEditable":"1","isVisible":"y"},{"fieldID":"0","uniquekey":"BusinessName","key":"Business Name","value":"","colType":"Text","isEditable":"1","isVisible":"y"}],"familyMemberDetails":{"isVisible":"y","familyMemberDetail":[]},"addressDetails":{"isResidanceAddrVisible":"y","isBusinessAddrVisible":"y","addressResult":[]}},{"masterID":"26","grpID":"1","profileID":"26","isAdmin":"yes","memberName":"Mr. Perachi Selvam S","memberEmail":"sp_selvam@chakiat.net","memberMobile":"+91 9944415730","memberCountry":"India","profilePic":"","familyPic":null,"Branch_Id":"3","Branch_Name":"Tuticorin","isPersonalDetVisible":"yes","member_date_of_birth":null,"member_date_of_wedding":null,"personalMemberDetails":[{"fieldID":"0","uniquekey":"profileID","key":"","value":"26","colType":"","isEditable":"1","isVisible":"y"},{"fieldID":"0","uniquekey":"member_name","key":"Name","value":"Mr. Perachi Selvam S","colType":"Text","isEditable":"1","isVisible":"y"},{"fieldID":"0","uniquekey":"member_email_id","key":"Email","value":"sp_selvam@chakiat.net","colType":"Email","isEditable":"1","isVisible":"y"},{"fieldID":"0","uniquekey":"memberMobile","key":"","value":"+91 9944415730","colType":"","isEditable":"1","isVisible":"y"},{"fieldID":"0","uniquekey":"memberCountry","key":"","value":"India","colType":"","isEditable":"1","isVisible":"y"},{"fieldID":"0","uniquekey":"member_date_of_birth","key":"Birthday","value":"","colType":"Date","isEditable":"1","isVisible":"y"},{"fieldID":"0","uniquekey":"member_date_of_wedding","key":"Anniversary","value":"","colType":"Date","isEditable":"1","isVisible":"y"},{"fieldID":"0","uniquekey":"Employee_Code_One","key":"","value":"PRP0028","colType":"","isEditable":"1","isVisible":"y"},{"fieldID":"0","uniquekey":"First_Level_of_Reporting_Name","key":"","value":"Ebanezer SM","colType":"","isEditable":"1","isVisible":"y"},{"fieldID":"0","uniquekey":"Employee_Code_2","key":"","value":"CAPL00072","colType":"","isEditable":"1","isVisible":"y"},{"fieldID":"0","uniquekey":"Second_LevelofReportingName","key":"","value":"Jeyanth Jason Thomas P","colType":"","isEditable":"1","isVisible":"y"},{"fieldID":"0","uniquekey":"UHID","key":"","value":"IL17898286100","colType":"","isEditable":"1","isVisible":"y"},{"fieldID":"0","uniquekey":"Official_Landline_No","key":"","value":"04614252628","colType":"","isEditable":"1","isVisible":"y"},{"fieldID":"0","uniquekey":"Second_Official_Landline_No","key":"","value":"","colType":"","isEditable":"1","isVisible":"y"},{"fieldID":"0","uniquekey":"Date_of_Joining","key":"","value":"1995-05-01","colType":"","isEditable":"1","isVisible":"y"},{"fieldID":"0","uniquekey":"Fk_Dept_ID","key":"","value":"10","colType":"","isEditable":"1","isVisible":"y"},{"fieldID":"0","uniquekey":"Fk_FunctionalRole_Id","key":"","value":"25","colType":"","isEditable":"1","isVisible":"y"},{"fieldID":"0","uniquekey":"fk_EntityName_id","key":"","value":"1","colType":"","isEditable":"1","isVisible":"y"},{"fieldID":"0","uniquekey":"fk_designation_id","key":"","value":"25","colType":"","isEditable":"1","isVisible":"y"},{"fieldID":"0","uniquekey":"department_Name","key":"","value":"Import","colType":"","isEditable":"1","isVisible":"y"},{"fieldID":"0","uniquekey":"functionalrole_Name","key":"","value":"Customs","colType":"","isEditable":"1","isVisible":"y"},{"fieldID":"0","uniquekey":"Entity_Name","key":"","value":"CA","colType":"","isEditable":"1","isVisible":"y"},{"fieldID":"0","uniquekey":"Designation_Name","key":"","value":"Senior Executive","colType":"","isEditable":"1","isVisible":"y"},{"fieldID":"0","uniquekey":"Employee_Code","key":"","value":"CA00100","colType":"","isEditable":"1","isVisible":"y"},{"fieldID":"0","uniquekey":"Branch_Id","key":"","value":"3","colType":"","isEditable":"1","isVisible":"y"},{"fieldID":"0","uniquekey":"Branch_Name","key":"","value":"Tuticorin","colType":"","isEditable":"1","isVisible":"y"}],"businessMemberDetails":[{"fieldID":"0","uniquekey":"member_buss_email","key":"Email","value":"","colType":"Email","isEditable":"1","isVisible":"y"},{"fieldID":"0","uniquekey":"businessPosition","key":"Designation","value":"","colType":"Text","isEditable":"1","isVisible":"y"},{"fieldID":"0","uniquekey":"BusinessName","key":"Business Name","value":"","colType":"Text","isEditable":"1","isVisible":"y"}],"familyMemberDetails":{"isVisible":"y","familyMemberDetail":[]},"addressDetails":{"isResidanceAddrVisible":"y","isBusinessAddrVisible":"y","addressResult":[]}},{"masterID":"27","grpID":"1","profileID":"27","isAdmin":"yes","memberName":"Mr. Salaicius K","memberEmail":"salai@chakiat.net","memberMobile":"+91 9789772608","memberCountry":"India","profilePic":"","familyPic":null,"Branch_Id":"3","Branch_Name":"Tuticorin","isPersonalDetVisible":"yes","member_date_of_birth":null,"member_date_of_wedding":null,"personalMemberDetails":[{"fieldID":"0","uniquekey":"profileID","key":"","value":"27","colType":"","isEditable":"1","isVisible":"y"},{"fieldID":"0","uniquekey":"member_name","key":"Name","value":"Mr. Salaicius K","colType":"Text","isEditable":"1","isVisible":"y"},{"fieldID":"0","uniquekey":"member_email_id","key":"Email","value":"salai@chakiat.net","colType":"Email","isEditable":"1","isVisible":"y"},{"fieldID":"0","uniquekey":"memberMobile","key":"","value":"+91 9789772608","colType":"","isEditable":"1","isVisible":"y"},{"fieldID":"0","uniquekey":"memberCountry","key":"","value":"India","colType":"","isEditable":"1","isVisible":"y"},{"fieldID":"0","uniquekey":"member_date_of_birth","key":"Birthday","value":"","colType":"Date","isEditable":"1","isVisible":"y"},{"fieldID":"0","uniquekey":"member_date_of_wedding","key":"Anniversary","value":"","colType":"Date","isEditable":"1","isVisible":"y"},{"fieldID":"0","uniquekey":"Employee_Code_One","key":"","value":"PRP0028","colType":"","isEditable":"1","isVisible":"y"},{"fieldID":"0","uniquekey":"First_Level_of_Reporting_Name","key":"","value":"Ebanezer SM","colType":"","isEditable":"1","isVisible":"y"},{"fieldID":"0","uniquekey":"Employee_Code_2","key":"","value":"CAPL00072","colType":"","isEditable":"1","isVisible":"y"},{"fieldID":"0","uniquekey":"Second_LevelofReportingName","key":"","value":"Jeyanth Jason Thomas P","colType":"","isEditable":"1","isVisible":"y"},{"fieldID":"0","uniquekey":"UHID","key":"","value":"IL17898291600","colType":"","isEditable":"1","isVisible":"y"},{"fieldID":"0","uniquekey":"Official_Landline_No","key":"","value":"04614252634","colType":"","isEditable":"1","isVisible":"y"},{"fieldID":"0","uniquekey":"Second_Official_Landline_No","key":"","value":"","colType":"","isEditable":"1","isVisible":"y"},{"fieldID":"0","uniquekey":"Date_of_Joining","key":"","value":"1996-01-01","colType":"","isEditable":"1","isVisible":"y"},{"fieldID":"0","uniquekey":"Fk_Dept_ID","key":"","value":"2","colType":"","isEditable":"1","isVisible":"y"},{"fieldID":"0","uniquekey":"Fk_FunctionalRole_Id","key":"","value":"2","colType":"","isEditable":"1","isVisible":"y"},{"fieldID":"0","uniquekey":"fk_EntityName_id","key":"","value":"1","colType":"","isEditable":"1","isVisible":"y"},{"fieldID":"0","uniquekey":"fk_designation_id","key":"","value":"60","colType":"","isEditable":"1","isVisible":"y"},{"fieldID":"0","uniquekey":"department_Name","key":"","value":"Export","colType":"","isEditable":"1","isVisible":"y"},{"fieldID":"0","uniquekey":"functionalrole_Name","key":"","value":"Customer Service","colType":"","isEditable":"1","isVisible":"y"},{"fieldID":"0","uniquekey":"Entity_Name","key":"","value":"CA","colType":"","isEditable":"1","isVisible":"y"},{"fieldID":"0","uniquekey":"Designation_Name","key":"","value":"Sr Executive - Docs & Customer Service","colType":"","isEditable":"1","isVisible":"y"},{"fieldID":"0","uniquekey":"Employee_Code","key":"","value":"CA00101","colType":"","isEditable":"1","isVisible":"y"},{"fieldID":"0","uniquekey":"Branch_Id","key":"","value":"3","colType":"","isEditable":"1","isVisible":"y"},{"fieldID":"0","uniquekey":"Branch_Name","key":"","value":"Tuticorin","colType":"","isEditable":"1","isVisible":"y"}],"businessMemberDetails":[{"fieldID":"0","uniquekey":"member_buss_email","key":"Email","value":"","colType":"Email","isEditable":"1","isVisible":"y"},{"fieldID":"0","uniquekey":"businessPosition","key":"Designation","value":"","colType":"Text","isEditable":"1","isVisible":"y"},{"fieldID":"0","uniquekey":"BusinessName","key":"Business Name","value":"","colType":"Text","isEditable":"1","isVisible":"y"}],"familyMemberDetails":{"isVisible":"y","familyMemberDetail":[]},"addressDetails":{"isResidanceAddrVisible":"y","isBusinessAddrVisible":"y","addressResult":[]}},{"masterID":"28","grpID":"1","profileID":"28","isAdmin":"yes","memberName":"Mr. Ganesh Kumar A S","memberEmail":"ganeshkumar@chakiat.net","memberMobile":"+91 9842318575","memberCountry":"India","profilePic":"","familyPic":null,"Branch_Id":"3","Branch_Name":"Tuticorin","isPersonalDetVisible":"yes","member_date_of_birth":null,"member_date_of_wedding":null,"personalMemberDetails":[{"fieldID":"0","uniquekey":"profileID","key":"","value":"28","colType":"","isEditable":"1","isVisible":"y"},{"fieldID":"0","uniquekey":"member_name","key":"Name","value":"Mr. Ganesh Kumar A S","colType":"Text","isEditable":"1","isVisible":"y"},{"fieldID":"0","uniquekey":"member_email_id","key":"Email","value":"ganeshkumar@chakiat.net","colType":"Email","isEditable":"1","isVisible":"y"},{"fieldID":"0","uniquekey":"memberMobile","key":"","value":"+91 9842318575","colType":"","isEditable":"1","isVisible":"y"},{"fieldID":"0","uniquekey":"memberCountry","key":"","value":"India","colType":"","isEditable":"1","isVisible":"y"},{"fieldID":"0","uniquekey":"member_date_of_birth","key":"Birthday","value":"","colType":"Date","isEditable":"1","isVisible":"y"},{"fieldID":"0","uniquekey":"member_date_of_wedding","key":"Anniversary","value":"","colType":"Date","isEditable":"1","isVisible":"y"},{"fieldID":"0","uniquekey":"Employee_Code_One","key":"","value":"CAPL00079","colType":"","isEditable":"1","isVisible":"y"},{"fieldID":"0","uniquekey":"First_Level_of_Reporting_Name","key":"","value":"Camilus P Rayen L","colType":"","isEditable":"1","isVisible":"y"},{"fieldID":"0","uniquekey":"Employee_Code_2","key":"","value":"CAPL00295","colType":"","isEditable":"1","isVisible":"y"},{"fieldID":"0","uniquekey":"Second_LevelofReportingName","key":"","value":"Sundaresan K","colType":"","isEditable":"1","isVisible":"y"},{"fieldID":"0","uniquekey":"UHID","key":"","value":"IL17898276200","colType":"","isEditable":"1","isVisible":"y"},{"fieldID":"0","uniquekey":"Official_Landline_No","key":"","value":"04614252627","colType":"","isEditable":"1","isVisible":"y"},{"fieldID":"0","uniquekey":"Second_Official_Landline_No","key":"","value":"","colType":"","isEditable":"1","isVisible":"y"},{"fieldID":"0","uniquekey":"Date_of_Joining","key":"","value":"1996-01-01","colType":"","isEditable":"1","isVisible":"y"},{"fieldID":"0","uniquekey":"Fk_Dept_ID","key":"","value":"1","colType":"","isEditable":"1","isVisible":"y"},{"fieldID":"0","uniquekey":"Fk_FunctionalRole_Id","key":"","value":"5","colType":"","isEditable":"1","isVisible":"y"},{"fieldID":"0","uniquekey":"fk_EntityName_id","key":"","value":"1","colType":"","isEditable":"1","isVisible":"y"},{"fieldID":"0","uniquekey":"fk_designation_id","key":"","value":"15","colType":"","isEditable":"1","isVisible":"y"},{"fieldID":"0","uniquekey":"department_Name","key":"","value":"Support Function","colType":"","isEditable":"1","isVisible":"y"},{"fieldID":"0","uniquekey":"functionalrole_Name","key":"","value":"Finance & Accounts","colType":"","isEditable":"1","isVisible":"y"},{"fieldID":"0","uniquekey":"Entity_Name","key":"","value":"CA","colType":"","isEditable":"1","isVisible":"y"},{"fieldID":"0","uniquekey":"Designation_Name","key":"","value":"Executive - Accounts or Finance","colType":"","isEditable":"1","isVisible":"y"},{"fieldID":"0","uniquekey":"Employee_Code","key":"","value":"CA00102","colType":"","isEditable":"1","isVisible":"y"},{"fieldID":"0","uniquekey":"Branch_Id","key":"","value":"3","colType":"","isEditable":"1","isVisible":"y"},{"fieldID":"0","uniquekey":"Branch_Name","key":"","value":"Tuticorin","colType":"","isEditable":"1","isVisible":"y"}],"businessMemberDetails":[{"fieldID":"0","uniquekey":"member_buss_email","key":"Email","value":"","colType":"Email","isEditable":"1","isVisible":"y"},{"fieldID":"0","uniquekey":"businessPosition","key":"Designation","value":"","colType":"Text","isEditable":"1","isVisible":"y"},{"fieldID":"0","uniquekey":"BusinessName","key":"Business Name","value":"","colType":"Text","isEditable":"1","isVisible":"y"}],"familyMemberDetails":{"isVisible":"y","familyMemberDetail":[{"familyMemberId":"10340","memberName":"SUMIT","relationship":"Son","dOB":"04/09/2012","emailID":"","anniversary":"","contactNo":"","particulars":"","bloodGroup":""},{"familyMemberId":"10341","memberName":"PUNIT","relationship":"Son","dOB":"11/01/2012","emailID":"","anniversary":"","contactNo":"","particulars":"","bloodGroup":""},{"familyMemberId":"10342","memberName":"AMIT","relationship":"Son","dOB":"26/10/2012","emailID":"","anniversary":"","contactNo":"","particulars":"","bloodGroup":""},{"familyMemberId":"53894","memberName":"MALTI HARISH DHARAMSI","relationship":"Spouse","dOB":"26/06/1955","emailID":"","anniversary":"","contactNo":"1 9869289345","particulars":"","bloodGroup":"A+ Ve"}]},"addressDetails":{"isResidanceAddrVisible":"y","isBusinessAddrVisible":"y","addressResult":[]}},{"masterID":"29","grpID":"1","profileID":"29","isAdmin":"yes","memberName":"Mr. Piramanayagam S K","memberEmail":"piramma@chakiat.net","memberMobile":"+91 9894672601","memberCountry":"India","profilePic":"","familyPic":null,"Branch_Id":"3","Branch_Name":"Tuticorin","isPersonalDetVisible":"yes","member_date_of_birth":null,"member_date_of_wedding":null,"personalMemberDetails":[{"fieldID":"0","uniquekey":"profileID","key":"","value":"29","colType":"","isEditable":"1","isVisible":"y"},{"fieldID":"0","uniquekey":"member_name","key":"Name","value":"Mr. Piramanayagam S K","colType":"Text","isEditable":"1","isVisible":"y"},{"fieldID":"0","uniquekey":"member_email_id","key":"Email","value":"piramma@chakiat.net","colType":"Email","isEditable":"1","isVisible":"y"},{"fieldID":"0","uniquekey":"memberMobile","key":"","value":"+91 9894672601","colType":"","isEditable":"1","isVisible":"y"},{"fieldID":"0","uniquekey":"memberCountry","key":"","value":"India","colType":"","isEditable":"1","isVisible":"y"},{"fieldID":"0","uniquekey":"member_date_of_birth","key":"Birthday","value":"","colType":"Date","isEditable":"1","isVisible":"y"},{"fieldID":"0","uniquekey":"member_date_of_wedding","key":"Anniversary","value":"","colType":"Date","isEditable":"1","isVisible":"y"},{"fieldID":"0","uniquekey":"Employee_Code_One","key":"","value":"PRP0028","colType":"","isEditable":"1","isVisible":"y"},{"fieldID":"0","uniquekey":"First_Level_of_Reporting_Name","key":"","value":"Ebanezer SM","colType":"","isEditable":"1","isVisible":"y"},{"fieldID":"0","uniquekey":"Employee_Code_2","key":"","value":"CAPL00072","colType":"","isEditable":"1","isVisible":"y"},{"fieldID":"0","uniquekey":"Second_LevelofReportingName","key":"","value":"Jeyanth Jason Thomas P","colType":"","isEditable":"1","isVisible":"y"},{"fieldID":"0","uniquekey":"UHID","key":"","value":"IL17898289000","colType":"","isEditable":"1","isVisible":"y"},{"fieldID":"0","uniquekey":"Official_Landline_No","key":"","value":"04614252631","colType":"","isEditable":"1","isVisible":"y"},{"fieldID":"0","uniquekey":"Second_Official_Landline_No","key":"","value":"","colType":"","isEditable":"1","isVisible":"y"},{"fieldID":"0","uniquekey":"Date_of_Joining","key":"","value":"1996-08-01","colType":"","isEditable":"1","isVisible":"y"},{"fieldID":"0","uniquekey":"Fk_Dept_ID","key":"","value":"2","colType":"","isEditable":"1","isVisible":"y"},{"fieldID":"0","uniquekey":"Fk_FunctionalRole_Id","key":"","value":"25","colType":"","isEditable":"1","isVisible":"y"},{"fieldID":"0","uniquekey":"fk_EntityName_id","key":"","value":"1","colType":"","isEditable":"1","isVisible":"y"},{"fieldID":"0","uniquekey":"fk_designation_id","key":"","value":"25","colType":"","isEditable":"1","isVisible":"y"},{"fieldID":"0","uniquekey":"department_Name","key":"","value":"Export","colType":"","isEditable":"1","isVisible":"y"},{"fieldID":"0","uniquekey":"functionalrole_Name","key":"","value":"Customs","colType":"","isEditable":"1","isVisible":"y"},{"fieldID":"0","uniquekey":"Entity_Name","key":"","value":"CA","colType":"","isEditable":"1","isVisible":"y"},{"fieldID":"0","uniquekey":"Designation_Name","key":"","value":"Senior Executive","colType":"","isEditable":"1","isVisible":"y"},{"fieldID":"0","uniquekey":"Employee_Code","key":"","value":"CA00103","colType":"","isEditable":"1","isVisible":"y"},{"fieldID":"0","uniquekey":"Branch_Id","key":"","value":"3","colType":"","isEditable":"1","isVisible":"y"},{"fieldID":"0","uniquekey":"Branch_Name","key":"","value":"Tuticorin","colType":"","isEditable":"1","isVisible":"y"}],"businessMemberDetails":[{"fieldID":"0","uniquekey":"member_buss_email","key":"Email","value":"","colType":"Email","isEditable":"1","isVisible":"y"},{"fieldID":"0","uniquekey":"businessPosition","key":"Designation","value":"","colType":"Text","isEditable":"1","isVisible":"y"},{"fieldID":"0","uniquekey":"BusinessName","key":"Business Name","value":"","colType":"Text","isEditable":"1","isVisible":"y"}],"familyMemberDetails":{"isVisible":"y","familyMemberDetail":[]},"addressDetails":{"isResidanceAddrVisible":"y","isBusinessAddrVisible":"y","addressResult":[]}},{"masterID":"30","grpID":"1","profileID":"30","isAdmin":"yes","memberName":"Mr. Prem Kumar J","memberEmail":"-","memberMobile":"+91 9894642604","memberCountry":"India","profilePic":"","familyPic":null,"Branch_Id":"3","Branch_Name":"Tuticorin","isPersonalDetVisible":"yes","member_date_of_birth":null,"member_date_of_wedding":null,"personalMemberDetails":[{"fieldID":"0","uniquekey":"profileID","key":"","value":"30","colType":"","isEditable":"1","isVisible":"y"},{"fieldID":"0","uniquekey":"member_name","key":"Name","value":"Mr. Prem Kumar J","colType":"Text","isEditable":"1","isVisible":"y"},{"fieldID":"0","uniquekey":"member_email_id","key":"Email","value":"-","colType":"Email","isEditable":"1","isVisible":"y"},{"fieldID":"0","uniquekey":"memberMobile","key":"","value":"+91 9894642604","colType":"","isEditable":"1","isVisible":"y"},{"fieldID":"0","uniquekey":"memberCountry","key":"","value":"India","colType":"","isEditable":"1","isVisible":"y"},{"fieldID":"0","uniquekey":"member_date_of_birth","key":"Birthday","value":"","colType":"Date","isEditable":"1","isVisible":"y"},{"fieldID":"0","uniquekey":"member_date_of_wedding","key":"Anniversary","value":"","colType":"Date","isEditable":"1","isVisible":"y"},{"fieldID":"0","uniquekey":"Employee_Code_One","key":"","value":"PRP0028","colType":"","isEditable":"1","isVisible":"y"},{"fieldID":"0","uniquekey":"First_Level_of_Reporting_Name","key":"","value":"Ebanezer SM","colType":"","isEditable":"1","isVisible":"y"},{"fieldID":"0","uniquekey":"Employee_Code_2","key":"","value":"CAPL00072","colType":"","isEditable":"1","isVisible":"y"},{"fieldID":"0","uniquekey":"Second_LevelofReportingName","key":"","value":"Jeyanth Jason Thomas P","colType":"","isEditable":"1","isVisible":"y"},{"fieldID":"0","uniquekey":"UHID","key":"","value":"IL17898286200","colType":"","isEditable":"1","isVisible":"y"},{"fieldID":"0","uniquekey":"Official_Landline_No","key":"","value":"04614252602","colType":"","isEditable":"1","isVisible":"y"},{"fieldID":"0","uniquekey":"Second_Official_Landline_No","key":"","value":"","colType":"","isEditable":"1","isVisible":"y"},{"fieldID":"0","uniquekey":"Date_of_Joining","key":"","value":"1997-06-01","colType":"","isEditable":"1","isVisible":"y"},{"fieldID":"0","uniquekey":"Fk_Dept_ID","key":"","value":"14","colType":"","isEditable":"1","isVisible":"y"},{"fieldID":"0","uniquekey":"Fk_FunctionalRole_Id","key":"","value":"8","colType":"","isEditable":"1","isVisible":"y"},{"fieldID":"0","uniquekey":"fk_EntityName_id","key":"","value":"1","colType":"","isEditable":"1","isVisible":"y"},{"fieldID":"0","uniquekey":"fk_designation_id","key":"","value":"28","colType":"","isEditable":"1","isVisible":"y"},{"fieldID":"0","uniquekey":"department_Name","key":"","value":"Bulk","colType":"","isEditable":"1","isVisible":"y"},{"fieldID":"0","uniquekey":"functionalrole_Name","key":"","value":"Operations","colType":"","isEditable":"1","isVisible":"y"},{"fieldID":"0","uniquekey":"Entity_Name","key":"","value":"CA","colType":"","isEditable":"1","isVisible":"y"},{"fieldID":"0","uniquekey":"Designation_Name","key":"","value":"Senior Executive - Operations","colType":"","isEditable":"1","isVisible":"y"},{"fieldID":"0","uniquekey":"Employee_Code","key":"","value":"CA00104","colType":"","isEditable":"1","isVisible":"y"},{"fieldID":"0","uniquekey":"Branch_Id","key":"","value":"3","colType":"","isEditable":"1","isVisible":"y"},{"fieldID":"0","uniquekey":"Branch_Name","key":"","value":"Tuticorin","colType":"","isEditable":"1","isVisible":"y"}],"businessMemberDetails":[{"fieldID":"0","uniquekey":"member_buss_email","key":"Email","value":"","colType":"Email","isEditable":"1","isVisible":"y"},{"fieldID":"0","uniquekey":"businessPosition","key":"Designation","value":"","colType":"Text","isEditable":"1","isVisible":"y"},{"fieldID":"0","uniquekey":"BusinessName","key":"Business Name","value":"","colType":"Text","isEditable":"1","isVisible":"y"}],"familyMemberDetails":{"isVisible":"y","familyMemberDetail":[]},"addressDetails":{"isResidanceAddrVisible":"y","isBusinessAddrVisible":"y","addressResult":[]}}]}