{"MemberDetail":[{"masterID":"79","grpID":"1","profileID":"79","isAdmin":"yes","memberName":"Mr. Mutyala Raju D","memberEmail":"dmraju@chakiat.net","memberMobile":"+91 9666600104","memberCountry":"India","profilePic":"","familyPic":null,"Branch_Id":"10","Branch_Name":"Vizag","isPersonalDetVisible":"yes","member_date_of_birth":null,"member_date_of_wedding":null,"personalMemberDetails":[],"businessMemberDetails":[{"fieldID":"0","uniquekey":"member_buss_email","key":"Email","value":"","colType":"Email","isEditable":"1","isVisible":"y"},{"fieldID":"0","uniquekey":"businessPosition","key":"Designation","value":"","colType":"Text","isEditable":"1","isVisible":"y"},{"fieldID":"0","uniquekey":"BusinessName","key":"Business Name","value":"","colType":"Text","isEditable":"1","isVisible":"y"}],"familyMemberDetails":{"isVisible":"y","familyMemberDetail":[{"familyMemberId":"7015","memberName":"Bhagya Lakshmi","relationship":"Spouse","dOB":"","emailID":"","anniversary":"","contactNo":"1 9844188382","particulars":"","bloodGroup":""},{"familyMemberId":"7016","memberName":"Tejus","relationship":"Child","dOB":"19/08/2013","emailID":"","anniversary":"","contactNo":"","particulars":"","bloodGroup":""}]},"addressDetails":{"isResidanceAddrVisible":"y","isBusinessAddrVisible":"y","addressResult":[]}},{"masterID":"80","grpID":"1","profileID":"80","isAdmin":"yes","memberName":"Mr. Rajesh R","memberEmail":"rajeshhosur@chakiat.net","memberMobile":"+91 9952960621","memberCountry":"India","profilePic":"","familyPic":null,"Branch_Id":"2","Branch_Name":"Chennai","isPersonalDetVisible":"yes","member_date_of_birth":null,"member_date_of_wedding":null,"personalMemberDetails":[],"businessMemberDetails":[{"fieldID":"0","uniquekey":"member_buss_email","key":"Email","value":"","colType":"Email","isEditable":"1","isVisible":"y"},{"fieldID":"0","uniquekey":"businessPosition","key":"Designation","value":"","colType":"Text","isEditable":"1","isVisible":"y"},{"fieldID":"0","uniquekey":"BusinessName","key":"Business Name","value":"","colType":"Text","isEditable":"1","isVisible":"y"}],"familyMemberDetails":{"isVisible":"y","familyMemberDetail":[{"familyMemberId":"6992","memberName":"Surya","relationship":"Spouse","dOB":"02/04/1952","emailID":"suryasriramt@gmail.com","anniversary":"30/06/1972","contactNo":"1 9986644490","particulars":"NA","bloodGroup":""},{"familyMemberId":"6995","memberName":"Sumathi","relationship":"Daughter","dOB":"07/10/1973","emailID":"sumadhav@gmail.com","anniversary":"22/12/1996","contactNo":"","particulars":"NA","bloodGroup":""},{"familyMemberId":"6996","memberName":"Ashwini\t","relationship":"Daughter","dOB":"20/08/1976","emailID":"ashwini.uday@gmail.com","anniversary":"27/02/2002","contactNo":"","particulars":"NA","bloodGroup":""},{"familyMemberId":"68681","memberName":"Vijay Tadimalla","relationship":"Son","dOB":"18/07/1980","emailID":"vijay@tsmt.in","anniversary":"23/06/2005","contactNo":"1 9980625298","particulars":"NA","bloodGroup":""},{"familyMemberId":"68682","memberName":"Vikram Tadimalla","relationship":"Son","dOB":"18/07/1980","emailID":"vikramtadimalla@gmail.com","anniversary":"","contactNo":"3 9196568689","particulars":"NA","bloodGroup":""}]},"addressDetails":{"isResidanceAddrVisible":"y","isBusinessAddrVisible":"y","addressResult":[]}},{"masterID":"81","grpID":"1","profileID":"81","isAdmin":"yes","memberName":"Mr. Saravana Perumal N","memberEmail":"-","memberMobile":"+91 9840916891","memberCountry":"India","profilePic":"","familyPic":null,"Branch_Id":"2","Branch_Name":"Chennai","isPersonalDetVisible":"yes","member_date_of_birth":null,"member_date_of_wedding":null,"personalMemberDetails":[],"businessMemberDetails":[{"fieldID":"0","uniquekey":"member_buss_email","key":"Email","value":"","colType":"Email","isEditable":"1","isVisible":"y"},{"fieldID":"0","uniquekey":"businessPosition","key":"Designation","value":"","colType":"Text","isEditable":"1","isVisible":"y"},{"fieldID":"0","uniquekey":"BusinessName","key":"Business Name","value":"","colType":"Text","isEditable":"1","isVisible":"y"}],"familyMemberDetails":{"isVisible":"y","familyMemberDetail":[{"familyMemberId":"6989","memberName":"Vijaya","relationship":"Spouse","dOB":"","emailID":"","anniversary":"","contactNo":"","particulars":"","bloodGroup":""},{"familyMemberId":"6990","memberName":"Karthik","relationship":"Child","dOB":"11/07/2013","emailID":"","anniversary":"","contactNo":"","particulars":"","bloodGroup":""},{"familyMemberId":"6991","memberName":"Ramya","relationship":"Child","dOB":"14/08/2013","emailID":"","anniversary":"","contactNo":"","particulars":"","bloodGroup":""}]},"addressDetails":{"isResidanceAddrVisible":"y","isBusinessAddrVisible":"y","addressResult":[]}},{"masterID":"86","grpID":"1","profileID":"86","isAdmin":"yes","memberName":"Mr. Karthikeyan K","memberEmail":"karthikeyan@chakiat.net","memberMobile":"+91 9600069829","memberCountry":"India","profilePic":"","familyPic":null,"Branch_Id":"2","Branch_Name":"Chennai","isPersonalDetVisible":"yes","member_date_of_birth":null,"member_date_of_wedding":null,"personalMemberDetails":[],"businessMemberDetails":[{"fieldID":"0","uniquekey":"member_buss_email","key":"Email","value":"","colType":"Email","isEditable":"1","isVisible":"y"},{"fieldID":"0","uniquekey":"businessPosition","key":"Designation","value":"","colType":"Text","isEditable":"1","isVisible":"y"},{"fieldID":"0","uniquekey":"BusinessName","key":"Business Name","value":"","colType":"Text","isEditable":"1","isVisible":"y"}],"familyMemberDetails":{"isVisible":"y","familyMemberDetail":[{"familyMemberId":"6986","memberName":"Anitha S. Pobbathi","relationship":"Spouse","dOB":"21/09/1971","emailID":"pobbathiagencies27@gmail.com","anniversary":"","contactNo":"1 9945849429","particulars":"","bloodGroup":"A +ve"},{"familyMemberId":"6987","memberName":"Ananditha","relationship":"Daughter","dOB":"10/10/1992","emailID":"","anniversary":"","contactNo":"1 9900241096","particulars":"","bloodGroup":"O +ve"},{"familyMemberId":"6988","memberName":"Harismitha","relationship":"Daughter","dOB":"05/09/1999","emailID":"","anniversary":"","contactNo":"1 9535398824","particulars":"","bloodGroup":"A +ve"}]},"addressDetails":{"isResidanceAddrVisible":"y","isBusinessAddrVisible":"y","addressResult":[]}},{"masterID":"87","grpID":"1","profileID":"87","isAdmin":"yes","memberName":"Ms. Namrata S Gangan","memberEmail":"namrata@chakiat.net","memberMobile":"+91 9167034673","memberCountry":"India","profilePic":"","familyPic":null,"Branch_Id":"9","Branch_Name":"Mumbai","isPersonalDetVisible":"yes","member_date_of_birth":null,"member_date_of_wedding":null,"personalMemberDetails":[],"businessMemberDetails":[{"fieldID":"0","uniquekey":"member_buss_email","key":"Email","value":"","colType":"Email","isEditable":"1","isVisible":"y"},{"fieldID":"0","uniquekey":"businessPosition","key":"Designation","value":"","colType":"Text","isEditable":"1","isVisible":"y"},{"fieldID":"0","uniquekey":"BusinessName","key":"Business Name","value":"","colType":"Text","isEditable":"1","isVisible":"y"}],"familyMemberDetails":{"isVisible":"y","familyMemberDetail":[{"familyMemberId":"6974","memberName":"Saloni s. Raja","relationship":"Spouse","dOB":"","emailID":"","anniversary":"","contactNo":"","particulars":"","bloodGroup":""},{"familyMemberId":"6975","memberName":"Rishabh","relationship":"Child","dOB":"25/08/2013","emailID":"","anniversary":"","contactNo":"","particulars":"","bloodGroup":""},{"familyMemberId":"6976","memberName":"Mohit","relationship":"Child","dOB":"10/07/2013","emailID":"","anniversary":"","contactNo":"","particulars":"","bloodGroup":""}]},"addressDetails":{"isResidanceAddrVisible":"y","isBusinessAddrVisible":"y","addressResult":[]}},{"masterID":"89","grpID":"1","profileID":"89","isAdmin":"yes","memberName":"Mr. Suresh Kumar R","memberEmail":"-","memberMobile":"+91 9677097123","memberCountry":"India","profilePic":"","familyPic":null,"Branch_Id":"2","Branch_Name":"Chennai","isPersonalDetVisible":"yes","member_date_of_birth":null,"member_date_of_wedding":null,"personalMemberDetails":[],"businessMemberDetails":[{"fieldID":"0","uniquekey":"member_buss_email","key":"Email","value":"","colType":"Email","isEditable":"1","isVisible":"y"},{"fieldID":"0","uniquekey":"businessPosition","key":"Designation","value":"","colType":"Text","isEditable":"1","isVisible":"y"},{"fieldID":"0","uniquekey":"BusinessName","key":"Business Name","value":"","colType":"Text","isEditable":"1","isVisible":"y"}],"familyMemberDetails":{"isVisible":"y","familyMemberDetail":[{"familyMemberId":"6971","memberName":"Dr. Roopa Hariani","relationship":"Spouse","dOB":"03/02/2019","emailID":"roopahariani@gmail.com","anniversary":"05/12/2019","contactNo":"1 9886613709","particulars":"NA","bloodGroup":""},{"familyMemberId":"6972","memberName":"Ritik","relationship":"Child","dOB":"27/04/2019","emailID":"ritikhariani@gmail.com","anniversary":"","contactNo":"1 8792059509","particulars":"NA","bloodGroup":""},{"familyMemberId":"6973","memberName":"Rohan","relationship":"Child","dOB":"27/04/2019","emailID":"rohanhariani@gmail.com","anniversary":"","contactNo":"1 8904844334","particulars":"NA","bloodGroup":""}]},"addressDetails":{"isResidanceAddrVisible":"y","isBusinessAddrVisible":"y","addressResult":[]}},{"masterID":"91","grpID":"1","profileID":"91","isAdmin":"yes","memberName":"Mr. Joshy M R","memberEmail":"joshy@chakiat.net","memberMobile":"+91 9745500280","memberCountry":"India","profilePic":"","familyPic":null,"Branch_Id":"4","Branch_Name":"Cochin","isPersonalDetVisible":"yes","member_date_of_birth":null,"member_date_of_wedding":null,"personalMemberDetails":[],"businessMemberDetails":[{"fieldID":"0","uniquekey":"member_buss_email","key":"Email","value":"","colType":"Email","isEditable":"1","isVisible":"y"},{"fieldID":"0","uniquekey":"businessPosition","key":"Designation","value":"","colType":"Text","isEditable":"1","isVisible":"y"},{"fieldID":"0","uniquekey":"BusinessName","key":"Business Name","value":"","colType":"Text","isEditable":"1","isVisible":"y"}],"familyMemberDetails":{"isVisible":"y","familyMemberDetail":[{"familyMemberId":"6968","memberName":"chhaya S. Sheth","relationship":"Spouse","dOB":"","emailID":"","anniversary":"","contactNo":"1 9844238265","particulars":"","bloodGroup":""},{"familyMemberId":"6969","memberName":"Jinesh SSheth","relationship":"Child","dOB":"08/08/2013","emailID":"","anniversary":"","contactNo":"","particulars":"","bloodGroup":""},{"familyMemberId":"6970","memberName":"Hardik S. Sheth","relationship":"Child","dOB":"08/06/2013","emailID":"","anniversary":"","contactNo":"1 9986344924","particulars":"","bloodGroup":""}]},"addressDetails":{"isResidanceAddrVisible":"y","isBusinessAddrVisible":"y","addressResult":[]}},{"masterID":"92","grpID":"1","profileID":"92","isAdmin":"yes","memberName":"Mr. Joseph Janeesh","memberEmail":"-","memberMobile":"+91 9946106005","memberCountry":"India","profilePic":"","familyPic":null,"Branch_Id":"4","Branch_Name":"Cochin","isPersonalDetVisible":"yes","member_date_of_birth":null,"member_date_of_wedding":null,"personalMemberDetails":[],"businessMemberDetails":[{"fieldID":"0","uniquekey":"member_buss_email","key":"Email","value":"","colType":"Email","isEditable":"1","isVisible":"y"},{"fieldID":"0","uniquekey":"businessPosition","key":"Designation","value":"","colType":"Text","isEditable":"1","isVisible":"y"},{"fieldID":"0","uniquekey":"BusinessName","key":"Business Name","value":"","colType":"Text","isEditable":"1","isVisible":"y"}],"familyMemberDetails":{"isVisible":"y","familyMemberDetail":[{"familyMemberId":"6962","memberName":"Rekha","relationship":"Spouse","dOB":"","emailID":"","anniversary":"","contactNo":"1 9341364040","particulars":"","bloodGroup":""},{"familyMemberId":"6963","memberName":"Adithi","relationship":"Child","dOB":"03/05/2013","emailID":"","anniversary":"","contactNo":"","particulars":"","bloodGroup":""},{"familyMemberId":"6964","memberName":"Diya","relationship":"Child","dOB":"07/11/2013","emailID":"","anniversary":"","contactNo":"","particulars":"","bloodGroup":""}]},"addressDetails":{"isResidanceAddrVisible":"y","isBusinessAddrVisible":"y","addressResult":[]}},{"masterID":"93","grpID":"1","profileID":"93","isAdmin":"yes","memberName":"Mr. Varghese P B","memberEmail":"-","memberMobile":"+91 9746460350","memberCountry":"India","profilePic":"","familyPic":null,"Branch_Id":"4","Branch_Name":"Cochin","isPersonalDetVisible":"yes","member_date_of_birth":null,"member_date_of_wedding":null,"personalMemberDetails":[],"businessMemberDetails":[{"fieldID":"0","uniquekey":"member_buss_email","key":"Email","value":"","colType":"Email","isEditable":"1","isVisible":"y"},{"fieldID":"0","uniquekey":"businessPosition","key":"Designation","value":"","colType":"Text","isEditable":"1","isVisible":"y"},{"fieldID":"0","uniquekey":"BusinessName","key":"Business Name","value":"","colType":"Text","isEditable":"1","isVisible":"y"}],"familyMemberDetails":{"isVisible":"y","familyMemberDetail":[{"familyMemberId":"6950","memberName":"Ranjani","relationship":"Spouse","dOB":"","emailID":"","anniversary":"","contactNo":"","particulars":"","bloodGroup":""},{"familyMemberId":"6951","memberName":"vamshidhar","relationship":"Child","dOB":"12/06/2013","emailID":"","anniversary":"","contactNo":"","particulars":"","bloodGroup":""},{"familyMemberId":"6952","memberName":"Rashmi","relationship":"Child","dOB":"11/10/2013","emailID":"","anniversary":"","contactNo":"","particulars":"","bloodGroup":""},{"familyMemberId":"6953","memberName":"Vallabh","relationship":"Child","dOB":"15/03/2013","emailID":"","anniversary":"","contactNo":"","particulars":"","bloodGroup":""}]},"addressDetails":{"isResidanceAddrVisible":"y","isBusinessAddrVisible":"y","addressResult":[]}},{"masterID":"94","grpID":"1","profileID":"94","isAdmin":"yes","memberName":"Mr. Antony George P A","memberEmail":"-","memberMobile":"+91 9048966025","memberCountry":"India","profilePic":"","familyPic":null,"Branch_Id":"4","Branch_Name":"Cochin","isPersonalDetVisible":"yes","member_date_of_birth":null,"member_date_of_wedding":null,"personalMemberDetails":[],"businessMemberDetails":[{"fieldID":"0","uniquekey":"member_buss_email","key":"Email","value":"","colType":"Email","isEditable":"1","isVisible":"y"},{"fieldID":"0","uniquekey":"businessPosition","key":"Designation","value":"","colType":"Text","isEditable":"1","isVisible":"y"},{"fieldID":"0","uniquekey":"BusinessName","key":"Business Name","value":"","colType":"Text","isEditable":"1","isVisible":"y"}],"familyMemberDetails":{"isVisible":"y","familyMemberDetail":[{"familyMemberId":"6928","memberName":"Late Geeta Ray - Wife","relationship":"Spouse","dOB":"06/11/2013","emailID":"raypulak@gmail.com","anniversary":"","contactNo":"1 6361410725","particulars":"","bloodGroup":"O +ve"}]},"addressDetails":{"isResidanceAddrVisible":"y","isBusinessAddrVisible":"y","addressResult":[]}}]}