{"MemberDetail":[{"masterID":"422","grpID":"1","profileID":"422","isAdmin":"yes","memberName":"Mr. Balaji V","memberEmail":"balaji@chakiat.net","memberMobile":"+91 9840280940","memberCountry":"India","profilePic":"","familyPic":null,"Branch_Id":"2","Branch_Name":"Chennai","isPersonalDetVisible":"yes","member_date_of_birth":null,"member_date_of_wedding":null,"personalMemberDetails":[],"businessMemberDetails":[{"fieldID":"0","uniquekey":"member_buss_email","key":"Email","value":"","colType":"Email","isEditable":"1","isVisible":"y"},{"fieldID":"0","uniquekey":"businessPosition","key":"Designation","value":"","colType":"Text","isEditable":"1","isVisible":"y"},{"fieldID":"0","uniquekey":"BusinessName","key":"Business Name","value":"","colType":"Text","isEditable":"1","isVisible":"y"}],"familyMemberDetails":{"isVisible":"y","familyMemberDetail":[{"familyMemberId":"652","memberName":"Amol","relationship":"Spouse","dOB":"17/08/2013","emailID":"","anniversary":"14/06/2012","contactNo":"1 9819817814","particulars":"","bloodGroup":"O+"},{"familyMemberId":"654","memberName":"Rihan","relationship":"Child","dOB":"04/09/1997","emailID":"","anniversary":"","contactNo":"","particulars":"","bloodGroup":"B+ Ve"}]},"addressDetails":{"isResidanceAddrVisible":"y","isBusinessAddrVisible":"y","addressResult":[]}},{"masterID":"423","grpID":"1","profileID":"423","isAdmin":"yes","memberName":"Mr. Srinivasan G","memberEmail":"-","memberMobile":"+91 9840994505","memberCountry":"India","profilePic":"","familyPic":null,"Branch_Id":"2","Branch_Name":"Chennai","isPersonalDetVisible":"yes","member_date_of_birth":null,"member_date_of_wedding":null,"personalMemberDetails":[],"businessMemberDetails":[{"fieldID":"0","uniquekey":"member_buss_email","key":"Email","value":"","colType":"Email","isEditable":"1","isVisible":"y"},{"fieldID":"0","uniquekey":"businessPosition","key":"Designation","value":"","colType":"Text","isEditable":"1","isVisible":"y"},{"fieldID":"0","uniquekey":"BusinessName","key":"Business Name","value":"","colType":"Text","isEditable":"1","isVisible":"y"}],"familyMemberDetails":{"isVisible":"y","familyMemberDetail":[{"familyMemberId":"655","memberName":"Dr Jhanvi Shah","relationship":"Spouse","dOB":"22/11/1982","emailID":"","anniversary":"20/02/2009","contactNo":"1 9820276222","particulars":"","bloodGroup":"A+ Ve"}]},"addressDetails":{"isResidanceAddrVisible":"y","isBusinessAddrVisible":"y","addressResult":[]}},{"masterID":"426","grpID":"1","profileID":"426","isAdmin":"yes","memberName":"Mr. Anish Satheesh","memberEmail":"-","memberMobile":"","memberCountry":"India","profilePic":"","familyPic":null,"Branch_Id":"4","Branch_Name":"Cochin","isPersonalDetVisible":"yes","member_date_of_birth":null,"member_date_of_wedding":null,"personalMemberDetails":[],"businessMemberDetails":[{"fieldID":"0","uniquekey":"member_buss_email","key":"Email","value":"","colType":"Email","isEditable":"1","isVisible":"y"},{"fieldID":"0","uniquekey":"businessPosition","key":"Designation","value":"","colType":"Text","isEditable":"1","isVisible":"y"},{"fieldID":"0","uniquekey":"BusinessName","key":"Business Name","value":"","colType":"Text","isEditable":"1","isVisible":"y"}],"familyMemberDetails":{"isVisible":"y","familyMemberDetail":[{"familyMemberId":"662","memberName":"Vibha Divecha","relationship":"Spouse","dOB":"16/06/1958","emailID":"","anniversary":"29/11/2012","contactNo":"1 9821269921","particulars":"","bloodGroup":"B+ Ve"},{"familyMemberId":"663","memberName":"Yash Divecha","relationship":"Child","dOB":"10/07/1986","emailID":"","anniversary":"","contactNo":"","particulars":"","bloodGroup":""},{"familyMemberId":"664","memberName":"Avinash Divecha","relationship":"Child","dOB":"17/12/1991","emailID":"","anniversary":"","contactNo":"","particulars":"","bloodGroup":""}]},"addressDetails":{"isResidanceAddrVisible":"y","isBusinessAddrVisible":"y","addressResult":[]}},{"masterID":"428","grpID":"1","profileID":"428","isAdmin":"yes","memberName":"Mr. Vijayaraghavan K","memberEmail":"k_vijayaraghavan@chakiat.net","memberMobile":"","memberCountry":"India","profilePic":"","familyPic":null,"Branch_Id":"3","Branch_Name":"Tuticorin","isPersonalDetVisible":"yes","member_date_of_birth":null,"member_date_of_wedding":null,"personalMemberDetails":[],"businessMemberDetails":[{"fieldID":"0","uniquekey":"member_buss_email","key":"Email","value":"","colType":"Email","isEditable":"1","isVisible":"y"},{"fieldID":"0","uniquekey":"businessPosition","key":"Designation","value":"","colType":"Text","isEditable":"1","isVisible":"y"},{"fieldID":"0","uniquekey":"BusinessName","key":"Business Name","value":"","colType":"Text","isEditable":"1","isVisible":"y"}],"familyMemberDetails":{"isVisible":"y","familyMemberDetail":[{"familyMemberId":"665","memberName":"Pallavi","relationship":"Spouse","dOB":"02/06/2013","emailID":"","anniversary":"08/12/2012","contactNo":"1 9820145916","particulars":"","bloodGroup":"A+ Ve"},{"familyMemberId":"666","memberName":"Sanjay","relationship":"Child","dOB":"12/07/1990","emailID":"","anniversary":"","contactNo":"","particulars":"","bloodGroup":""},{"familyMemberId":"667","memberName":"Gayatri","relationship":"Child","dOB":"28/04/1992","emailID":"","anniversary":"","contactNo":"","particulars":"","bloodGroup":""}]},"addressDetails":{"isResidanceAddrVisible":"y","isBusinessAddrVisible":"y","addressResult":[]}},{"masterID":"429","grpID":"1","profileID":"429","isAdmin":"yes","memberName":"Mr. Suresh J","memberEmail":"j_suresh@chakiat.net","memberMobile":"","memberCountry":"India","profilePic":"","familyPic":null,"Branch_Id":"3","Branch_Name":"Tuticorin","isPersonalDetVisible":"yes","member_date_of_birth":null,"member_date_of_wedding":null,"personalMemberDetails":[],"businessMemberDetails":[{"fieldID":"0","uniquekey":"member_buss_email","key":"Email","value":"","colType":"Email","isEditable":"1","isVisible":"y"},{"fieldID":"0","uniquekey":"businessPosition","key":"Designation","value":"","colType":"Text","isEditable":"1","isVisible":"y"},{"fieldID":"0","uniquekey":"BusinessName","key":"Business Name","value":"","colType":"Text","isEditable":"1","isVisible":"y"}],"familyMemberDetails":{"isVisible":"y","familyMemberDetail":[{"familyMemberId":"668","memberName":"R/Ann.Seema Kelkar","relationship":"Spouse","dOB":"24/01/2013","emailID":"","anniversary":"29/05/2013","contactNo":"","particulars":"","bloodGroup":"O+ Ve"},{"familyMemberId":"669","memberName":"Anupama","relationship":"Daughter","dOB":"05/10/2013","emailID":"","anniversary":"","contactNo":"","particulars":"","bloodGroup":""},{"familyMemberId":"670","memberName":"Ameeta","relationship":"Daughter","dOB":"19/10/2013","emailID":"","anniversary":"","contactNo":"","particulars":"","bloodGroup":""}]},"addressDetails":{"isResidanceAddrVisible":"y","isBusinessAddrVisible":"y","addressResult":[]}},{"masterID":"431","grpID":"1","profileID":"431","isAdmin":"yes","memberName":"Mr. Suresh","memberEmail":"-","memberMobile":"","memberCountry":"India","profilePic":"","familyPic":null,"Branch_Id":"2","Branch_Name":"Chennai","isPersonalDetVisible":"yes","member_date_of_birth":null,"member_date_of_wedding":null,"personalMemberDetails":[],"businessMemberDetails":[{"fieldID":"0","uniquekey":"member_buss_email","key":"Email","value":"","colType":"Email","isEditable":"1","isVisible":"y"},{"fieldID":"0","uniquekey":"businessPosition","key":"Designation","value":"","colType":"Text","isEditable":"1","isVisible":"y"},{"fieldID":"0","uniquekey":"BusinessName","key":"Business Name","value":"","colType":"Text","isEditable":"1","isVisible":"y"}],"familyMemberDetails":{"isVisible":"y","familyMemberDetail":[{"familyMemberId":"673","memberName":"Kashmira Vaghani","relationship":"Spouse","dOB":"26/11/2013","emailID":"","anniversary":"18/02/1999","contactNo":"1 9820013376","particulars":"","bloodGroup":"AB+ Ve"},{"familyMemberId":"675","memberName":"Milind","relationship":"Child","dOB":"28/11/1978","emailID":"","anniversary":"","contactNo":"","particulars":"","bloodGroup":""}]},"addressDetails":{"isResidanceAddrVisible":"y","isBusinessAddrVisible":"y","addressResult":[]}},{"masterID":"432","grpID":"1","profileID":"432","isAdmin":"yes","memberName":"Mr. Subramaniam K","memberEmail":"-","memberMobile":"","memberCountry":"India","profilePic":"","familyPic":null,"Branch_Id":"2","Branch_Name":"Chennai","isPersonalDetVisible":"yes","member_date_of_birth":null,"member_date_of_wedding":null,"personalMemberDetails":[],"businessMemberDetails":[{"fieldID":"0","uniquekey":"member_buss_email","key":"Email","value":"","colType":"Email","isEditable":"1","isVisible":"y"},{"fieldID":"0","uniquekey":"businessPosition","key":"Designation","value":"","colType":"Text","isEditable":"1","isVisible":"y"},{"fieldID":"0","uniquekey":"BusinessName","key":"Business Name","value":"","colType":"Text","isEditable":"1","isVisible":"y"}],"familyMemberDetails":{"isVisible":"y","familyMemberDetail":[{"familyMemberId":"676","memberName":"Priti Patel","relationship":"Spouse","dOB":"26/10/2013","emailID":"","anniversary":"07/12/2012","contactNo":"1 9820090510","particulars":"","bloodGroup":"A+ Ve"},{"familyMemberId":"677","memberName":"Shanay Patel","relationship":"Child","dOB":"16/04/1991","emailID":"","anniversary":"","contactNo":"","particulars":"","bloodGroup":""},{"familyMemberId":"678","memberName":"Rayan patel","relationship":"Child","dOB":"01/04/1994","emailID":"","anniversary":"","contactNo":"","particulars":"","bloodGroup":""}]},"addressDetails":{"isResidanceAddrVisible":"y","isBusinessAddrVisible":"y","addressResult":[]}},{"masterID":"433","grpID":"1","profileID":"433","isAdmin":"yes","memberName":"Mr. Arvind Upadhyay","memberEmail":"aravind@calogistics.net","memberMobile":"","memberCountry":"India","profilePic":"","familyPic":null,"Branch_Id":"3","Branch_Name":"Tuticorin","isPersonalDetVisible":"yes","member_date_of_birth":null,"member_date_of_wedding":null,"personalMemberDetails":[],"businessMemberDetails":[{"fieldID":"0","uniquekey":"member_buss_email","key":"Email","value":"","colType":"Email","isEditable":"1","isVisible":"y"},{"fieldID":"0","uniquekey":"businessPosition","key":"Designation","value":"","colType":"Text","isEditable":"1","isVisible":"y"},{"fieldID":"0","uniquekey":"BusinessName","key":"Business Name","value":"","colType":"Text","isEditable":"1","isVisible":"y"}],"familyMemberDetails":{"isVisible":"y","familyMemberDetail":[{"familyMemberId":"679","memberName":"NITA","relationship":"Spouse","dOB":"27/12/2012","emailID":"","anniversary":"13/05/2012","contactNo":"1 9820095780","particulars":"","bloodGroup":""},{"familyMemberId":"680","memberName":"Vishi","relationship":"Child","dOB":"18/06/1982","emailID":"","anniversary":"","contactNo":"","particulars":"","bloodGroup":""},{"familyMemberId":"681","memberName":"Kanika","relationship":"Child","dOB":"13/12/1983","emailID":"","anniversary":"","contactNo":"","particulars":"","bloodGroup":""},{"familyMemberId":"682","memberName":"Siddhant","relationship":"Child","dOB":"02/10/1990","emailID":"","anniversary":"","contactNo":"","particulars":"","bloodGroup":""}]},"addressDetails":{"isResidanceAddrVisible":"y","isBusinessAddrVisible":"y","addressResult":[]}},{"masterID":"434","grpID":"1","profileID":"434","isAdmin":"yes","memberName":"Mr. Kamal Ramanujalu","memberEmail":"-","memberMobile":"+91 9566231222","memberCountry":"India","profilePic":"","familyPic":null,"Branch_Id":"2","Branch_Name":"Chennai","isPersonalDetVisible":"yes","member_date_of_birth":null,"member_date_of_wedding":null,"personalMemberDetails":[],"businessMemberDetails":[{"fieldID":"0","uniquekey":"member_buss_email","key":"Email","value":"","colType":"Email","isEditable":"1","isVisible":"y"},{"fieldID":"0","uniquekey":"businessPosition","key":"Designation","value":"","colType":"Text","isEditable":"1","isVisible":"y"},{"fieldID":"0","uniquekey":"BusinessName","key":"Business Name","value":"","colType":"Text","isEditable":"1","isVisible":"y"}],"familyMemberDetails":{"isVisible":"y","familyMemberDetail":[{"familyMemberId":"683","memberName":"MANISHA AGARWAL","relationship":"Spouse","dOB":"11/10/2013","emailID":"manishaag100@gmail.com","anniversary":"04/12/2012","contactNo":"1 9987057755","particulars":"","bloodGroup":""},{"familyMemberId":"684","memberName":"VANSHIKA","relationship":"Daughter","dOB":"08/04/2000","emailID":"","anniversary":"","contactNo":"1 9867643939","particulars":"","bloodGroup":""},{"familyMemberId":"685","memberName":"Saumil","relationship":"Son","dOB":"06/10/2003","emailID":"","anniversary":"","contactNo":"","particulars":"","bloodGroup":""}]},"addressDetails":{"isResidanceAddrVisible":"y","isBusinessAddrVisible":"y","addressResult":[]}},{"masterID":"435","grpID":"1","profileID":"435","isAdmin":"yes","memberName":"Mr. Balaji M","memberEmail":"m_balaji@chakiat.net","memberMobile":"+91 9600089600","memberCountry":"India","profilePic":"","familyPic":null,"Branch_Id":"2","Branch_Name":"Chennai","isPersonalDetVisible":"yes","member_date_of_birth":null,"member_date_of_wedding":null,"personalMemberDetails":[],"businessMemberDetails":[{"fieldID":"0","uniquekey":"member_buss_email","key":"Email","value":"","colType":"Email","isEditable":"1","isVisible":"y"},{"fieldID":"0","uniquekey":"businessPosition","key":"Designation","value":"","colType":"Text","isEditable":"1","isVisible":"y"},{"fieldID":"0","uniquekey":"BusinessName","key":"Business Name","value":"","colType":"Text","isEditable":"1","isVisible":"y"}],"familyMemberDetails":{"isVisible":"y","familyMemberDetail":[{"familyMemberId":"686","memberName":"Rajal Kapadia","relationship":"Spouse","dOB":"29/06/1969","emailID":"","anniversary":"19/12/1989","contactNo":"1 9820147311","particulars":"","bloodGroup":""},{"familyMemberId":"687","memberName":"Vidhi Kapadia","relationship":"Child","dOB":"28/09/1991","emailID":"","anniversary":"","contactNo":"","particulars":"","bloodGroup":""},{"familyMemberId":"688","memberName":"Shaivi Kapadia","relationship":"Child","dOB":"29/11/1995","emailID":"","anniversary":"","contactNo":"","particulars":"","bloodGroup":""}]},"addressDetails":{"isResidanceAddrVisible":"y","isBusinessAddrVisible":"y","addressResult":[]}}]}