{"MemberDetail":[{"masterID":"57","grpID":"1","profileID":"57","isAdmin":"yes","memberName":"Mr. Manoj Kumar K S","memberEmail":"-","memberMobile":"+91 9946634999","memberCountry":"India","profilePic":"","familyPic":null,"Branch_Id":"4","Branch_Name":"Cochin","isPersonalDetVisible":"yes","member_date_of_birth":null,"member_date_of_wedding":null,"personalMemberDetails":[],"businessMemberDetails":[{"fieldID":"0","uniquekey":"member_buss_email","key":"Email","value":"","colType":"Email","isEditable":"1","isVisible":"y"},{"fieldID":"0","uniquekey":"businessPosition","key":"Designation","value":"","colType":"Text","isEditable":"1","isVisible":"y"},{"fieldID":"0","uniquekey":"BusinessName","key":"Business Name","value":"","colType":"Text","isEditable":"1","isVisible":"y"}],"familyMemberDetails":{"isVisible":"y","familyMemberDetail":[{"familyMemberId":"45","memberName":"UMA KULKARNI","relationship":"Spouse","dOB":"10/10/2012","emailID":"","anniversary":"17/02/2012","contactNo":"1 9820022909","particulars":"","bloodGroup":"O+ Ve"}]},"addressDetails":{"isResidanceAddrVisible":"y","isBusinessAddrVisible":"y","addressResult":[]}},{"masterID":"58","grpID":"1","profileID":"58","isAdmin":"yes","memberName":"Mr. Jannila Srinivasa Rao","memberEmail":"vijaykumar@chakiat.net","memberMobile":"+91 9666600101","memberCountry":"India","profilePic":"","familyPic":null,"Branch_Id":"10","Branch_Name":"Vizag","isPersonalDetVisible":"yes","member_date_of_birth":null,"member_date_of_wedding":null,"personalMemberDetails":[],"businessMemberDetails":[{"fieldID":"0","uniquekey":"member_buss_email","key":"Email","value":"","colType":"Email","isEditable":"1","isVisible":"y"},{"fieldID":"0","uniquekey":"businessPosition","key":"Designation","value":"","colType":"Text","isEditable":"1","isVisible":"y"},{"fieldID":"0","uniquekey":"BusinessName","key":"Business Name","value":"","colType":"Text","isEditable":"1","isVisible":"y"}],"familyMemberDetails":{"isVisible":"y","familyMemberDetail":[{"familyMemberId":"33593","memberName":"Anamitro","relationship":"Son","dOB":"25/12/2019","emailID":"","anniversary":"","contactNo":"","particulars":"","bloodGroup":""},{"familyMemberId":"33594","memberName":"Mary","relationship":"Spouse","dOB":"18/07/2019","emailID":"","anniversary":"27/09/2019","contactNo":"1 9820865809","particulars":"","bloodGroup":""}]},"addressDetails":{"isResidanceAddrVisible":"y","isBusinessAddrVisible":"y","addressResult":[]}},{"masterID":"60","grpID":"1","profileID":"60","isAdmin":"yes","memberName":"Mr. Kamalakkannan S","memberEmail":"kamal@chakiat.net","memberMobile":"+91 8870006260","memberCountry":"India","profilePic":"","familyPic":null,"Branch_Id":"5","Branch_Name":"Coimbatore","isPersonalDetVisible":"yes","member_date_of_birth":null,"member_date_of_wedding":null,"personalMemberDetails":[],"businessMemberDetails":[{"fieldID":"0","uniquekey":"member_buss_email","key":"Email","value":"","colType":"Email","isEditable":"1","isVisible":"y"},{"fieldID":"0","uniquekey":"businessPosition","key":"Designation","value":"","colType":"Text","isEditable":"1","isVisible":"y"},{"fieldID":"0","uniquekey":"BusinessName","key":"Business Name","value":"","colType":"Text","isEditable":"1","isVisible":"y"}],"familyMemberDetails":{"isVisible":"y","familyMemberDetail":[{"familyMemberId":"24","memberName":"DAKSH SHETTY","relationship":"Son","dOB":"24/10/2012","emailID":"","anniversary":"","contactNo":"","particulars":"NA","bloodGroup":"A+ Ve"},{"familyMemberId":"26","memberName":"DHRUV SHETTY","relationship":"Son","dOB":"06/02/2012","emailID":"","anniversary":"","contactNo":"","particulars":"NA","bloodGroup":"B+ Ve"},{"familyMemberId":"27","memberName":"PRATIBHA SHETTY","relationship":"Spouse","dOB":"13/04/2012","emailID":"","anniversary":"09/12/2012","contactNo":"1 8356066187","particulars":"NA","bloodGroup":"A+ Ve"}]},"addressDetails":{"isResidanceAddrVisible":"y","isBusinessAddrVisible":"y","addressResult":[]}},{"masterID":"63","grpID":"1","profileID":"63","isAdmin":"yes","memberName":"Mr. Karumaran P","memberEmail":"karumaran@chakiat.net","memberMobile":"+91 9790931770","memberCountry":"India","profilePic":"","familyPic":null,"Branch_Id":"2","Branch_Name":"Chennai","isPersonalDetVisible":"yes","member_date_of_birth":null,"member_date_of_wedding":null,"personalMemberDetails":[],"businessMemberDetails":[{"fieldID":"0","uniquekey":"member_buss_email","key":"Email","value":"","colType":"Email","isEditable":"1","isVisible":"y"},{"fieldID":"0","uniquekey":"businessPosition","key":"Designation","value":"","colType":"Text","isEditable":"1","isVisible":"y"},{"fieldID":"0","uniquekey":"BusinessName","key":"Business Name","value":"","colType":"Text","isEditable":"1","isVisible":"y"}],"familyMemberDetails":{"isVisible":"y","familyMemberDetail":[{"familyMemberId":"118","memberName":"MANISHA CHAVAN","relationship":"Spouse","dOB":"30/10/2012","emailID":"","anniversary":"15/06/2012","contactNo":"1 9819162279","particulars":"","bloodGroup":""},{"familyMemberId":"33589","memberName":"ROMIT CHAVAN","relationship":"Son","dOB":"30/06/2012","emailID":"","anniversary":"","contactNo":"","particulars":"","bloodGroup":""}]},"addressDetails":{"isResidanceAddrVisible":"y","isBusinessAddrVisible":"y","addressResult":[]}},{"masterID":"64","grpID":"1","profileID":"64","isAdmin":"yes","memberName":"Mr. Senthil Kumar S","memberEmail":"-","memberMobile":"+91 9500082266","memberCountry":"India","profilePic":"","familyPic":null,"Branch_Id":"2","Branch_Name":"Chennai","isPersonalDetVisible":"yes","member_date_of_birth":null,"member_date_of_wedding":null,"personalMemberDetails":[],"businessMemberDetails":[{"fieldID":"0","uniquekey":"member_buss_email","key":"Email","value":"","colType":"Email","isEditable":"1","isVisible":"y"},{"fieldID":"0","uniquekey":"businessPosition","key":"Designation","value":"","colType":"Text","isEditable":"1","isVisible":"y"},{"fieldID":"0","uniquekey":"BusinessName","key":"Business Name","value":"","colType":"Text","isEditable":"1","isVisible":"y"}],"familyMemberDetails":{"isVisible":"y","familyMemberDetail":[{"familyMemberId":"131","memberName":"AKSHAY DAMLE","relationship":"Son","dOB":"02/09/2012","emailID":"","anniversary":"","contactNo":"","particulars":"","bloodGroup":"O+ Ve"},{"familyMemberId":"132","memberName":"ADITI DAMLE","relationship":"D-in-Law","dOB":"27/04/2012","emailID":"","anniversary":"13/11/2012","contactNo":"","particulars":"","bloodGroup":""},{"familyMemberId":"133","memberName":"ASHISH DAMLE","relationship":"Son","dOB":"09/09/2012","emailID":"","anniversary":"13/11/2012","contactNo":"","particulars":"","bloodGroup":""},{"familyMemberId":"33696","memberName":"ANAGHA DAMLE","relationship":"Spouse","dOB":"24/05/2012","emailID":"","anniversary":"08/12/2012","contactNo":"1 9821431320","particulars":"","bloodGroup":"O+ Ve"}]},"addressDetails":{"isResidanceAddrVisible":"y","isBusinessAddrVisible":"y","addressResult":[]}},{"masterID":"70","grpID":"1","profileID":"70","isAdmin":"yes","memberName":"Mr. Ponsamuel J","memberEmail":"sam@chakiat.net","memberMobile":"+91 9944472606","memberCountry":"India","profilePic":"","familyPic":null,"Branch_Id":"3","Branch_Name":"Tuticorin","isPersonalDetVisible":"yes","member_date_of_birth":null,"member_date_of_wedding":null,"personalMemberDetails":[],"businessMemberDetails":[{"fieldID":"0","uniquekey":"member_buss_email","key":"Email","value":"","colType":"Email","isEditable":"1","isVisible":"y"},{"fieldID":"0","uniquekey":"businessPosition","key":"Designation","value":"","colType":"Text","isEditable":"1","isVisible":"y"},{"fieldID":"0","uniquekey":"BusinessName","key":"Business Name","value":"","colType":"Text","isEditable":"1","isVisible":"y"}],"familyMemberDetails":{"isVisible":"y","familyMemberDetail":[{"familyMemberId":"82","memberName":"RAJANI HANDA","relationship":"Spouse","dOB":"14/05/2012","emailID":"","anniversary":"17/01/2012","contactNo":"1 9819489216","particulars":"","bloodGroup":"B+ Ve"}]},"addressDetails":{"isResidanceAddrVisible":"y","isBusinessAddrVisible":"y","addressResult":[]}},{"masterID":"73","grpID":"1","profileID":"73","isAdmin":"yes","memberName":"Mr. Solomon V B","memberEmail":"-","memberMobile":"+91 9946109774","memberCountry":"India","profilePic":"","familyPic":null,"Branch_Id":"4","Branch_Name":"Cochin","isPersonalDetVisible":"yes","member_date_of_birth":null,"member_date_of_wedding":null,"personalMemberDetails":[],"businessMemberDetails":[{"fieldID":"0","uniquekey":"member_buss_email","key":"Email","value":"","colType":"Email","isEditable":"1","isVisible":"y"},{"fieldID":"0","uniquekey":"businessPosition","key":"Designation","value":"","colType":"Text","isEditable":"1","isVisible":"y"},{"fieldID":"0","uniquekey":"BusinessName","key":"Business Name","value":"","colType":"Text","isEditable":"1","isVisible":"y"}],"familyMemberDetails":{"isVisible":"y","familyMemberDetail":[{"familyMemberId":"6905","memberName":"Amisha A. Kothari","relationship":"Spouse","dOB":"10/02/1960","emailID":"","anniversary":"10/01/2012","contactNo":"","particulars":"","bloodGroup":""},{"familyMemberId":"6906","memberName":"Jarna A. Kothari","relationship":"Child","dOB":"13/04/1985","emailID":"","anniversary":"00/00/0000","contactNo":"","particulars":"","bloodGroup":""},{"familyMemberId":"6907","memberName":"Sheela A. Kothari","relationship":"Child","dOB":"09/11/1989","emailID":"","anniversary":"00/00/0000","contactNo":"","particulars":"","bloodGroup":""}]},"addressDetails":{"isResidanceAddrVisible":"y","isBusinessAddrVisible":"y","addressResult":[]}},{"masterID":"76","grpID":"1","profileID":"76","isAdmin":"yes","memberName":"Mr. Hari Babu D","memberEmail":"-","memberMobile":"+91 9790964644","memberCountry":"India","profilePic":"","familyPic":null,"Branch_Id":"2","Branch_Name":"Chennai","isPersonalDetVisible":"yes","member_date_of_birth":null,"member_date_of_wedding":null,"personalMemberDetails":[],"businessMemberDetails":[{"fieldID":"0","uniquekey":"member_buss_email","key":"Email","value":"","colType":"Email","isEditable":"1","isVisible":"y"},{"fieldID":"0","uniquekey":"businessPosition","key":"Designation","value":"","colType":"Text","isEditable":"1","isVisible":"y"},{"fieldID":"0","uniquekey":"BusinessName","key":"Business Name","value":"","colType":"Text","isEditable":"1","isVisible":"y"}],"familyMemberDetails":{"isVisible":"y","familyMemberDetail":[{"familyMemberId":"7006","memberName":"Preeti Tadimalla","relationship":"Spouse","dOB":"22/03/1981","emailID":"preetishah81@gmail.com","anniversary":"20/06/2005","contactNo":"1 9845411444","particulars":"NA","bloodGroup":""},{"familyMemberId":"7007","memberName":"Aarav Tadimalla","relationship":"Son","dOB":"11/10/2011","emailID":"","anniversary":"","contactNo":"","particulars":"NA","bloodGroup":""},{"familyMemberId":"68812","memberName":"Advay Tadimalla","relationship":"Son","dOB":"06/11/2014","emailID":"","anniversary":"","contactNo":"","particulars":"NA","bloodGroup":""}]},"addressDetails":{"isResidanceAddrVisible":"y","isBusinessAddrVisible":"y","addressResult":[]}},{"masterID":"77","grpID":"1","profileID":"77","isAdmin":"yes","memberName":"Mr. Mohan M","memberEmail":"-","memberMobile":"+91 9840606478","memberCountry":"India","profilePic":"","familyPic":null,"Branch_Id":"2","Branch_Name":"Chennai","isPersonalDetVisible":"yes","member_date_of_birth":null,"member_date_of_wedding":null,"personalMemberDetails":[],"businessMemberDetails":[{"fieldID":"0","uniquekey":"member_buss_email","key":"Email","value":"","colType":"Email","isEditable":"1","isVisible":"y"},{"fieldID":"0","uniquekey":"businessPosition","key":"Designation","value":"","colType":"Text","isEditable":"1","isVisible":"y"},{"fieldID":"0","uniquekey":"BusinessName","key":"Business Name","value":"","colType":"Text","isEditable":"1","isVisible":"y"}],"familyMemberDetails":{"isVisible":"y","familyMemberDetail":[{"familyMemberId":"6957","memberName":"Rajendra","relationship":"Child","dOB":"16/08/2013","emailID":"","anniversary":"","contactNo":"","particulars":"","bloodGroup":""},{"familyMemberId":"6958","memberName":"Rajani","relationship":"Child","dOB":"02/10/2013","emailID":"","anniversary":"","contactNo":"","particulars":"","bloodGroup":""},{"familyMemberId":"6959","memberName":"Rajashri","relationship":"Child","dOB":"12/09/2013","emailID":"","anniversary":"","contactNo":"","particulars":"","bloodGroup":""}]},"addressDetails":{"isResidanceAddrVisible":"y","isBusinessAddrVisible":"y","addressResult":[]}},{"masterID":"78","grpID":"1","profileID":"78","isAdmin":"yes","memberName":"Mr. Alwin Freddy A","memberEmail":"forwarding_blr@chakiat.net","memberMobile":"+91 9980622804","memberCountry":"India","profilePic":"","familyPic":null,"Branch_Id":"1","Branch_Name":"Bangalore","isPersonalDetVisible":"yes","member_date_of_birth":null,"member_date_of_wedding":null,"personalMemberDetails":[],"businessMemberDetails":[{"fieldID":"0","uniquekey":"member_buss_email","key":"Email","value":"","colType":"Email","isEditable":"1","isVisible":"y"},{"fieldID":"0","uniquekey":"businessPosition","key":"Designation","value":"","colType":"Text","isEditable":"1","isVisible":"y"},{"fieldID":"0","uniquekey":"BusinessName","key":"Business Name","value":"","colType":"Text","isEditable":"1","isVisible":"y"}],"familyMemberDetails":{"isVisible":"y","familyMemberDetail":[]},"addressDetails":{"isResidanceAddrVisible":"y","isBusinessAddrVisible":"y","addressResult":[]}}]}