{"MemberDetail":[{"masterID":"206","grpID":"1","profileID":"206","isAdmin":"yes","memberName":"Mr. Prasanth G","memberEmail":"-","memberMobile":"+91 8056099913","memberCountry":"India","profilePic":"","familyPic":null,"Branch_Id":"2","Branch_Name":"Chennai","isPersonalDetVisible":"yes","member_date_of_birth":null,"member_date_of_wedding":null,"personalMemberDetails":[],"businessMemberDetails":[{"fieldID":"0","uniquekey":"member_buss_email","key":"Email","value":"","colType":"Email","isEditable":"1","isVisible":"y"},{"fieldID":"0","uniquekey":"businessPosition","key":"Designation","value":"","colType":"Text","isEditable":"1","isVisible":"y"},{"fieldID":"0","uniquekey":"BusinessName","key":"Business Name","value":"","colType":"Text","isEditable":"1","isVisible":"y"}],"familyMemberDetails":{"isVisible":"y","familyMemberDetail":[{"familyMemberId":"271","memberName":"Smita Agarwal","relationship":"Spouse","dOB":"04/04/1968","emailID":"","anniversary":"08/02/1992","contactNo":"1 9821074032","particulars":"","bloodGroup":""},{"familyMemberId":"2435","memberName":"Viren Agarwal","relationship":"Child","dOB":"11/11/1992","emailID":"","anniversary":"","contactNo":"","particulars":"","bloodGroup":""},{"familyMemberId":"2437","memberName":"Tanya Agarwal","relationship":"Child","dOB":"28/09/1996","emailID":"","anniversary":"","contactNo":"","particulars":"","bloodGroup":""}]},"addressDetails":{"isResidanceAddrVisible":"y","isBusinessAddrVisible":"y","addressResult":[]}},{"masterID":"210","grpID":"1","profileID":"210","isAdmin":"yes","memberName":"Ms. Swapna Bijukumar","memberEmail":"-","memberMobile":"+91 8547001377","memberCountry":"India","profilePic":"","familyPic":null,"Branch_Id":"4","Branch_Name":"Cochin","isPersonalDetVisible":"yes","member_date_of_birth":null,"member_date_of_wedding":null,"personalMemberDetails":[],"businessMemberDetails":[{"fieldID":"0","uniquekey":"member_buss_email","key":"Email","value":"","colType":"Email","isEditable":"1","isVisible":"y"},{"fieldID":"0","uniquekey":"businessPosition","key":"Designation","value":"","colType":"Text","isEditable":"1","isVisible":"y"},{"fieldID":"0","uniquekey":"BusinessName","key":"Business Name","value":"","colType":"Text","isEditable":"1","isVisible":"y"}],"familyMemberDetails":{"isVisible":"y","familyMemberDetail":[{"familyMemberId":"276","memberName":"MAMTA KAPADIA","relationship":"Spouse","dOB":"30/03/2012","emailID":"","anniversary":"01/02/2012","contactNo":"1 9967630055","particulars":"","bloodGroup":"AB+ Ve"}]},"addressDetails":{"isResidanceAddrVisible":"y","isBusinessAddrVisible":"y","addressResult":[]}},{"masterID":"213","grpID":"1","profileID":"213","isAdmin":"yes","memberName":"Mr. Dileep Balakrishnan","memberEmail":"-","memberMobile":"+91 9567939911","memberCountry":"India","profilePic":"","familyPic":null,"Branch_Id":"4","Branch_Name":"Cochin","isPersonalDetVisible":"yes","member_date_of_birth":null,"member_date_of_wedding":null,"personalMemberDetails":[],"businessMemberDetails":[{"fieldID":"0","uniquekey":"member_buss_email","key":"Email","value":"","colType":"Email","isEditable":"1","isVisible":"y"},{"fieldID":"0","uniquekey":"businessPosition","key":"Designation","value":"","colType":"Text","isEditable":"1","isVisible":"y"},{"fieldID":"0","uniquekey":"BusinessName","key":"Business Name","value":"","colType":"Text","isEditable":"1","isVisible":"y"}],"familyMemberDetails":{"isVisible":"y","familyMemberDetail":[{"familyMemberId":"278","memberName":"Minu Sanghvi","relationship":"Spouse","dOB":"26/10/1970","emailID":"","anniversary":"26/11/1992","contactNo":"1 9821787884","particulars":"","bloodGroup":""}]},"addressDetails":{"isResidanceAddrVisible":"y","isBusinessAddrVisible":"y","addressResult":[]}},{"masterID":"214","grpID":"1","profileID":"214","isAdmin":"yes","memberName":"Mr. Jayadev A","memberEmail":"-","memberMobile":"+91 9946664049","memberCountry":"India","profilePic":"","familyPic":null,"Branch_Id":"4","Branch_Name":"Cochin","isPersonalDetVisible":"yes","member_date_of_birth":null,"member_date_of_wedding":null,"personalMemberDetails":[],"businessMemberDetails":[{"fieldID":"0","uniquekey":"member_buss_email","key":"Email","value":"","colType":"Email","isEditable":"1","isVisible":"y"},{"fieldID":"0","uniquekey":"businessPosition","key":"Designation","value":"","colType":"Text","isEditable":"1","isVisible":"y"},{"fieldID":"0","uniquekey":"BusinessName","key":"Business Name","value":"","colType":"Text","isEditable":"1","isVisible":"y"}],"familyMemberDetails":{"isVisible":"y","familyMemberDetail":[{"familyMemberId":"7020","memberName":"Sudha","relationship":"Spouse","dOB":"","emailID":"","anniversary":"","contactNo":"1 9342502987","particulars":"","bloodGroup":""},{"familyMemberId":"7021","memberName":"Kavitha","relationship":"Child","dOB":"03/10/2013","emailID":"","anniversary":"","contactNo":"","particulars":"","bloodGroup":""},{"familyMemberId":"7022","memberName":"Nandan","relationship":"Child","dOB":"23/03/2013","emailID":"","anniversary":"","contactNo":"","particulars":"","bloodGroup":""}]},"addressDetails":{"isResidanceAddrVisible":"y","isBusinessAddrVisible":"y","addressResult":[]}},{"masterID":"215","grpID":"1","profileID":"215","isAdmin":"yes","memberName":"Mr. Antony Rino K R","memberEmail":"-","memberMobile":"+91 9946979500","memberCountry":"India","profilePic":"","familyPic":null,"Branch_Id":"4","Branch_Name":"Cochin","isPersonalDetVisible":"yes","member_date_of_birth":null,"member_date_of_wedding":null,"personalMemberDetails":[],"businessMemberDetails":[{"fieldID":"0","uniquekey":"member_buss_email","key":"Email","value":"","colType":"Email","isEditable":"1","isVisible":"y"},{"fieldID":"0","uniquekey":"businessPosition","key":"Designation","value":"","colType":"Text","isEditable":"1","isVisible":"y"},{"fieldID":"0","uniquekey":"BusinessName","key":"Business Name","value":"","colType":"Text","isEditable":"1","isVisible":"y"}],"familyMemberDetails":{"isVisible":"y","familyMemberDetail":[{"familyMemberId":"281","memberName":"Namrata Vora","relationship":"Spouse","dOB":"18/11/1971","emailID":"","anniversary":"23/05/1993","contactNo":"1 9323212846","particulars":"","bloodGroup":""}]},"addressDetails":{"isResidanceAddrVisible":"y","isBusinessAddrVisible":"y","addressResult":[]}},{"masterID":"218","grpID":"1","profileID":"218","isAdmin":"yes","memberName":"Mr. Francis Thokala","memberEmail":"ca_guntur@chakiat.net","memberMobile":"+91 9441609037","memberCountry":"India","profilePic":"","familyPic":null,"Branch_Id":"11","Branch_Name":"Guntur","isPersonalDetVisible":"yes","member_date_of_birth":null,"member_date_of_wedding":null,"personalMemberDetails":[],"businessMemberDetails":[{"fieldID":"0","uniquekey":"member_buss_email","key":"Email","value":"","colType":"Email","isEditable":"1","isVisible":"y"},{"fieldID":"0","uniquekey":"businessPosition","key":"Designation","value":"","colType":"Text","isEditable":"1","isVisible":"y"},{"fieldID":"0","uniquekey":"BusinessName","key":"Business Name","value":"","colType":"Text","isEditable":"1","isVisible":"y"}],"familyMemberDetails":{"isVisible":"y","familyMemberDetail":[{"familyMemberId":"283","memberName":"Bina Shroff","relationship":"Spouse","dOB":"15/12/1967","emailID":"","anniversary":"28/11/1993","contactNo":"1 9821283598","particulars":"","bloodGroup":""}]},"addressDetails":{"isResidanceAddrVisible":"y","isBusinessAddrVisible":"y","addressResult":[]}},{"masterID":"219","grpID":"1","profileID":"219","isAdmin":"yes","memberName":"Mr. Kevin Earnest","memberEmail":"-","memberMobile":"+91 9846220351","memberCountry":"India","profilePic":"","familyPic":null,"Branch_Id":"4","Branch_Name":"Cochin","isPersonalDetVisible":"yes","member_date_of_birth":null,"member_date_of_wedding":null,"personalMemberDetails":[],"businessMemberDetails":[{"fieldID":"0","uniquekey":"member_buss_email","key":"Email","value":"","colType":"Email","isEditable":"1","isVisible":"y"},{"fieldID":"0","uniquekey":"businessPosition","key":"Designation","value":"","colType":"Text","isEditable":"1","isVisible":"y"},{"fieldID":"0","uniquekey":"BusinessName","key":"Business Name","value":"","colType":"Text","isEditable":"1","isVisible":"y"}],"familyMemberDetails":{"isVisible":"y","familyMemberDetail":[]},"addressDetails":{"isResidanceAddrVisible":"y","isBusinessAddrVisible":"y","addressResult":[]}},{"masterID":"220","grpID":"1","profileID":"220","isAdmin":"yes","memberName":"Mr. Ragesh P","memberEmail":"-","memberMobile":"+91 9846220380","memberCountry":"India","profilePic":"","familyPic":null,"Branch_Id":"4","Branch_Name":"Cochin","isPersonalDetVisible":"yes","member_date_of_birth":null,"member_date_of_wedding":null,"personalMemberDetails":[],"businessMemberDetails":[{"fieldID":"0","uniquekey":"member_buss_email","key":"Email","value":"","colType":"Email","isEditable":"1","isVisible":"y"},{"fieldID":"0","uniquekey":"businessPosition","key":"Designation","value":"","colType":"Text","isEditable":"1","isVisible":"y"},{"fieldID":"0","uniquekey":"BusinessName","key":"Business Name","value":"","colType":"Text","isEditable":"1","isVisible":"y"}],"familyMemberDetails":{"isVisible":"y","familyMemberDetail":[{"familyMemberId":"284","memberName":"Kanan Mehta","relationship":"Spouse","dOB":"13/07/1969","emailID":"","anniversary":"25/11/2012","contactNo":"1 9819119980","particulars":"","bloodGroup":""}]},"addressDetails":{"isResidanceAddrVisible":"y","isBusinessAddrVisible":"y","addressResult":[]}},{"masterID":"221","grpID":"1","profileID":"221","isAdmin":"yes","memberName":"Mr. Sarath Kumar S","memberEmail":"-","memberMobile":"+91 7358097555","memberCountry":"India","profilePic":"","familyPic":null,"Branch_Id":"2","Branch_Name":"Chennai","isPersonalDetVisible":"yes","member_date_of_birth":null,"member_date_of_wedding":null,"personalMemberDetails":[],"businessMemberDetails":[{"fieldID":"0","uniquekey":"member_buss_email","key":"Email","value":"","colType":"Email","isEditable":"1","isVisible":"y"},{"fieldID":"0","uniquekey":"businessPosition","key":"Designation","value":"","colType":"Text","isEditable":"1","isVisible":"y"},{"fieldID":"0","uniquekey":"BusinessName","key":"Business Name","value":"","colType":"Text","isEditable":"1","isVisible":"y"}],"familyMemberDetails":{"isVisible":"y","familyMemberDetail":[{"familyMemberId":"1","memberName":"Rajeshwri Murthy","relationship":"Spouse","dOB":"","emailID":"","anniversary":"","contactNo":"1 98804457119","particulars":"","bloodGroup":""},{"familyMemberId":"6898","memberName":"NandiniHarinath","relationship":"Child","dOB":"26/05/2013","emailID":"","anniversary":"","contactNo":"","particulars":"","bloodGroup":""},{"familyMemberId":"6899","memberName":"NischalGautam","relationship":"Child","dOB":"27/05/2013","emailID":"","anniversary":"","contactNo":"","particulars":"","bloodGroup":""}]},"addressDetails":{"isResidanceAddrVisible":"y","isBusinessAddrVisible":"y","addressResult":[]}},{"masterID":"223","grpID":"1","profileID":"223","isAdmin":"yes","memberName":"Mr. Somasekhar Katakamsetty","memberEmail":"-","memberMobile":"+91 9440191732","memberCountry":"India","profilePic":"","familyPic":null,"Branch_Id":"11","Branch_Name":"Guntur","isPersonalDetVisible":"yes","member_date_of_birth":null,"member_date_of_wedding":null,"personalMemberDetails":[],"businessMemberDetails":[{"fieldID":"0","uniquekey":"member_buss_email","key":"Email","value":"","colType":"Email","isEditable":"1","isVisible":"y"},{"fieldID":"0","uniquekey":"businessPosition","key":"Designation","value":"","colType":"Text","isEditable":"1","isVisible":"y"},{"fieldID":"0","uniquekey":"BusinessName","key":"Business Name","value":"","colType":"Text","isEditable":"1","isVisible":"y"}],"familyMemberDetails":{"isVisible":"y","familyMemberDetail":[{"familyMemberId":"147","memberName":"PHF SoumyaDayananda","relationship":"Spouse","dOB":"","emailID":"","anniversary":"","contactNo":"1 9448834972","particulars":"","bloodGroup":""},{"familyMemberId":"148","memberName":"Dhruvi","relationship":"Child","dOB":"04/10/2020","emailID":"","anniversary":"","contactNo":"","particulars":"","bloodGroup":""},{"familyMemberId":"149","memberName":"Daivik","relationship":"Child","dOB":"27/04/2020","emailID":"","anniversary":"","contactNo":"","particulars":"","bloodGroup":""}]},"addressDetails":{"isResidanceAddrVisible":"y","isBusinessAddrVisible":"y","addressResult":[]}}]}