{"MemberDetail":[{"masterID":"296","grpID":"1","profileID":"296","isAdmin":"yes","memberName":"Mr. Kalyan Vishwakarma","memberEmail":"kalyan@chakiat.net","memberMobile":"+91 9892217673","memberCountry":"India","profilePic":"","familyPic":null,"Branch_Id":"9","Branch_Name":"Mumbai","isPersonalDetVisible":"yes","member_date_of_birth":null,"member_date_of_wedding":null,"personalMemberDetails":[],"businessMemberDetails":[{"fieldID":"0","uniquekey":"member_buss_email","key":"Email","value":"","colType":"Email","isEditable":"1","isVisible":"y"},{"fieldID":"0","uniquekey":"businessPosition","key":"Designation","value":"","colType":"Text","isEditable":"1","isVisible":"y"},{"fieldID":"0","uniquekey":"BusinessName","key":"Business Name","value":"","colType":"Text","isEditable":"1","isVisible":"y"}],"familyMemberDetails":{"isVisible":"y","familyMemberDetail":[{"familyMemberId":"381","memberName":"Mona Mehta","relationship":"Spouse","dOB":"24/03/1964","emailID":"","anniversary":"13/02/2012","contactNo":"1 9820144738","particulars":"","bloodGroup":"B+ Ve"},{"familyMemberId":"382","memberName":"Harsh Mehta","relationship":"Child","dOB":"05/06/1992","emailID":"","anniversary":"","contactNo":"","particulars":"","bloodGroup":""},{"familyMemberId":"386","memberName":"Krish Mehta","relationship":"Child","dOB":"04/01/1996","emailID":"","anniversary":"","contactNo":"","particulars":"","bloodGroup":""}]},"addressDetails":{"isResidanceAddrVisible":"y","isBusinessAddrVisible":"y","addressResult":[]}},{"masterID":"301","grpID":"1","profileID":"301","isAdmin":"yes","memberName":"Mr. Shaik Rahman","memberEmail":"rahman@chakiat.net","memberMobile":"+91 9949158827","memberCountry":"India","profilePic":"","familyPic":null,"Branch_Id":"7","Branch_Name":"Hyderabad","isPersonalDetVisible":"yes","member_date_of_birth":null,"member_date_of_wedding":null,"personalMemberDetails":[],"businessMemberDetails":[{"fieldID":"0","uniquekey":"member_buss_email","key":"Email","value":"","colType":"Email","isEditable":"1","isVisible":"y"},{"fieldID":"0","uniquekey":"businessPosition","key":"Designation","value":"","colType":"Text","isEditable":"1","isVisible":"y"},{"fieldID":"0","uniquekey":"BusinessName","key":"Business Name","value":"","colType":"Text","isEditable":"1","isVisible":"y"}],"familyMemberDetails":{"isVisible":"y","familyMemberDetail":[{"familyMemberId":"390","memberName":"Pankajam","relationship":"Spouse","dOB":"26/12/2013","emailID":"","anniversary":"13/06/2013","contactNo":"","particulars":"","bloodGroup":"A+ Ve"},{"familyMemberId":"393","memberName":"Arun","relationship":"Son","dOB":"09/10/2013","emailID":"","anniversary":"","contactNo":"","particulars":"","bloodGroup":""},{"familyMemberId":"395","memberName":"Anandi","relationship":"Daughter","dOB":"01/03/2013","emailID":"","anniversary":"","contactNo":"","particulars":"","bloodGroup":""}]},"addressDetails":{"isResidanceAddrVisible":"y","isBusinessAddrVisible":"y","addressResult":[]}},{"masterID":"302","grpID":"1","profileID":"302","isAdmin":"yes","memberName":"Mr. Jeyanth Jason Thomas P","memberEmail":"jeyanth_thomas@chakiat.net","memberMobile":"+91 9894652600","memberCountry":"India","profilePic":"","familyPic":null,"Branch_Id":"3","Branch_Name":"Tuticorin","isPersonalDetVisible":"yes","member_date_of_birth":null,"member_date_of_wedding":null,"personalMemberDetails":[],"businessMemberDetails":[{"fieldID":"0","uniquekey":"member_buss_email","key":"Email","value":"","colType":"Email","isEditable":"1","isVisible":"y"},{"fieldID":"0","uniquekey":"businessPosition","key":"Designation","value":"","colType":"Text","isEditable":"1","isVisible":"y"},{"fieldID":"0","uniquekey":"BusinessName","key":"Business Name","value":"","colType":"Text","isEditable":"1","isVisible":"y"}],"familyMemberDetails":{"isVisible":"y","familyMemberDetail":[{"familyMemberId":"394","memberName":"NINA SHAH","relationship":"Spouse","dOB":"21/12/2019","emailID":"","anniversary":"16/05/2019","contactNo":"1 9987419680","particulars":"","bloodGroup":""}]},"addressDetails":{"isResidanceAddrVisible":"y","isBusinessAddrVisible":"y","addressResult":[]}},{"masterID":"303","grpID":"1","profileID":"303","isAdmin":"yes","memberName":"Mr. Velu N","memberEmail":"velu@chakiat.net","memberMobile":"+91 9789494601","memberCountry":"India","profilePic":"","familyPic":null,"Branch_Id":"3","Branch_Name":"Tuticorin","isPersonalDetVisible":"yes","member_date_of_birth":null,"member_date_of_wedding":null,"personalMemberDetails":[],"businessMemberDetails":[{"fieldID":"0","uniquekey":"member_buss_email","key":"Email","value":"","colType":"Email","isEditable":"1","isVisible":"y"},{"fieldID":"0","uniquekey":"businessPosition","key":"Designation","value":"","colType":"Text","isEditable":"1","isVisible":"y"},{"fieldID":"0","uniquekey":"BusinessName","key":"Business Name","value":"","colType":"Text","isEditable":"1","isVisible":"y"}],"familyMemberDetails":{"isVisible":"y","familyMemberDetail":[{"familyMemberId":"396","memberName":"Yakuta","relationship":"Spouse","dOB":"10/08/2013","emailID":"","anniversary":"20/12/2012","contactNo":"1 98211 24061","particulars":"","bloodGroup":"A+ Ve"},{"familyMemberId":"397","memberName":"Ali","relationship":"Son","dOB":"01/07/1995","emailID":"","anniversary":"","contactNo":"","particulars":"","bloodGroup":""},{"familyMemberId":"398","memberName":"Ammar","relationship":"Son","dOB":"19/10/1999","emailID":"","anniversary":"","contactNo":"","particulars":"","bloodGroup":""}]},"addressDetails":{"isResidanceAddrVisible":"y","isBusinessAddrVisible":"y","addressResult":[]}},{"masterID":"304","grpID":"1","profileID":"304","isAdmin":"yes","memberName":"Mr. Maria Selvan S","memberEmail":"selvan@chakiat.net","memberMobile":"+91 8870015070","memberCountry":"India","profilePic":"","familyPic":null,"Branch_Id":"3","Branch_Name":"Tuticorin","isPersonalDetVisible":"yes","member_date_of_birth":null,"member_date_of_wedding":null,"personalMemberDetails":[],"businessMemberDetails":[{"fieldID":"0","uniquekey":"member_buss_email","key":"Email","value":"","colType":"Email","isEditable":"1","isVisible":"y"},{"fieldID":"0","uniquekey":"businessPosition","key":"Designation","value":"","colType":"Text","isEditable":"1","isVisible":"y"},{"fieldID":"0","uniquekey":"BusinessName","key":"Business Name","value":"","colType":"Text","isEditable":"1","isVisible":"y"}],"familyMemberDetails":{"isVisible":"y","familyMemberDetail":[{"familyMemberId":"403","memberName":"Rujuta Dalal","relationship":"Spouse","dOB":"31/08/2013","emailID":"","anniversary":"20/12/1989","contactNo":"1 9821049689","particulars":"","bloodGroup":"A+ Ve"},{"familyMemberId":"405","memberName":"Rohan Dalal","relationship":"Child","dOB":"03/11/1993","emailID":"","anniversary":"","contactNo":"","particulars":"","bloodGroup":""},{"familyMemberId":"406","memberName":"Saachi Dalal","relationship":"Child","dOB":"20/10/1996","emailID":"","anniversary":"","contactNo":"","particulars":"","bloodGroup":""}]},"addressDetails":{"isResidanceAddrVisible":"y","isBusinessAddrVisible":"y","addressResult":[]}},{"masterID":"305","grpID":"1","profileID":"305","isAdmin":"yes","memberName":"Mr. Annamalai Rajan R","memberEmail":"a_rajan@chakiat.net","memberMobile":"+91 9894652607","memberCountry":"India","profilePic":"","familyPic":null,"Branch_Id":"3","Branch_Name":"Tuticorin","isPersonalDetVisible":"yes","member_date_of_birth":null,"member_date_of_wedding":null,"personalMemberDetails":[],"businessMemberDetails":[{"fieldID":"0","uniquekey":"member_buss_email","key":"Email","value":"","colType":"Email","isEditable":"1","isVisible":"y"},{"fieldID":"0","uniquekey":"businessPosition","key":"Designation","value":"","colType":"Text","isEditable":"1","isVisible":"y"},{"fieldID":"0","uniquekey":"BusinessName","key":"Business Name","value":"","colType":"Text","isEditable":"1","isVisible":"y"}],"familyMemberDetails":{"isVisible":"y","familyMemberDetail":[{"familyMemberId":"399","memberName":"Neelam","relationship":"Spouse","dOB":"26/09/2013","emailID":"","anniversary":"27/04/2012","contactNo":"","particulars":"","bloodGroup":"B+ Ve"},{"familyMemberId":"401","memberName":"Khyali","relationship":"Daughter","dOB":"27/09/2013","emailID":"","anniversary":"","contactNo":"","particulars":"","bloodGroup":"B+ Ve"},{"familyMemberId":"402","memberName":"Bansi","relationship":"Daughter","dOB":"01/10/2013","emailID":"","anniversary":"","contactNo":"","particulars":"","bloodGroup":"B+ Ve"},{"familyMemberId":"404","memberName":"Rushabh Rakshit","relationship":"Son","dOB":"04/06/2013","emailID":"","anniversary":"","contactNo":"","particulars":"","bloodGroup":"B+ Ve"}]},"addressDetails":{"isResidanceAddrVisible":"y","isBusinessAddrVisible":"y","addressResult":[]}},{"masterID":"307","grpID":"1","profileID":"307","isAdmin":"yes","memberName":"Mr. Camilus P Rayen L","memberEmail":"cami@chakiat.net","memberMobile":"+91 9894661601","memberCountry":"India","profilePic":"","familyPic":null,"Branch_Id":"3","Branch_Name":"Tuticorin","isPersonalDetVisible":"yes","member_date_of_birth":null,"member_date_of_wedding":null,"personalMemberDetails":[],"businessMemberDetails":[{"fieldID":"0","uniquekey":"member_buss_email","key":"Email","value":"","colType":"Email","isEditable":"1","isVisible":"y"},{"fieldID":"0","uniquekey":"businessPosition","key":"Designation","value":"","colType":"Text","isEditable":"1","isVisible":"y"},{"fieldID":"0","uniquekey":"BusinessName","key":"Business Name","value":"","colType":"Text","isEditable":"1","isVisible":"y"}],"familyMemberDetails":{"isVisible":"y","familyMemberDetail":[{"familyMemberId":"407","memberName":"Rupam","relationship":"Spouse","dOB":"09/04/2013","emailID":"","anniversary":"27/01/2012","contactNo":"1 9820021704","particulars":"","bloodGroup":"A+ Ve"},{"familyMemberId":"408","memberName":"Mirang","relationship":"Child","dOB":"12/02/1990","emailID":"","anniversary":"","contactNo":"","particulars":"","bloodGroup":""},{"familyMemberId":"409","memberName":"Vipasha","relationship":"Child","dOB":"15/07/1993","emailID":"","anniversary":"","contactNo":"","particulars":"","bloodGroup":""}]},"addressDetails":{"isResidanceAddrVisible":"y","isBusinessAddrVisible":"y","addressResult":[]}},{"masterID":"308","grpID":"1","profileID":"308","isAdmin":"yes","memberName":"Mr. Saravana Perumal S","memberEmail":"saravanan@chakiat.net","memberMobile":"+91 9789775450","memberCountry":"India","profilePic":"","familyPic":null,"Branch_Id":"3","Branch_Name":"Tuticorin","isPersonalDetVisible":"yes","member_date_of_birth":null,"member_date_of_wedding":null,"personalMemberDetails":[],"businessMemberDetails":[{"fieldID":"0","uniquekey":"member_buss_email","key":"Email","value":"","colType":"Email","isEditable":"1","isVisible":"y"},{"fieldID":"0","uniquekey":"businessPosition","key":"Designation","value":"","colType":"Text","isEditable":"1","isVisible":"y"},{"fieldID":"0","uniquekey":"BusinessName","key":"Business Name","value":"","colType":"Text","isEditable":"1","isVisible":"y"}],"familyMemberDetails":{"isVisible":"y","familyMemberDetail":[{"familyMemberId":"410","memberName":"Preeti ","relationship":"Spouse","dOB":"10/11/2013","emailID":"","anniversary":"06/11/2012","contactNo":"","particulars":"","bloodGroup":""},{"familyMemberId":"412","memberName":"Priyanshu","relationship":"Daughter","dOB":"20/09/2013","emailID":"","anniversary":"","contactNo":"","particulars":"","bloodGroup":""},{"familyMemberId":"413","memberName":"Prashant","relationship":"Son","dOB":"10/08/2013","emailID":"","anniversary":"","contactNo":"","particulars":"","bloodGroup":""}]},"addressDetails":{"isResidanceAddrVisible":"y","isBusinessAddrVisible":"y","addressResult":[]}},{"masterID":"310","grpID":"1","profileID":"310","isAdmin":"yes","memberName":"Mr. Senthil Arumugam","memberEmail":"senthil@chakiat.net","memberMobile":"+91 7708061601","memberCountry":"India","profilePic":"","familyPic":null,"Branch_Id":"3","Branch_Name":"Tuticorin","isPersonalDetVisible":"yes","member_date_of_birth":null,"member_date_of_wedding":null,"personalMemberDetails":[],"businessMemberDetails":[{"fieldID":"0","uniquekey":"member_buss_email","key":"Email","value":"","colType":"Email","isEditable":"1","isVisible":"y"},{"fieldID":"0","uniquekey":"businessPosition","key":"Designation","value":"","colType":"Text","isEditable":"1","isVisible":"y"},{"fieldID":"0","uniquekey":"BusinessName","key":"Business Name","value":"","colType":"Text","isEditable":"1","isVisible":"y"}],"familyMemberDetails":{"isVisible":"y","familyMemberDetail":[{"familyMemberId":"415","memberName":"Sonal Shah","relationship":"Spouse","dOB":"25/10/1970","emailID":"","anniversary":"26/01/2012","contactNo":"1 9821310268","particulars":"","bloodGroup":"O+"},{"familyMemberId":"418","memberName":"Priyal shah","relationship":"Child","dOB":"06/06/1995","emailID":"","anniversary":"","contactNo":"","particulars":"","bloodGroup":""},{"familyMemberId":"419","memberName":"Priyanka Shah","relationship":"Child","dOB":"06/06/1995","emailID":"","anniversary":"","contactNo":"","particulars":"","bloodGroup":""}]},"addressDetails":{"isResidanceAddrVisible":"y","isBusinessAddrVisible":"y","addressResult":[]}},{"masterID":"312","grpID":"1","profileID":"312","isAdmin":"yes","memberName":"Mr. Padagalingam D","memberEmail":"lingam@chakiat.net","memberMobile":"+91 9789775451","memberCountry":"India","profilePic":"","familyPic":null,"Branch_Id":"3","Branch_Name":"Tuticorin","isPersonalDetVisible":"yes","member_date_of_birth":null,"member_date_of_wedding":null,"personalMemberDetails":[],"businessMemberDetails":[{"fieldID":"0","uniquekey":"member_buss_email","key":"Email","value":"","colType":"Email","isEditable":"1","isVisible":"y"},{"fieldID":"0","uniquekey":"businessPosition","key":"Designation","value":"","colType":"Text","isEditable":"1","isVisible":"y"},{"fieldID":"0","uniquekey":"BusinessName","key":"Business Name","value":"","colType":"Text","isEditable":"1","isVisible":"y"}],"familyMemberDetails":{"isVisible":"y","familyMemberDetail":[{"familyMemberId":"58181","memberName":"VIMMY","relationship":"Spouse","dOB":"","emailID":"","anniversary":"09/10/2012","contactNo":"","particulars":"","bloodGroup":""}]},"addressDetails":{"isResidanceAddrVisible":"y","isBusinessAddrVisible":"y","addressResult":[]}}]}