{"MemberDetail":[{"masterID":"47","grpID":"1","profileID":"47","isAdmin":"yes","memberName":"Mr. Vincent K J","memberEmail":"vincent@chakiat.net","memberMobile":"+91 9946106040","memberCountry":"India","profilePic":"","familyPic":null,"Branch_Id":"4","Branch_Name":"Cochin","isPersonalDetVisible":"yes","member_date_of_birth":null,"member_date_of_wedding":null,"personalMemberDetails":[],"businessMemberDetails":[{"fieldID":"0","uniquekey":"member_buss_email","key":"Email","value":"","colType":"Email","isEditable":"1","isVisible":"y"},{"fieldID":"0","uniquekey":"businessPosition","key":"Designation","value":"","colType":"Text","isEditable":"1","isVisible":"y"},{"fieldID":"0","uniquekey":"BusinessName","key":"Business Name","value":"","colType":"Text","isEditable":"1","isVisible":"y"}],"familyMemberDetails":{"isVisible":"y","familyMemberDetail":[{"familyMemberId":"32005","memberName":"NAMIT JAISWAL","relationship":"Son","dOB":"02/05/2012","emailID":"namitnrj@gmail.com","anniversary":"","contactNo":"1 8879502010","particulars":"","bloodGroup":"AB +ve"},{"familyMemberId":"33611","memberName":"PRANJUL JAISWAL","relationship":"Spouse","dOB":"16/02/2012","emailID":"pranjuljaiswal@yahoo.co.in","anniversary":"26/12/2012","contactNo":"1 7738000937","particulars":"","bloodGroup":"B +ve"}]},"addressDetails":{"isResidanceAddrVisible":"y","isBusinessAddrVisible":"y","addressResult":[]}},{"masterID":"48","grpID":"1","profileID":"48","isAdmin":"yes","memberName":"Mr. Sivadas G","memberEmail":"sivadas@chakiat.net","memberMobile":"+91 9846139700","memberCountry":"India","profilePic":"","familyPic":null,"Branch_Id":"4","Branch_Name":"Cochin","isPersonalDetVisible":"yes","member_date_of_birth":null,"member_date_of_wedding":null,"personalMemberDetails":[],"businessMemberDetails":[{"fieldID":"0","uniquekey":"member_buss_email","key":"Email","value":"","colType":"Email","isEditable":"1","isVisible":"y"},{"fieldID":"0","uniquekey":"businessPosition","key":"Designation","value":"","colType":"Text","isEditable":"1","isVisible":"y"},{"fieldID":"0","uniquekey":"BusinessName","key":"Business Name","value":"","colType":"Text","isEditable":"1","isVisible":"y"}],"familyMemberDetails":{"isVisible":"y","familyMemberDetail":[{"familyMemberId":"23","memberName":"GAURAV DUDUSKAR","relationship":"Son","dOB":"18/05/2012","emailID":"","anniversary":"","contactNo":"","particulars":"","bloodGroup":""},{"familyMemberId":"25","memberName":"AKSHAYA DUDUSKAR","relationship":"Spouse","dOB":"22/11/2012","emailID":"","anniversary":"14/02/2012","contactNo":"1 9930840614","particulars":"","bloodGroup":"B+ Ve"},{"familyMemberId":"35068","memberName":"SUPRIYA DUDUSKAR","relationship":"Daughter","dOB":"05/03/2012","emailID":"","anniversary":"","contactNo":"","particulars":"","bloodGroup":"A+ Ve"},{"familyMemberId":"37586","memberName":"AMRUTA DUDUSKAR","relationship":"Daughter","dOB":"25/11/2012","emailID":"","anniversary":"","contactNo":"","particulars":"","bloodGroup":"O+ Ve"}]},"addressDetails":{"isResidanceAddrVisible":"y","isBusinessAddrVisible":"y","addressResult":[]}},{"masterID":"49","grpID":"1","profileID":"49","isAdmin":"yes","memberName":"Mr. Mohanakumaran M","memberEmail":"mohan@chakiat.net","memberMobile":"+91 9946833854","memberCountry":"India","profilePic":"","familyPic":null,"Branch_Id":"4","Branch_Name":"Cochin","isPersonalDetVisible":"yes","member_date_of_birth":null,"member_date_of_wedding":null,"personalMemberDetails":[],"businessMemberDetails":[{"fieldID":"0","uniquekey":"member_buss_email","key":"Email","value":"","colType":"Email","isEditable":"1","isVisible":"y"},{"fieldID":"0","uniquekey":"businessPosition","key":"Designation","value":"","colType":"Text","isEditable":"1","isVisible":"y"},{"fieldID":"0","uniquekey":"BusinessName","key":"Business Name","value":"","colType":"Text","isEditable":"1","isVisible":"y"}],"familyMemberDetails":{"isVisible":"y","familyMemberDetail":[]},"addressDetails":{"isResidanceAddrVisible":"y","isBusinessAddrVisible":"y","addressResult":[]}},{"masterID":"50","grpID":"1","profileID":"50","isAdmin":"yes","memberName":"Mr. Sreesh P","memberEmail":"-","memberMobile":"+91 9846020340","memberCountry":"India","profilePic":"","familyPic":null,"Branch_Id":"4","Branch_Name":"Cochin","isPersonalDetVisible":"yes","member_date_of_birth":null,"member_date_of_wedding":null,"personalMemberDetails":[],"businessMemberDetails":[{"fieldID":"0","uniquekey":"member_buss_email","key":"Email","value":"","colType":"Email","isEditable":"1","isVisible":"y"},{"fieldID":"0","uniquekey":"businessPosition","key":"Designation","value":"","colType":"Text","isEditable":"1","isVisible":"y"},{"fieldID":"0","uniquekey":"BusinessName","key":"Business Name","value":"","colType":"Text","isEditable":"1","isVisible":"y"}],"familyMemberDetails":{"isVisible":"y","familyMemberDetail":[]},"addressDetails":{"isResidanceAddrVisible":"y","isBusinessAddrVisible":"y","addressResult":[]}},{"masterID":"51","grpID":"1","profileID":"51","isAdmin":"yes","memberName":"Mr. Girish Kumar A P","memberEmail":"-","memberMobile":"+91 9846420340","memberCountry":"India","profilePic":"","familyPic":null,"Branch_Id":"4","Branch_Name":"Cochin","isPersonalDetVisible":"yes","member_date_of_birth":null,"member_date_of_wedding":null,"personalMemberDetails":[],"businessMemberDetails":[{"fieldID":"0","uniquekey":"member_buss_email","key":"Email","value":"","colType":"Email","isEditable":"1","isVisible":"y"},{"fieldID":"0","uniquekey":"businessPosition","key":"Designation","value":"","colType":"Text","isEditable":"1","isVisible":"y"},{"fieldID":"0","uniquekey":"BusinessName","key":"Business Name","value":"","colType":"Text","isEditable":"1","isVisible":"y"}],"familyMemberDetails":{"isVisible":"y","familyMemberDetail":[{"familyMemberId":"62","memberName":"SACHI SONGADKAR","relationship":"Daughter","dOB":"31/12/2012","emailID":"","anniversary":"","contactNo":"","particulars":"NA","bloodGroup":"O +ve"},{"familyMemberId":"63","memberName":"PRACHI SONGADKAR","relationship":"Spouse","dOB":"12/08/2012","emailID":"songadkarprachi@gmail.com","anniversary":"16/03/2012","contactNo":"1 9870296497","particulars":"NA","bloodGroup":"B -ve"}]},"addressDetails":{"isResidanceAddrVisible":"y","isBusinessAddrVisible":"y","addressResult":[]}},{"masterID":"52","grpID":"1","profileID":"52","isAdmin":"yes","memberName":"Mr. Biju P V","memberEmail":"bijupv@chakiat.net","memberMobile":"+91 9946624999","memberCountry":"India","profilePic":"","familyPic":null,"Branch_Id":"4","Branch_Name":"Cochin","isPersonalDetVisible":"yes","member_date_of_birth":null,"member_date_of_wedding":null,"personalMemberDetails":[],"businessMemberDetails":[{"fieldID":"0","uniquekey":"member_buss_email","key":"Email","value":"","colType":"Email","isEditable":"1","isVisible":"y"},{"fieldID":"0","uniquekey":"businessPosition","key":"Designation","value":"","colType":"Text","isEditable":"1","isVisible":"y"},{"fieldID":"0","uniquekey":"BusinessName","key":"Business Name","value":"","colType":"Text","isEditable":"1","isVisible":"y"}],"familyMemberDetails":{"isVisible":"y","familyMemberDetail":[{"familyMemberId":"7580","memberName":"Dr. Jyoti Matalia","relationship":"Spouse","dOB":"15/04/2013","emailID":"","anniversary":"08/12/2013","contactNo":"1 9341996565","particulars":"","bloodGroup":""}]},"addressDetails":{"isResidanceAddrVisible":"y","isBusinessAddrVisible":"y","addressResult":[]}},{"masterID":"53","grpID":"1","profileID":"53","isAdmin":"yes","memberName":"Mr. Sathish Kumar K R","memberEmail":"accounts_cochin@chakiat.net","memberMobile":"+91 9656109781","memberCountry":"India","profilePic":"","familyPic":null,"Branch_Id":"4","Branch_Name":"Cochin","isPersonalDetVisible":"yes","member_date_of_birth":null,"member_date_of_wedding":null,"personalMemberDetails":[],"businessMemberDetails":[{"fieldID":"0","uniquekey":"member_buss_email","key":"Email","value":"","colType":"Email","isEditable":"1","isVisible":"y"},{"fieldID":"0","uniquekey":"businessPosition","key":"Designation","value":"","colType":"Text","isEditable":"1","isVisible":"y"},{"fieldID":"0","uniquekey":"BusinessName","key":"Business Name","value":"","colType":"Text","isEditable":"1","isVisible":"y"}],"familyMemberDetails":{"isVisible":"y","familyMemberDetail":[{"familyMemberId":"121","memberName":"RIA BARVE","relationship":"Daughter","dOB":"14/11/2012","emailID":"","anniversary":"","contactNo":"1 7506359909","particulars":"","bloodGroup":""},{"familyMemberId":"122","memberName":"VRUSHALI BARVE","relationship":"Spouse","dOB":"17/10/2012","emailID":"","anniversary":"14/11/2012","contactNo":"1 9821687774","particulars":"","bloodGroup":""}]},"addressDetails":{"isResidanceAddrVisible":"y","isBusinessAddrVisible":"y","addressResult":[]}},{"masterID":"54","grpID":"1","profileID":"54","isAdmin":"yes","memberName":"Mr. Sunil P V","memberEmail":"sunilpv@chakiat.net","memberMobile":"+91 9745500380","memberCountry":"India","profilePic":"","familyPic":null,"Branch_Id":"4","Branch_Name":"Cochin","isPersonalDetVisible":"yes","member_date_of_birth":null,"member_date_of_wedding":null,"personalMemberDetails":[],"businessMemberDetails":[{"fieldID":"0","uniquekey":"member_buss_email","key":"Email","value":"","colType":"Email","isEditable":"1","isVisible":"y"},{"fieldID":"0","uniquekey":"businessPosition","key":"Designation","value":"","colType":"Text","isEditable":"1","isVisible":"y"},{"fieldID":"0","uniquekey":"BusinessName","key":"Business Name","value":"","colType":"Text","isEditable":"1","isVisible":"y"}],"familyMemberDetails":{"isVisible":"y","familyMemberDetail":[{"familyMemberId":"29","memberName":"SAANVI SHETTY","relationship":"Daughter","dOB":"30/06/2012","emailID":"","anniversary":"","contactNo":"","particulars":"","bloodGroup":""},{"familyMemberId":"31","memberName":"YASH SHETTY","relationship":"Son","dOB":"09/08/2012","emailID":"","anniversary":"","contactNo":"","particulars":"","bloodGroup":""},{"familyMemberId":"32","memberName":"SHIVANI SHETTY","relationship":"Spouse","dOB":"01/12/2012","emailID":"","anniversary":"16/02/2012","contactNo":"1 9819735692","particulars":"","bloodGroup":""}]},"addressDetails":{"isResidanceAddrVisible":"y","isBusinessAddrVisible":"y","addressResult":[]}},{"masterID":"55","grpID":"1","profileID":"55","isAdmin":"yes","memberName":"Ms. Manjusha Sudheer","memberEmail":"cocdocs1@chakiat.net","memberMobile":"+91 8281339824","memberCountry":"India","profilePic":"","familyPic":null,"Branch_Id":"4","Branch_Name":"Cochin","isPersonalDetVisible":"yes","member_date_of_birth":null,"member_date_of_wedding":null,"personalMemberDetails":[],"businessMemberDetails":[{"fieldID":"0","uniquekey":"member_buss_email","key":"Email","value":"","colType":"Email","isEditable":"1","isVisible":"y"},{"fieldID":"0","uniquekey":"businessPosition","key":"Designation","value":"","colType":"Text","isEditable":"1","isVisible":"y"},{"fieldID":"0","uniquekey":"BusinessName","key":"Business Name","value":"","colType":"Text","isEditable":"1","isVisible":"y"}],"familyMemberDetails":{"isVisible":"y","familyMemberDetail":[]},"addressDetails":{"isResidanceAddrVisible":"y","isBusinessAddrVisible":"y","addressResult":[]}},{"masterID":"56","grpID":"1","profileID":"56","isAdmin":"yes","memberName":"Mr. Ramakrishnan K N","memberEmail":"-","memberMobile":"+91 9048966425","memberCountry":"India","profilePic":"","familyPic":null,"Branch_Id":"4","Branch_Name":"Cochin","isPersonalDetVisible":"yes","member_date_of_birth":null,"member_date_of_wedding":null,"personalMemberDetails":[],"businessMemberDetails":[{"fieldID":"0","uniquekey":"member_buss_email","key":"Email","value":"","colType":"Email","isEditable":"1","isVisible":"y"},{"fieldID":"0","uniquekey":"businessPosition","key":"Designation","value":"","colType":"Text","isEditable":"1","isVisible":"y"},{"fieldID":"0","uniquekey":"BusinessName","key":"Business Name","value":"","colType":"Text","isEditable":"1","isVisible":"y"}],"familyMemberDetails":{"isVisible":"y","familyMemberDetail":[{"familyMemberId":"137","memberName":"Gandhali","relationship":"Daughter","dOB":"08/02/2019","emailID":"gandhalibhide1@gmail.com","anniversary":"","contactNo":"1 9920572201","particulars":"","bloodGroup":""},{"familyMemberId":"33710","memberName":"Yashodhara","relationship":"Spouse","dOB":"06/10/2019","emailID":"","anniversary":"05/12/2019","contactNo":"1 9969417578","particulars":"","bloodGroup":""}]},"addressDetails":{"isResidanceAddrVisible":"y","isBusinessAddrVisible":"y","addressResult":[]}}]}