{"MemberDetail":[{"masterID":"33","grpID":"1","profileID":"33","isAdmin":"yes","memberName":"Mr. Arockia Anto Sounder Raja A","memberEmail":"cnfraja@chakiat.net","memberMobile":"+91 9894662601","memberCountry":"India","profilePic":"","familyPic":null,"Branch_Id":"3","Branch_Name":"Tuticorin","isPersonalDetVisible":"yes","member_date_of_birth":null,"member_date_of_wedding":null,"personalMemberDetails":[],"businessMemberDetails":[{"fieldID":"0","uniquekey":"member_buss_email","key":"Email","value":"","colType":"Email","isEditable":"1","isVisible":"y"},{"fieldID":"0","uniquekey":"businessPosition","key":"Designation","value":"","colType":"Text","isEditable":"1","isVisible":"y"},{"fieldID":"0","uniquekey":"BusinessName","key":"Business Name","value":"","colType":"Text","isEditable":"1","isVisible":"y"}],"familyMemberDetails":{"isVisible":"y","familyMemberDetail":[{"familyMemberId":"42","memberName":"LATA GWALANI","relationship":"Spouse","dOB":"03/07/2019","emailID":"","anniversary":"15/11/2019","contactNo":"1 9820102213","particulars":"","bloodGroup":"O +ve"},{"familyMemberId":"49","memberName":"SAGAR GWALANI","relationship":"Son","dOB":"01/06/2019","emailID":"","anniversary":"","contactNo":"","particulars":"","bloodGroup":"O +ve"}]},"addressDetails":{"isResidanceAddrVisible":"y","isBusinessAddrVisible":"y","addressResult":[]}},{"masterID":"35","grpID":"1","profileID":"35","isAdmin":"yes","memberName":"Mr. Ari Murugan M","memberEmail":"ari@chakiat.net","memberMobile":"+91 9976284440","memberCountry":"India","profilePic":"","familyPic":null,"Branch_Id":"3","Branch_Name":"Tuticorin","isPersonalDetVisible":"yes","member_date_of_birth":null,"member_date_of_wedding":null,"personalMemberDetails":[],"businessMemberDetails":[{"fieldID":"0","uniquekey":"member_buss_email","key":"Email","value":"","colType":"Email","isEditable":"1","isVisible":"y"},{"fieldID":"0","uniquekey":"businessPosition","key":"Designation","value":"","colType":"Text","isEditable":"1","isVisible":"y"},{"fieldID":"0","uniquekey":"BusinessName","key":"Business Name","value":"","colType":"Text","isEditable":"1","isVisible":"y"}],"familyMemberDetails":{"isVisible":"y","familyMemberDetail":[{"familyMemberId":"7581","memberName":"Shitu Agarwal","relationship":"Spouse","dOB":"28/01/1980","emailID":"","anniversary":"24/02/2004","contactNo":"1 9980044101","particulars":"","bloodGroup":""}]},"addressDetails":{"isResidanceAddrVisible":"y","isBusinessAddrVisible":"y","addressResult":[]}},{"masterID":"36","grpID":"1","profileID":"36","isAdmin":"yes","memberName":"Mr. Sabarigiri R","memberEmail":"docs_tuticorin@chakiat.net","memberMobile":"+91 9944222237","memberCountry":"India","profilePic":"","familyPic":null,"Branch_Id":"3","Branch_Name":"Tuticorin","isPersonalDetVisible":"yes","member_date_of_birth":null,"member_date_of_wedding":null,"personalMemberDetails":[],"businessMemberDetails":[{"fieldID":"0","uniquekey":"member_buss_email","key":"Email","value":"","colType":"Email","isEditable":"1","isVisible":"y"},{"fieldID":"0","uniquekey":"businessPosition","key":"Designation","value":"","colType":"Text","isEditable":"1","isVisible":"y"},{"fieldID":"0","uniquekey":"BusinessName","key":"Business Name","value":"","colType":"Text","isEditable":"1","isVisible":"y"}],"familyMemberDetails":{"isVisible":"y","familyMemberDetail":[{"familyMemberId":"95","memberName":"DIVYA ASNANI","relationship":"Daughter","dOB":"05/02/2012","emailID":"","anniversary":"","contactNo":"","particulars":"","bloodGroup":"B+ Ve"},{"familyMemberId":"33624","memberName":"RITIKA ASNANI","relationship":"Daughter","dOB":"24/09/2012","emailID":"","anniversary":"","contactNo":"","particulars":"","bloodGroup":"B+ Ve"},{"familyMemberId":"33625","memberName":"JAYA ASNANI","relationship":"Spouse","dOB":"21/07/2012","emailID":"","anniversary":"25/11/2012","contactNo":"1 9323166100","particulars":"","bloodGroup":"B+ Ve"}]},"addressDetails":{"isResidanceAddrVisible":"y","isBusinessAddrVisible":"y","addressResult":[]}},{"masterID":"38","grpID":"1","profileID":"38","isAdmin":"yes","memberName":"Mr. John Paul Sudhakar","memberEmail":"sudhakar@chakiat.net","memberMobile":"","memberCountry":"India","profilePic":"","familyPic":null,"Branch_Id":"3","Branch_Name":"Tuticorin","isPersonalDetVisible":"yes","member_date_of_birth":null,"member_date_of_wedding":null,"personalMemberDetails":[],"businessMemberDetails":[{"fieldID":"0","uniquekey":"member_buss_email","key":"Email","value":"","colType":"Email","isEditable":"1","isVisible":"y"},{"fieldID":"0","uniquekey":"businessPosition","key":"Designation","value":"","colType":"Text","isEditable":"1","isVisible":"y"},{"fieldID":"0","uniquekey":"BusinessName","key":"Business Name","value":"","colType":"Text","isEditable":"1","isVisible":"y"}],"familyMemberDetails":{"isVisible":"y","familyMemberDetail":[{"familyMemberId":"106","memberName":"MAITREYEE LIKHITE","relationship":"Daughter","dOB":"26/07/2019","emailID":"","anniversary":"","contactNo":"","particulars":"","bloodGroup":"O+ Ve"},{"familyMemberId":"107","memberName":"VARSHA LIKHITE","relationship":"Spouse","dOB":"29/09/2019","emailID":"","anniversary":"24/11/2019","contactNo":"1 9892023810","particulars":"PHF","bloodGroup":"O+ Ve"},{"familyMemberId":"33638","memberName":"NIDHI LIKHITE","relationship":"Daughter","dOB":"06/09/2019","emailID":"","anniversary":"","contactNo":"","particulars":"","bloodGroup":"A+ Ve"}]},"addressDetails":{"isResidanceAddrVisible":"y","isBusinessAddrVisible":"y","addressResult":[]}},{"masterID":"40","grpID":"1","profileID":"40","isAdmin":"yes","memberName":"Mr. Manoj Mari S","memberEmail":"manoj@chakiat.net","memberMobile":"+91 8973367207","memberCountry":"India","profilePic":"","familyPic":null,"Branch_Id":"3","Branch_Name":"Tuticorin","isPersonalDetVisible":"yes","member_date_of_birth":null,"member_date_of_wedding":null,"personalMemberDetails":[],"businessMemberDetails":[{"fieldID":"0","uniquekey":"member_buss_email","key":"Email","value":"","colType":"Email","isEditable":"1","isVisible":"y"},{"fieldID":"0","uniquekey":"businessPosition","key":"Designation","value":"","colType":"Text","isEditable":"1","isVisible":"y"},{"fieldID":"0","uniquekey":"BusinessName","key":"Business Name","value":"","colType":"Text","isEditable":"1","isVisible":"y"}],"familyMemberDetails":{"isVisible":"y","familyMemberDetail":[{"familyMemberId":"108","memberName":"MOHNISH LAD","relationship":"Son","dOB":"21/10/2012","emailID":"","anniversary":"","contactNo":"","particulars":"","bloodGroup":"B+ Ve"},{"familyMemberId":"33640","memberName":"APARNA LAD","relationship":"Spouse","dOB":"13/11/2012","emailID":"","anniversary":"03/12/2012","contactNo":"1 9819190416","particulars":"","bloodGroup":"A+ Ve"}]},"addressDetails":{"isResidanceAddrVisible":"y","isBusinessAddrVisible":"y","addressResult":[]}},{"masterID":"42","grpID":"1","profileID":"42","isAdmin":"yes","memberName":"Mr. Senthil S","memberEmail":"s_senthil@chakiat.net","memberMobile":"+91 9940009754","memberCountry":"India","profilePic":"","familyPic":null,"Branch_Id":"2","Branch_Name":"Chennai","isPersonalDetVisible":"yes","member_date_of_birth":null,"member_date_of_wedding":null,"personalMemberDetails":[],"businessMemberDetails":[{"fieldID":"0","uniquekey":"member_buss_email","key":"Email","value":"","colType":"Email","isEditable":"1","isVisible":"y"},{"fieldID":"0","uniquekey":"businessPosition","key":"Designation","value":"","colType":"Text","isEditable":"1","isVisible":"y"},{"fieldID":"0","uniquekey":"BusinessName","key":"Business Name","value":"","colType":"Text","isEditable":"1","isVisible":"y"}],"familyMemberDetails":{"isVisible":"y","familyMemberDetail":[{"familyMemberId":"15","memberName":"ANUSHKA APTE","relationship":"Gr Daughter","dOB":"22/08/2012","emailID":"","anniversary":"","contactNo":"","particulars":"","bloodGroup":""},{"familyMemberId":"16","memberName":"SHREYA APTE","relationship":"D-in-Law","dOB":"28/01/2012","emailID":"","anniversary":"","contactNo":"","particulars":"","bloodGroup":""},{"familyMemberId":"99","memberName":"ROHIT APTE","relationship":"Son","dOB":"28/01/2012","emailID":"","anniversary":"","contactNo":"","particulars":"","bloodGroup":""},{"familyMemberId":"100","memberName":"AMIT APTE","relationship":"Son","dOB":"04/04/2012","emailID":"","anniversary":"28/05/2018","contactNo":"","particulars":"","bloodGroup":""},{"familyMemberId":"101","memberName":"SWATI APTE","relationship":"Spouse","dOB":"26/02/2012","emailID":"","anniversary":"02/05/2012","contactNo":"1 9820674429","particulars":"","bloodGroup":""}]},"addressDetails":{"isResidanceAddrVisible":"y","isBusinessAddrVisible":"y","addressResult":[]}},{"masterID":"43","grpID":"1","profileID":"43","isAdmin":"yes","memberName":"Mr. Ankush Dagadu Chavan","memberEmail":"ankush@chakiat.net","memberMobile":"+91 9769109815","memberCountry":"India","profilePic":"","familyPic":null,"Branch_Id":"9","Branch_Name":"Mumbai","isPersonalDetVisible":"yes","member_date_of_birth":null,"member_date_of_wedding":null,"personalMemberDetails":[],"businessMemberDetails":[{"fieldID":"0","uniquekey":"member_buss_email","key":"Email","value":"","colType":"Email","isEditable":"1","isVisible":"y"},{"fieldID":"0","uniquekey":"businessPosition","key":"Designation","value":"","colType":"Text","isEditable":"1","isVisible":"y"},{"fieldID":"0","uniquekey":"BusinessName","key":"Business Name","value":"","colType":"Text","isEditable":"1","isVisible":"y"}],"familyMemberDetails":{"isVisible":"y","familyMemberDetail":[]},"addressDetails":{"isResidanceAddrVisible":"y","isBusinessAddrVisible":"y","addressResult":[]}},{"masterID":"44","grpID":"1","profileID":"44","isAdmin":"yes","memberName":"Mr. Abdul Rasheed K S","memberEmail":"-","memberMobile":"+91 9495525527","memberCountry":"India","profilePic":"","familyPic":null,"Branch_Id":"4","Branch_Name":"Cochin","isPersonalDetVisible":"yes","member_date_of_birth":null,"member_date_of_wedding":null,"personalMemberDetails":[],"businessMemberDetails":[{"fieldID":"0","uniquekey":"member_buss_email","key":"Email","value":"","colType":"Email","isEditable":"1","isVisible":"y"},{"fieldID":"0","uniquekey":"businessPosition","key":"Designation","value":"","colType":"Text","isEditable":"1","isVisible":"y"},{"fieldID":"0","uniquekey":"BusinessName","key":"Business Name","value":"","colType":"Text","isEditable":"1","isVisible":"y"}],"familyMemberDetails":{"isVisible":"y","familyMemberDetail":[{"familyMemberId":"70","memberName":"ISHITA MULYE","relationship":"Daughter","dOB":"25/12/2012","emailID":"","anniversary":"","contactNo":"","particulars":"","bloodGroup":""},{"familyMemberId":"71","memberName":"SHREYASI MULYE","relationship":"Spouse","dOB":"07/06/2012","emailID":"","anniversary":"05/11/2012","contactNo":"1 9820284643","particulars":"","bloodGroup":""}]},"addressDetails":{"isResidanceAddrVisible":"y","isBusinessAddrVisible":"y","addressResult":[]}},{"masterID":"45","grpID":"1","profileID":"45","isAdmin":"yes","memberName":"Mr. Eappen Baby","memberEmail":"eappen_baby@chakiat.net","memberMobile":"+91 9846120380","memberCountry":"India","profilePic":"","familyPic":null,"Branch_Id":"4","Branch_Name":"Cochin","isPersonalDetVisible":"yes","member_date_of_birth":null,"member_date_of_wedding":null,"personalMemberDetails":[],"businessMemberDetails":[{"fieldID":"0","uniquekey":"member_buss_email","key":"Email","value":"","colType":"Email","isEditable":"1","isVisible":"y"},{"fieldID":"0","uniquekey":"businessPosition","key":"Designation","value":"","colType":"Text","isEditable":"1","isVisible":"y"},{"fieldID":"0","uniquekey":"BusinessName","key":"Business Name","value":"","colType":"Text","isEditable":"1","isVisible":"y"}],"familyMemberDetails":{"isVisible":"y","familyMemberDetail":[{"familyMemberId":"34236","memberName":"PRANAV RAO","relationship":"Son","dOB":"31/08/2019","emailID":"pranav@kaizeninfotech.com","anniversary":"","contactNo":"1 9920130855","particulars":"NA","bloodGroup":""},{"familyMemberId":"34237","memberName":"ARUNA RAO","relationship":"Spouse","dOB":"13/05/2019","emailID":"aruna@kaizeninfotech.com","anniversary":"13/05/2019","contactNo":"1 9833120855","particulars":"NA","bloodGroup":"A +ve"}]},"addressDetails":{"isResidanceAddrVisible":"y","isBusinessAddrVisible":"y","addressResult":[]}},{"masterID":"46","grpID":"1","profileID":"46","isAdmin":"yes","memberName":"Mr. Bastian Franklin","memberEmail":"-","memberMobile":"+91 9846220390","memberCountry":"India","profilePic":"","familyPic":null,"Branch_Id":"4","Branch_Name":"Cochin","isPersonalDetVisible":"yes","member_date_of_birth":null,"member_date_of_wedding":null,"personalMemberDetails":[],"businessMemberDetails":[{"fieldID":"0","uniquekey":"member_buss_email","key":"Email","value":"","colType":"Email","isEditable":"1","isVisible":"y"},{"fieldID":"0","uniquekey":"businessPosition","key":"Designation","value":"","colType":"Text","isEditable":"1","isVisible":"y"},{"fieldID":"0","uniquekey":"BusinessName","key":"Business Name","value":"","colType":"Text","isEditable":"1","isVisible":"y"}],"familyMemberDetails":{"isVisible":"y","familyMemberDetail":[{"familyMemberId":"68026","memberName":"Shagufta","relationship":"Spouse","dOB":"06/08/2018","emailID":"","anniversary":"02/03/2018","contactNo":"","particulars":"","bloodGroup":""},{"familyMemberId":"68027","memberName":"Nida","relationship":"Daughter","dOB":"24/11/2018","emailID":"","anniversary":"","contactNo":"","particulars":"","bloodGroup":""},{"familyMemberId":"68028","memberName":"Nayaab","relationship":"Daughter","dOB":"24/01/2018","emailID":"","anniversary":"","contactNo":"","particulars":"","bloodGroup":""}]},"addressDetails":{"isResidanceAddrVisible":"y","isBusinessAddrVisible":"y","addressResult":[]}}]}