{"MemberDetail":[{"masterID":"468","grpID":"1","profileID":"468","isAdmin":"yes","memberName":"Mr. Jayavelan M","memberEmail":"mariappan.jay@rclgroup.com","memberMobile":"+91 9445766092","memberCountry":"India","profilePic":"","familyPic":null,"Branch_Id":"2","Branch_Name":"Chennai","isPersonalDetVisible":"yes","member_date_of_birth":null,"member_date_of_wedding":null,"personalMemberDetails":[{"fieldID":"0","uniquekey":"profileID","key":"","value":"468","colType":"","isEditable":"1","isVisible":"y"},{"fieldID":"0","uniquekey":"member_name","key":"Name","value":"Mr. Jayavelan M","colType":"Text","isEditable":"1","isVisible":"y"},{"fieldID":"0","uniquekey":"member_email_id","key":"Email","value":"mariappan.jay@rclgroup.com","colType":"Email","isEditable":"1","isVisible":"y"},{"fieldID":"0","uniquekey":"memberMobile","key":"","value":"+91 9445766092","colType":"","isEditable":"1","isVisible":"y"},{"fieldID":"0","uniquekey":"memberCountry","key":"","value":"India","colType":"","isEditable":"1","isVisible":"y"},{"fieldID":"0","uniquekey":"member_date_of_birth","key":"Birthday","value":"","colType":"Date","isEditable":"1","isVisible":"y"},{"fieldID":"0","uniquekey":"member_date_of_wedding","key":"Anniversary","value":"","colType":"Date","isEditable":"1","isVisible":"y"},{"fieldID":"0","uniquekey":"Employee_Code_One","key":"","value":"RAEI00001","colType":"","isEditable":"1","isVisible":"y"},{"fieldID":"0","uniquekey":"First_Level_of_Reporting_Name","key":"","value":"Prakash K","colType":"","isEditable":"1","isVisible":"y"},{"fieldID":"0","uniquekey":"Employee_Code_2","key":"","value":"CAPL00295","colType":"","isEditable":"1","isVisible":"y"},{"fieldID":"0","uniquekey":"Second_LevelofReportingName","key":"","value":"Sundaresan K","colType":"","isEditable":"1","isVisible":"y"},{"fieldID":"0","uniquekey":"UHID","key":"","value":"IL17898183800","colType":"","isEditable":"1","isVisible":"y"},{"fieldID":"0","uniquekey":"Official_Landline_No","key":"","value":"04440191686","colType":"","isEditable":"1","isVisible":"y"},{"fieldID":"0","uniquekey":"Second_Official_Landline_No","key":"","value":"","colType":"","isEditable":"1","isVisible":"y"},{"fieldID":"0","uniquekey":"Date_of_Joining","key":"","value":"2019-04-01","colType":"","isEditable":"1","isVisible":"y"},{"fieldID":"0","uniquekey":"Fk_Dept_ID","key":"","value":"1","colType":"","isEditable":"1","isVisible":"y"},{"fieldID":"0","uniquekey":"Fk_FunctionalRole_Id","key":"","value":"5","colType":"","isEditable":"1","isVisible":"y"},{"fieldID":"0","uniquekey":"fk_EntityName_id","key":"","value":"5","colType":"","isEditable":"1","isVisible":"y"},{"fieldID":"0","uniquekey":"fk_designation_id","key":"","value":"15","colType":"","isEditable":"1","isVisible":"y"},{"fieldID":"0","uniquekey":"department_Name","key":"","value":"Support Function","colType":"","isEditable":"1","isVisible":"y"},{"fieldID":"0","uniquekey":"functionalrole_Name","key":"","value":"Finance & Accounts","colType":"","isEditable":"1","isVisible":"y"},{"fieldID":"0","uniquekey":"Entity_Name","key":"","value":"RAEI","colType":"","isEditable":"1","isVisible":"y"},{"fieldID":"0","uniquekey":"Designation_Name","key":"","value":"Executive - Accounts or Finance","colType":"","isEditable":"1","isVisible":"y"},{"fieldID":"0","uniquekey":"Employee_Code","key":"","value":"RAEI00021","colType":"","isEditable":"1","isVisible":"y"},{"fieldID":"0","uniquekey":"Branch_Id","key":"","value":"2","colType":"","isEditable":"1","isVisible":"y"},{"fieldID":"0","uniquekey":"Branch_Name","key":"","value":"Chennai","colType":"","isEditable":"1","isVisible":"y"}],"businessMemberDetails":[{"fieldID":"0","uniquekey":"member_buss_email","key":"Email","value":"","colType":"Email","isEditable":"1","isVisible":"y"},{"fieldID":"0","uniquekey":"businessPosition","key":"Designation","value":"","colType":"Text","isEditable":"1","isVisible":"y"},{"fieldID":"0","uniquekey":"BusinessName","key":"Business Name","value":"","colType":"Text","isEditable":"1","isVisible":"y"}],"familyMemberDetails":{"isVisible":"y","familyMemberDetail":[{"familyMemberId":"767","memberName":"LATE. R/ANN. KUMKUM BAGRI","relationship":"Spouse","dOB":"10/04/2012","emailID":"","anniversary":"06/12/2012","contactNo":"","particulars":"","bloodGroup":""},{"familyMemberId":"768","memberName":"ANIL","relationship":"Son","dOB":"27/02/2012","emailID":"","anniversary":"00/00/0000","contactNo":"","particulars":"","bloodGroup":""},{"familyMemberId":"769","memberName":"Amit","relationship":"Son","dOB":"05/07/2013","emailID":"","anniversary":"","contactNo":"","particulars":"","bloodGroup":""},{"familyMemberId":"771","memberName":"Abhishek","relationship":"Son","dOB":"27/07/2013","emailID":"","anniversary":"","contactNo":"","particulars":"","bloodGroup":""}]},"addressDetails":{"isResidanceAddrVisible":"y","isBusinessAddrVisible":"y","addressResult":[]}},{"masterID":"471","grpID":"1","profileID":"471","isAdmin":"yes","memberName":"Mr. Arunprakash V","memberEmail":"vincent.ap@rclgroup.com","memberMobile":"+91 9884155809","memberCountry":"India","profilePic":"","familyPic":null,"Branch_Id":"2","Branch_Name":"Chennai","isPersonalDetVisible":"yes","member_date_of_birth":null,"member_date_of_wedding":null,"personalMemberDetails":[{"fieldID":"0","uniquekey":"profileID","key":"","value":"471","colType":"","isEditable":"1","isVisible":"y"},{"fieldID":"0","uniquekey":"member_name","key":"Name","value":"Mr. Arunprakash V","colType":"Text","isEditable":"1","isVisible":"y"},{"fieldID":"0","uniquekey":"member_email_id","key":"Email","value":"vincent.ap@rclgroup.com","colType":"Email","isEditable":"1","isVisible":"y"},{"fieldID":"0","uniquekey":"memberMobile","key":"","value":"+91 9884155809","colType":"","isEditable":"1","isVisible":"y"},{"fieldID":"0","uniquekey":"memberCountry","key":"","value":"India","colType":"","isEditable":"1","isVisible":"y"},{"fieldID":"0","uniquekey":"member_date_of_birth","key":"Birthday","value":"","colType":"Date","isEditable":"1","isVisible":"y"},{"fieldID":"0","uniquekey":"member_date_of_wedding","key":"Anniversary","value":"","colType":"Date","isEditable":"1","isVisible":"y"},{"fieldID":"0","uniquekey":"Employee_Code_One","key":"","value":"RAEI00001","colType":"","isEditable":"1","isVisible":"y"},{"fieldID":"0","uniquekey":"First_Level_of_Reporting_Name","key":"","value":"Prakash K","colType":"","isEditable":"1","isVisible":"y"},{"fieldID":"0","uniquekey":"Employee_Code_2","key":"","value":"CAPL00295","colType":"","isEditable":"1","isVisible":"y"},{"fieldID":"0","uniquekey":"Second_LevelofReportingName","key":"","value":"Sundaresan K","colType":"","isEditable":"1","isVisible":"y"},{"fieldID":"0","uniquekey":"UHID","key":"","value":"IL17898183300","colType":"","isEditable":"1","isVisible":"y"},{"fieldID":"0","uniquekey":"Official_Landline_No","key":"","value":"04440191683","colType":"","isEditable":"1","isVisible":"y"},{"fieldID":"0","uniquekey":"Second_Official_Landline_No","key":"","value":"","colType":"","isEditable":"1","isVisible":"y"},{"fieldID":"0","uniquekey":"Date_of_Joining","key":"","value":"2019-04-01","colType":"","isEditable":"1","isVisible":"y"},{"fieldID":"0","uniquekey":"Fk_Dept_ID","key":"","value":"1","colType":"","isEditable":"1","isVisible":"y"},{"fieldID":"0","uniquekey":"Fk_FunctionalRole_Id","key":"","value":"5","colType":"","isEditable":"1","isVisible":"y"},{"fieldID":"0","uniquekey":"fk_EntityName_id","key":"","value":"5","colType":"","isEditable":"1","isVisible":"y"},{"fieldID":"0","uniquekey":"fk_designation_id","key":"","value":"15","colType":"","isEditable":"1","isVisible":"y"},{"fieldID":"0","uniquekey":"department_Name","key":"","value":"Support Function","colType":"","isEditable":"1","isVisible":"y"},{"fieldID":"0","uniquekey":"functionalrole_Name","key":"","value":"Finance & Accounts","colType":"","isEditable":"1","isVisible":"y"},{"fieldID":"0","uniquekey":"Entity_Name","key":"","value":"RAEI","colType":"","isEditable":"1","isVisible":"y"},{"fieldID":"0","uniquekey":"Designation_Name","key":"","value":"Executive - Accounts or Finance","colType":"","isEditable":"1","isVisible":"y"},{"fieldID":"0","uniquekey":"Employee_Code","key":"","value":"RAEI00024","colType":"","isEditable":"1","isVisible":"y"},{"fieldID":"0","uniquekey":"Branch_Id","key":"","value":"2","colType":"","isEditable":"1","isVisible":"y"},{"fieldID":"0","uniquekey":"Branch_Name","key":"","value":"Chennai","colType":"","isEditable":"1","isVisible":"y"}],"businessMemberDetails":[{"fieldID":"0","uniquekey":"member_buss_email","key":"Email","value":"","colType":"Email","isEditable":"1","isVisible":"y"},{"fieldID":"0","uniquekey":"businessPosition","key":"Designation","value":"","colType":"Text","isEditable":"1","isVisible":"y"},{"fieldID":"0","uniquekey":"BusinessName","key":"Business Name","value":"","colType":"Text","isEditable":"1","isVisible":"y"}],"familyMemberDetails":{"isVisible":"y","familyMemberDetail":[{"familyMemberId":"774","memberName":"Smita","relationship":"Spouse","dOB":"29/10/2013","emailID":"","anniversary":"20/04/2012","contactNo":"1 9969195130","particulars":"","bloodGroup":"A+ Ve"},{"familyMemberId":"775","memberName":"TANUJ","relationship":"Child","dOB":"03/11/2012","emailID":"","anniversary":"","contactNo":"1 9969645521","particulars":"","bloodGroup":"AB+ Ve"},{"familyMemberId":"776","memberName":"TANVI","relationship":"Child","dOB":"03/11/2012","emailID":"","anniversary":"","contactNo":"","particulars":"","bloodGroup":"B+ Ve"}]},"addressDetails":{"isResidanceAddrVisible":"y","isBusinessAddrVisible":"y","addressResult":[]}},{"masterID":"472","grpID":"1","profileID":"472","isAdmin":"yes","memberName":"Mr. Saravanan K","memberEmail":"k_saravanan@rclgroup.com","memberMobile":"+91 9840144309","memberCountry":"India","profilePic":"","familyPic":null,"Branch_Id":"2","Branch_Name":"Chennai","isPersonalDetVisible":"yes","member_date_of_birth":null,"member_date_of_wedding":null,"personalMemberDetails":[{"fieldID":"0","uniquekey":"profileID","key":"","value":"472","colType":"","isEditable":"1","isVisible":"y"},{"fieldID":"0","uniquekey":"member_name","key":"Name","value":"Mr. Saravanan K","colType":"Text","isEditable":"1","isVisible":"y"},{"fieldID":"0","uniquekey":"member_email_id","key":"Email","value":"k_saravanan@rclgroup.com","colType":"Email","isEditable":"1","isVisible":"y"},{"fieldID":"0","uniquekey":"memberMobile","key":"","value":"+91 9840144309","colType":"","isEditable":"1","isVisible":"y"},{"fieldID":"0","uniquekey":"memberCountry","key":"","value":"India","colType":"","isEditable":"1","isVisible":"y"},{"fieldID":"0","uniquekey":"member_date_of_birth","key":"Birthday","value":"","colType":"Date","isEditable":"1","isVisible":"y"},{"fieldID":"0","uniquekey":"member_date_of_wedding","key":"Anniversary","value":"","colType":"Date","isEditable":"1","isVisible":"y"},{"fieldID":"0","uniquekey":"Employee_Code_One","key":"","value":"RAEI00004","colType":"","isEditable":"1","isVisible":"y"},{"fieldID":"0","uniquekey":"First_Level_of_Reporting_Name","key":"","value":"Muraleedharan P","colType":"","isEditable":"1","isVisible":"y"},{"fieldID":"0","uniquekey":"Employee_Code_2","key":"","value":"CSSPL00080","colType":"","isEditable":"1","isVisible":"y"},{"fieldID":"0","uniquekey":"Second_LevelofReportingName","key":"","value":"Shankar Menon  P","colType":"","isEditable":"1","isVisible":"y"},{"fieldID":"0","uniquekey":"UHID","key":"","value":"IL17898182100","colType":"","isEditable":"1","isVisible":"y"},{"fieldID":"0","uniquekey":"Official_Landline_No","key":"","value":"","colType":"","isEditable":"1","isVisible":"y"},{"fieldID":"0","uniquekey":"Second_Official_Landline_No","key":"","value":"","colType":"","isEditable":"1","isVisible":"y"},{"fieldID":"0","uniquekey":"Date_of_Joining","key":"","value":"2019-04-01","colType":"","isEditable":"1","isVisible":"y"},{"fieldID":"0","uniquekey":"Fk_Dept_ID","key":"","value":"4","colType":"","isEditable":"1","isVisible":"y"},{"fieldID":"0","uniquekey":"Fk_FunctionalRole_Id","key":"","value":"8","colType":"","isEditable":"1","isVisible":"y"},{"fieldID":"0","uniquekey":"fk_EntityName_id","key":"","value":"5","colType":"","isEditable":"1","isVisible":"y"},{"fieldID":"0","uniquekey":"fk_designation_id","key":"","value":"12","colType":"","isEditable":"1","isVisible":"y"},{"fieldID":"0","uniquekey":"department_Name","key":"","value":"Operations","colType":"","isEditable":"1","isVisible":"y"},{"fieldID":"0","uniquekey":"functionalrole_Name","key":"","value":"Operations","colType":"","isEditable":"1","isVisible":"y"},{"fieldID":"0","uniquekey":"Entity_Name","key":"","value":"RAEI","colType":"","isEditable":"1","isVisible":"y"},{"fieldID":"0","uniquekey":"Designation_Name","key":"","value":"Executive - Operations","colType":"","isEditable":"1","isVisible":"y"},{"fieldID":"0","uniquekey":"Employee_Code","key":"","value":"RAEI00025","colType":"","isEditable":"1","isVisible":"y"},{"fieldID":"0","uniquekey":"Branch_Id","key":"","value":"2","colType":"","isEditable":"1","isVisible":"y"},{"fieldID":"0","uniquekey":"Branch_Name","key":"","value":"Chennai","colType":"","isEditable":"1","isVisible":"y"}],"businessMemberDetails":[{"fieldID":"0","uniquekey":"member_buss_email","key":"Email","value":"","colType":"Email","isEditable":"1","isVisible":"y"},{"fieldID":"0","uniquekey":"businessPosition","key":"Designation","value":"","colType":"Text","isEditable":"1","isVisible":"y"},{"fieldID":"0","uniquekey":"BusinessName","key":"Business Name","value":"","colType":"Text","isEditable":"1","isVisible":"y"}],"familyMemberDetails":{"isVisible":"y","familyMemberDetail":[{"familyMemberId":"780","memberName":"Tosha.I.Vaghani","relationship":"Spouse","dOB":"14/08/1964","emailID":"","anniversary":"01/01/1989","contactNo":"1 9820212073","particulars":"","bloodGroup":""}]},"addressDetails":{"isResidanceAddrVisible":"y","isBusinessAddrVisible":"y","addressResult":[]}},{"masterID":"473","grpID":"1","profileID":"473","isAdmin":"yes","memberName":"Mr. Prabakaran T","memberEmail":"prabhakaran@rclgroup.com","memberMobile":"+91 9941741740","memberCountry":"India","profilePic":"","familyPic":null,"Branch_Id":"2","Branch_Name":"Chennai","isPersonalDetVisible":"yes","member_date_of_birth":null,"member_date_of_wedding":null,"personalMemberDetails":[{"fieldID":"0","uniquekey":"profileID","key":"","value":"473","colType":"","isEditable":"1","isVisible":"y"},{"fieldID":"0","uniquekey":"member_name","key":"Name","value":"Mr. Prabakaran T","colType":"Text","isEditable":"1","isVisible":"y"},{"fieldID":"0","uniquekey":"member_email_id","key":"Email","value":"prabhakaran@rclgroup.com","colType":"Email","isEditable":"1","isVisible":"y"},{"fieldID":"0","uniquekey":"memberMobile","key":"","value":"+91 9941741740","colType":"","isEditable":"1","isVisible":"y"},{"fieldID":"0","uniquekey":"memberCountry","key":"","value":"India","colType":"","isEditable":"1","isVisible":"y"},{"fieldID":"0","uniquekey":"member_date_of_birth","key":"Birthday","value":"","colType":"Date","isEditable":"1","isVisible":"y"},{"fieldID":"0","uniquekey":"member_date_of_wedding","key":"Anniversary","value":"","colType":"Date","isEditable":"1","isVisible":"y"},{"fieldID":"0","uniquekey":"Employee_Code_One","key":"","value":"RAEI00004","colType":"","isEditable":"1","isVisible":"y"},{"fieldID":"0","uniquekey":"First_Level_of_Reporting_Name","key":"","value":"Muraleedharan P","colType":"","isEditable":"1","isVisible":"y"},{"fieldID":"0","uniquekey":"Employee_Code_2","key":"","value":"CSSPL00080","colType":"","isEditable":"1","isVisible":"y"},{"fieldID":"0","uniquekey":"Second_LevelofReportingName","key":"","value":"Shankar Menon  P","colType":"","isEditable":"1","isVisible":"y"},{"fieldID":"0","uniquekey":"UHID","key":"","value":"IL17898183400","colType":"","isEditable":"1","isVisible":"y"},{"fieldID":"0","uniquekey":"Official_Landline_No","key":"","value":"04440191643","colType":"","isEditable":"1","isVisible":"y"},{"fieldID":"0","uniquekey":"Second_Official_Landline_No","key":"","value":"","colType":"","isEditable":"1","isVisible":"y"},{"fieldID":"0","uniquekey":"Date_of_Joining","key":"","value":"2019-04-01","colType":"","isEditable":"1","isVisible":"y"},{"fieldID":"0","uniquekey":"Fk_Dept_ID","key":"","value":"4","colType":"","isEditable":"1","isVisible":"y"},{"fieldID":"0","uniquekey":"Fk_FunctionalRole_Id","key":"","value":"8","colType":"","isEditable":"1","isVisible":"y"},{"fieldID":"0","uniquekey":"fk_EntityName_id","key":"","value":"5","colType":"","isEditable":"1","isVisible":"y"},{"fieldID":"0","uniquekey":"fk_designation_id","key":"","value":"12","colType":"","isEditable":"1","isVisible":"y"},{"fieldID":"0","uniquekey":"department_Name","key":"","value":"Operations","colType":"","isEditable":"1","isVisible":"y"},{"fieldID":"0","uniquekey":"functionalrole_Name","key":"","value":"Operations","colType":"","isEditable":"1","isVisible":"y"},{"fieldID":"0","uniquekey":"Entity_Name","key":"","value":"RAEI","colType":"","isEditable":"1","isVisible":"y"},{"fieldID":"0","uniquekey":"Designation_Name","key":"","value":"Executive - Operations","colType":"","isEditable":"1","isVisible":"y"},{"fieldID":"0","uniquekey":"Employee_Code","key":"","value":"RAEI00026","colType":"","isEditable":"1","isVisible":"y"},{"fieldID":"0","uniquekey":"Branch_Id","key":"","value":"2","colType":"","isEditable":"1","isVisible":"y"},{"fieldID":"0","uniquekey":"Branch_Name","key":"","value":"Chennai","colType":"","isEditable":"1","isVisible":"y"}],"businessMemberDetails":[{"fieldID":"0","uniquekey":"member_buss_email","key":"Email","value":"","colType":"Email","isEditable":"1","isVisible":"y"},{"fieldID":"0","uniquekey":"businessPosition","key":"Designation","value":"","colType":"Text","isEditable":"1","isVisible":"y"},{"fieldID":"0","uniquekey":"BusinessName","key":"Business Name","value":"","colType":"Text","isEditable":"1","isVisible":"y"}],"familyMemberDetails":{"isVisible":"y","familyMemberDetail":[{"familyMemberId":"781","memberName":"Vijay","relationship":"Spouse","dOB":"26/10/2013","emailID":"","anniversary":"10/07/2013","contactNo":"1 9892893333","particulars":"","bloodGroup":"B+ Ve"},{"familyMemberId":"783","memberName":"Vivek","relationship":"Child","dOB":"07/11/2013","emailID":"","anniversary":"","contactNo":"","particulars":"","bloodGroup":"B+ Ve"},{"familyMemberId":"784","memberName":"Vrinda","relationship":"Child","dOB":"05/05/1982","emailID":"","anniversary":"","contactNo":"","particulars":"","bloodGroup":""}]},"addressDetails":{"isResidanceAddrVisible":"y","isBusinessAddrVisible":"y","addressResult":[]}},{"masterID":"483","grpID":"1","profileID":"483","isAdmin":"yes","memberName":"Mr. Jitendar Singh","memberEmail":"jitendar@rclgroup.com","memberMobile":"+91 7358290666","memberCountry":"India","profilePic":"","familyPic":null,"Branch_Id":"2","Branch_Name":"Chennai","isPersonalDetVisible":"yes","member_date_of_birth":null,"member_date_of_wedding":null,"personalMemberDetails":[{"fieldID":"0","uniquekey":"profileID","key":"","value":"483","colType":"","isEditable":"1","isVisible":"y"},{"fieldID":"0","uniquekey":"member_name","key":"Name","value":"Mr. Jitendar Singh","colType":"Text","isEditable":"1","isVisible":"y"},{"fieldID":"0","uniquekey":"member_email_id","key":"Email","value":"jitendar@rclgroup.com","colType":"Email","isEditable":"1","isVisible":"y"},{"fieldID":"0","uniquekey":"memberMobile","key":"","value":"+91 7358290666","colType":"","isEditable":"1","isVisible":"y"},{"fieldID":"0","uniquekey":"memberCountry","key":"","value":"India","colType":"","isEditable":"1","isVisible":"y"},{"fieldID":"0","uniquekey":"member_date_of_birth","key":"Birthday","value":"","colType":"Date","isEditable":"1","isVisible":"y"},{"fieldID":"0","uniquekey":"member_date_of_wedding","key":"Anniversary","value":"","colType":"Date","isEditable":"1","isVisible":"y"},{"fieldID":"0","uniquekey":"Employee_Code_One","key":"","value":"RAEI00011","colType":"","isEditable":"1","isVisible":"y"},{"fieldID":"0","uniquekey":"First_Level_of_Reporting_Name","key":"","value":"Pramodh C","colType":"","isEditable":"1","isVisible":"y"},{"fieldID":"0","uniquekey":"Employee_Code_2","key":"","value":"RAEI00003","colType":"","isEditable":"1","isVisible":"y"},{"fieldID":"0","uniquekey":"Second_LevelofReportingName","key":"","value":"Samir C M","colType":"","isEditable":"1","isVisible":"y"},{"fieldID":"0","uniquekey":"UHID","key":"","value":"IL17898185600","colType":"","isEditable":"1","isVisible":"y"},{"fieldID":"0","uniquekey":"Official_Landline_No","key":"","value":"04440191698","colType":"","isEditable":"1","isVisible":"y"},{"fieldID":"0","uniquekey":"Second_Official_Landline_No","key":"","value":"","colType":"","isEditable":"1","isVisible":"y"},{"fieldID":"0","uniquekey":"Date_of_Joining","key":"","value":"2019-04-01","colType":"","isEditable":"1","isVisible":"y"},{"fieldID":"0","uniquekey":"Fk_Dept_ID","key":"","value":"5","colType":"","isEditable":"1","isVisible":"y"},{"fieldID":"0","uniquekey":"Fk_FunctionalRole_Id","key":"","value":"9","colType":"","isEditable":"1","isVisible":"y"},{"fieldID":"0","uniquekey":"fk_EntityName_id","key":"","value":"5","colType":"","isEditable":"1","isVisible":"y"},{"fieldID":"0","uniquekey":"fk_designation_id","key":"","value":"6","colType":"","isEditable":"1","isVisible":"y"},{"fieldID":"0","uniquekey":"department_Name","key":"","value":"Sales","colType":"","isEditable":"1","isVisible":"y"},{"fieldID":"0","uniquekey":"functionalrole_Name","key":"","value":"Sales","colType":"","isEditable":"1","isVisible":"y"},{"fieldID":"0","uniquekey":"Entity_Name","key":"","value":"RAEI","colType":"","isEditable":"1","isVisible":"y"},{"fieldID":"0","uniquekey":"Designation_Name","key":"","value":"Assistant Manager - Sales","colType":"","isEditable":"1","isVisible":"y"},{"fieldID":"0","uniquekey":"Employee_Code","key":"","value":"RAEI00038","colType":"","isEditable":"1","isVisible":"y"},{"fieldID":"0","uniquekey":"Branch_Id","key":"","value":"2","colType":"","isEditable":"1","isVisible":"y"},{"fieldID":"0","uniquekey":"Branch_Name","key":"","value":"Chennai","colType":"","isEditable":"1","isVisible":"y"}],"businessMemberDetails":[{"fieldID":"0","uniquekey":"member_buss_email","key":"Email","value":"","colType":"Email","isEditable":"1","isVisible":"y"},{"fieldID":"0","uniquekey":"businessPosition","key":"Designation","value":"","colType":"Text","isEditable":"1","isVisible":"y"},{"fieldID":"0","uniquekey":"BusinessName","key":"Business Name","value":"","colType":"Text","isEditable":"1","isVisible":"y"}],"familyMemberDetails":{"isVisible":"y","familyMemberDetail":[{"familyMemberId":"799","memberName":"ASHA TOSHNIWAL","relationship":"Spouse","dOB":"02/05/2012","emailID":"","anniversary":"03/06/2012","contactNo":"","particulars":"","bloodGroup":"O+ Ve"},{"familyMemberId":"800","memberName":"Ashish","relationship":"Son","dOB":"09/03/2013","emailID":"","anniversary":"","contactNo":"","particulars":"","bloodGroup":""},{"familyMemberId":"801","memberName":"Pratik","relationship":"Son","dOB":"10/11/2013","emailID":"","anniversary":"","contactNo":"","particulars":"","bloodGroup":""},{"familyMemberId":"802","memberName":"Pooja","relationship":"Daughter","dOB":"10/11/2013","emailID":"","anniversary":"","contactNo":"","particulars":"","bloodGroup":""}]},"addressDetails":{"isResidanceAddrVisible":"y","isBusinessAddrVisible":"y","addressResult":[]}},{"masterID":"491","grpID":"1","profileID":"491","isAdmin":"yes","memberName":"Mr. Harshada panchal","memberEmail":"harshada.panchal@kaizeninfotech.com","memberMobile":"+91 8237507062","memberCountry":"India","profilePic":"","familyPic":null,"Branch_Id":"2","Branch_Name":"Chennai","isPersonalDetVisible":"yes","member_date_of_birth":null,"member_date_of_wedding":null,"personalMemberDetails":[{"fieldID":"0","uniquekey":"profileID","key":"","value":"491","colType":"","isEditable":"1","isVisible":"y"},{"fieldID":"0","uniquekey":"member_name","key":"Name","value":"Mr. Harshada panchal","colType":"Text","isEditable":"1","isVisible":"y"},{"fieldID":"0","uniquekey":"member_email_id","key":"Email","value":"harshada.panchal@kaizeninfotech.com","colType":"Email","isEditable":"1","isVisible":"y"},{"fieldID":"0","uniquekey":"memberMobile","key":"","value":"+91 8237507062","colType":"","isEditable":"1","isVisible":"y"},{"fieldID":"0","uniquekey":"memberCountry","key":"","value":"India","colType":"","isEditable":"1","isVisible":"y"},{"fieldID":"0","uniquekey":"member_date_of_birth","key":"Birthday","value":"","colType":"Date","isEditable":"1","isVisible":"y"},{"fieldID":"0","uniquekey":"member_date_of_wedding","key":"Anniversary","value":"","colType":"Date","isEditable":"1","isVisible":"y"},{"fieldID":"0","uniquekey":"Employee_Code_One","key":"","value":"RAEI00032","colType":"","isEditable":"1","isVisible":"y"},{"fieldID":"0","uniquekey":"First_Level_of_Reporting_Name","key":"","value":"Viswanathan S","colType":"","isEditable":"1","isVisible":"y"},{"fieldID":"0","uniquekey":"Employee_Code_2","key":"","value":"RAEI00003","colType":"","isEditable":"1","isVisible":"y"},{"fieldID":"0","uniquekey":"Second_LevelofReportingName","key":"","value":"Samir C M","colType":"","isEditable":"1","isVisible":"y"},{"fieldID":"0","uniquekey":"UHID","key":"","value":"-","colType":"","isEditable":"1","isVisible":"y"},{"fieldID":"0","uniquekey":"Official_Landline_No","key":"","value":"04440191663","colType":"","isEditable":"1","isVisible":"y"},{"fieldID":"0","uniquekey":"Second_Official_Landline_No","key":"","value":"","colType":"","isEditable":"1","isVisible":"y"},{"fieldID":"0","uniquekey":"Date_of_Joining","key":"","value":"2020-02-24","colType":"","isEditable":"1","isVisible":"y"},{"fieldID":"0","uniquekey":"Fk_Dept_ID","key":"","value":"10","colType":"","isEditable":"1","isVisible":"y"},{"fieldID":"0","uniquekey":"Fk_FunctionalRole_Id","key":"","value":"3","colType":"","isEditable":"1","isVisible":"y"},{"fieldID":"0","uniquekey":"fk_EntityName_id","key":"","value":"5","colType":"","isEditable":"1","isVisible":"y"},{"fieldID":"0","uniquekey":"fk_designation_id","key":"","value":"10","colType":"","isEditable":"1","isVisible":"y"},{"fieldID":"0","uniquekey":"department_Name","key":"","value":"Import","colType":"","isEditable":"1","isVisible":"y"},{"fieldID":"0","uniquekey":"functionalrole_Name","key":"","value":"Documentation","colType":"","isEditable":"1","isVisible":"y"},{"fieldID":"0","uniquekey":"Entity_Name","key":"","value":"RAEI","colType":"","isEditable":"1","isVisible":"y"},{"fieldID":"0","uniquekey":"Designation_Name","key":"","value":"Executive - Documentation","colType":"","isEditable":"1","isVisible":"y"},{"fieldID":"0","uniquekey":"Employee_Code","key":"","value":"","colType":"","isEditable":"1","isVisible":"y"},{"fieldID":"0","uniquekey":"Branch_Id","key":"","value":"2","colType":"","isEditable":"1","isVisible":"y"},{"fieldID":"0","uniquekey":"Branch_Name","key":"","value":"Chennai","colType":"","isEditable":"1","isVisible":"y"}],"businessMemberDetails":[{"fieldID":"0","uniquekey":"member_buss_email","key":"Email","value":"","colType":"Email","isEditable":"1","isVisible":"y"},{"fieldID":"0","uniquekey":"businessPosition","key":"Designation","value":"","colType":"Text","isEditable":"1","isVisible":"y"},{"fieldID":"0","uniquekey":"BusinessName","key":"Business Name","value":"","colType":"Text","isEditable":"1","isVisible":"y"}],"familyMemberDetails":{"isVisible":"y","familyMemberDetail":[{"familyMemberId":"817","memberName":"Priti Sanghavi","relationship":"Spouse","dOB":"28/10/1970","emailID":"","anniversary":"30/11/1995","contactNo":"1 9821118142","particulars":"","bloodGroup":"O-"},{"familyMemberId":"818","memberName":"Hitaarth Sanghavi","relationship":"Child","dOB":"14/11/1995","emailID":"","anniversary":"","contactNo":"","particulars":"","bloodGroup":""},{"familyMemberId":"819","memberName":"Kreesha Sanghavi","relationship":"Child","dOB":"01/01/1998","emailID":"","anniversary":"","contactNo":"","particulars":"","bloodGroup":""}]},"addressDetails":{"isResidanceAddrVisible":"y","isBusinessAddrVisible":"y","addressResult":[]}},{"masterID":"492","grpID":"1","profileID":"492","isAdmin":"yes","memberName":"Mr GAURAV PUROHIT","memberEmail":"","memberMobile":"+91 9561200273","memberCountry":"India","profilePic":"","familyPic":null,"Branch_Id":"1","Branch_Name":"Bangalore","isPersonalDetVisible":"yes","member_date_of_birth":null,"member_date_of_wedding":null,"personalMemberDetails":[{"fieldID":"0","uniquekey":"profileID","key":"","value":"492","colType":"","isEditable":"1","isVisible":"y"},{"fieldID":"0","uniquekey":"member_name","key":"Name","value":"Mr GAURAV PUROHIT","colType":"Text","isEditable":"1","isVisible":"y"},{"fieldID":"0","uniquekey":"member_email_id","key":"Email","value":"","colType":"Email","isEditable":"1","isVisible":"y"},{"fieldID":"0","uniquekey":"memberMobile","key":"","value":"+91 9561200273","colType":"","isEditable":"1","isVisible":"y"},{"fieldID":"0","uniquekey":"memberCountry","key":"","value":"India","colType":"","isEditable":"1","isVisible":"y"},{"fieldID":"0","uniquekey":"member_date_of_birth","key":"Birthday","value":"","colType":"Date","isEditable":"1","isVisible":"y"},{"fieldID":"0","uniquekey":"member_date_of_wedding","key":"Anniversary","value":"","colType":"Date","isEditable":"1","isVisible":"y"},{"fieldID":"0","uniquekey":"Employee_Code_One","key":"","value":"-","colType":"","isEditable":"1","isVisible":"y"},{"fieldID":"0","uniquekey":"First_Level_of_Reporting_Name","key":"","value":"-","colType":"","isEditable":"1","isVisible":"y"},{"fieldID":"0","uniquekey":"Employee_Code_2","key":"","value":"-","colType":"","isEditable":"1","isVisible":"y"},{"fieldID":"0","uniquekey":"Second_LevelofReportingName","key":"","value":"-","colType":"","isEditable":"1","isVisible":"y"},{"fieldID":"0","uniquekey":"UHID","key":"","value":"uil89000","colType":"","isEditable":"1","isVisible":"y"},{"fieldID":"0","uniquekey":"Official_Landline_No","key":"","value":"080","colType":"","isEditable":"1","isVisible":"y"},{"fieldID":"0","uniquekey":"Second_Official_Landline_No","key":"","value":"080","colType":"","isEditable":"1","isVisible":"y"},{"fieldID":"0","uniquekey":"Date_of_Joining","key":"","value":"1753-01-01","colType":"","isEditable":"1","isVisible":"y"},{"fieldID":"0","uniquekey":"Fk_Dept_ID","key":"","value":"1","colType":"","isEditable":"1","isVisible":"y"},{"fieldID":"0","uniquekey":"Fk_FunctionalRole_Id","key":"","value":"1","colType":"","isEditable":"1","isVisible":"y"},{"fieldID":"0","uniquekey":"fk_EntityName_id","key":"","value":"1","colType":"","isEditable":"1","isVisible":"y"},{"fieldID":"0","uniquekey":"fk_designation_id","key":"","value":"23","colType":"","isEditable":"1","isVisible":"y"},{"fieldID":"0","uniquekey":"department_Name","key":"","value":"Support Function","colType":"","isEditable":"1","isVisible":"y"},{"fieldID":"0","uniquekey":"functionalrole_Name","key":"","value":"Admin","colType":"","isEditable":"1","isVisible":"y"},{"fieldID":"0","uniquekey":"Entity_Name","key":"","value":"CA","colType":"","isEditable":"1","isVisible":"y"},{"fieldID":"0","uniquekey":"Designation_Name","key":"","value":"Office Assistant","colType":"","isEditable":"1","isVisible":"y"},{"fieldID":"0","uniquekey":"Employee_Code","key":"","value":"E1200","colType":"","isEditable":"1","isVisible":"y"},{"fieldID":"0","uniquekey":"Branch_Id","key":"","value":"1","colType":"","isEditable":"1","isVisible":"y"},{"fieldID":"0","uniquekey":"Branch_Name","key":"","value":"Bangalore","colType":"","isEditable":"1","isVisible":"y"}],"businessMemberDetails":[{"fieldID":"0","uniquekey":"member_buss_email","key":"Email","value":"","colType":"Email","isEditable":"1","isVisible":"y"},{"fieldID":"0","uniquekey":"businessPosition","key":"Designation","value":"","colType":"Text","isEditable":"1","isVisible":"y"},{"fieldID":"0","uniquekey":"BusinessName","key":"Business Name","value":"","colType":"Text","isEditable":"1","isVisible":"y"}],"familyMemberDetails":{"isVisible":"y","familyMemberDetail":[]},"addressDetails":{"isResidanceAddrVisible":"y","isBusinessAddrVisible":"y","addressResult":[]}},{"masterID":"494","grpID":"1","profileID":"494","isAdmin":"yes","memberName":"ms JYOTI SURVASE","memberEmail":"jyoti@kaizeninfotech.com","memberMobile":"+91 8424887404","memberCountry":"India","profilePic":"","familyPic":null,"Branch_Id":"1","Branch_Name":"Bangalore","isPersonalDetVisible":"yes","member_date_of_birth":null,"member_date_of_wedding":null,"personalMemberDetails":[{"fieldID":"0","uniquekey":"profileID","key":"","value":"494","colType":"","isEditable":"1","isVisible":"y"},{"fieldID":"0","uniquekey":"member_name","key":"Name","value":"ms JYOTI SURVASE","colType":"Text","isEditable":"1","isVisible":"y"},{"fieldID":"0","uniquekey":"member_email_id","key":"Email","value":"jyoti@kaizeninfotech.com","colType":"Email","isEditable":"1","isVisible":"y"},{"fieldID":"0","uniquekey":"memberMobile","key":"","value":"+91 8424887404","colType":"","isEditable":"1","isVisible":"y"},{"fieldID":"0","uniquekey":"memberCountry","key":"","value":"India","colType":"","isEditable":"1","isVisible":"y"},{"fieldID":"0","uniquekey":"member_date_of_birth","key":"Birthday","value":"01/09/2020","colType":"Date","isEditable":"1","isVisible":"y"},{"fieldID":"0","uniquekey":"member_date_of_wedding","key":"Anniversary","value":"01/09/2020","colType":"Date","isEditable":"1","isVisible":"y"},{"fieldID":"0","uniquekey":"Employee_Code_One","key":"","value":"","colType":"","isEditable":"1","isVisible":"y"},{"fieldID":"0","uniquekey":"First_Level_of_Reporting_Name","key":"","value":"","colType":"","isEditable":"1","isVisible":"y"},{"fieldID":"0","uniquekey":"Employee_Code_2","key":"","value":"","colType":"","isEditable":"1","isVisible":"y"},{"fieldID":"0","uniquekey":"Second_LevelofReportingName","key":"","value":"","colType":"","isEditable":"1","isVisible":"y"},{"fieldID":"0","uniquekey":"UHID","key":"","value":"c001","colType":"","isEditable":"1","isVisible":"y"},{"fieldID":"0","uniquekey":"Official_Landline_No","key":"","value":"080","colType":"","isEditable":"1","isVisible":"y"},{"fieldID":"0","uniquekey":"Second_Official_Landline_No","key":"","value":"080","colType":"","isEditable":"1","isVisible":"y"},{"fieldID":"0","uniquekey":"Date_of_Joining","key":"","value":"1753-01-01","colType":"","isEditable":"1","isVisible":"y"},{"fieldID":"0","uniquekey":"Fk_Dept_ID","key":"","value":"1","colType":"","isEditable":"1","isVisible":"y"},{"fieldID":"0","uniquekey":"Fk_FunctionalRole_Id","key":"","value":"1","colType":"","isEditable":"1","isVisible":"y"},{"fieldID":"0","uniquekey":"fk_EntityName_id","key":"","value":"1","colType":"","isEditable":"1","isVisible":"y"},{"fieldID":"0","uniquekey":"fk_designation_id","key":"","value":"1","colType":"","isEditable":"1","isVisible":"y"},{"fieldID":"0","uniquekey":"department_Name","key":"","value":"Support Function","colType":"","isEditable":"1","isVisible":"y"},{"fieldID":"0","uniquekey":"functionalrole_Name","key":"","value":"Admin","colType":"","isEditable":"1","isVisible":"y"},{"fieldID":"0","uniquekey":"Entity_Name","key":"","value":"CA","colType":"","isEditable":"1","isVisible":"y"},{"fieldID":"0","uniquekey":"Designation_Name","key":"","value":"Assistant Manager - Accounts","colType":"","isEditable":"1","isVisible":"y"},{"fieldID":"0","uniquekey":"Employee_Code","key":"","value":"011","colType":"","isEditable":"1","isVisible":"y"},{"fieldID":"0","uniquekey":"Branch_Id","key":"","value":"1","colType":"","isEditable":"1","isVisible":"y"},{"fieldID":"0","uniquekey":"Branch_Name","key":"","value":"Bangalore","colType":"","isEditable":"1","isVisible":"y"}],"businessMemberDetails":[{"fieldID":"0","uniquekey":"member_buss_email","key":"Email","value":"","colType":"Email","isEditable":"1","isVisible":"y"},{"fieldID":"0","uniquekey":"businessPosition","key":"Designation","value":"","colType":"Text","isEditable":"1","isVisible":"y"},{"fieldID":"0","uniquekey":"BusinessName","key":"Business Name","value":"","colType":"Text","isEditable":"1","isVisible":"y"}],"familyMemberDetails":{"isVisible":"y","familyMemberDetail":[]},"addressDetails":{"isResidanceAddrVisible":"y","isBusinessAddrVisible":"y","addressResult":[]}},{"masterID":"495","grpID":"1","profileID":"495","isAdmin":"no","memberName":"Mr MUKESH DHOLE","memberEmail":"mukesh.dhole@kaizeninfotech.com","memberMobile":"+91 8652429684","memberCountry":"India","profilePic":"","familyPic":null,"Branch_Id":"1","Branch_Name":"Bangalore","isPersonalDetVisible":"yes","member_date_of_birth":null,"member_date_of_wedding":null,"personalMemberDetails":[{"fieldID":"0","uniquekey":"profileID","key":"","value":"495","colType":"","isEditable":"1","isVisible":"y"},{"fieldID":"0","uniquekey":"member_name","key":"Name","value":"Mr MUKESH DHOLE","colType":"Text","isEditable":"1","isVisible":"y"},{"fieldID":"0","uniquekey":"member_email_id","key":"Email","value":"mukesh.dhole@kaizeninfotech.com","colType":"Email","isEditable":"1","isVisible":"y"},{"fieldID":"0","uniquekey":"memberMobile","key":"","value":"+91 8652429684","colType":"","isEditable":"1","isVisible":"y"},{"fieldID":"0","uniquekey":"memberCountry","key":"","value":"India","colType":"","isEditable":"1","isVisible":"y"},{"fieldID":"0","uniquekey":"member_date_of_birth","key":"Birthday","value":"","colType":"Date","isEditable":"1","isVisible":"y"},{"fieldID":"0","uniquekey":"member_date_of_wedding","key":"Anniversary","value":"","colType":"Date","isEditable":"1","isVisible":"y"},{"fieldID":"0","uniquekey":"Employee_Code_One","key":"","value":"","colType":"","isEditable":"1","isVisible":"y"},{"fieldID":"0","uniquekey":"First_Level_of_Reporting_Name","key":"","value":"","colType":"","isEditable":"1","isVisible":"y"},{"fieldID":"0","uniquekey":"Employee_Code_2","key":"","value":"","colType":"","isEditable":"1","isVisible":"y"},{"fieldID":"0","uniquekey":"Second_LevelofReportingName","key":"","value":"","colType":"","isEditable":"1","isVisible":"y"},{"fieldID":"0","uniquekey":"UHID","key":"","value":"cooo123","colType":"","isEditable":"1","isVisible":"y"},{"fieldID":"0","uniquekey":"Official_Landline_No","key":"","value":"080","colType":"","isEditable":"1","isVisible":"y"},{"fieldID":"0","uniquekey":"Second_Official_Landline_No","key":"","value":"08098575342","colType":"","isEditable":"1","isVisible":"y"},{"fieldID":"0","uniquekey":"Date_of_Joining","key":"","value":"1753-01-01","colType":"","isEditable":"1","isVisible":"y"},{"fieldID":"0","uniquekey":"Fk_Dept_ID","key":"","value":"1","colType":"","isEditable":"1","isVisible":"y"},{"fieldID":"0","uniquekey":"Fk_FunctionalRole_Id","key":"","value":"1","colType":"","isEditable":"1","isVisible":"y"},{"fieldID":"0","uniquekey":"fk_EntityName_id","key":"","value":"1","colType":"","isEditable":"1","isVisible":"y"},{"fieldID":"0","uniquekey":"fk_designation_id","key":"","value":"23","colType":"","isEditable":"1","isVisible":"y"},{"fieldID":"0","uniquekey":"department_Name","key":"","value":"Support Function","colType":"","isEditable":"1","isVisible":"y"},{"fieldID":"0","uniquekey":"functionalrole_Name","key":"","value":"Admin","colType":"","isEditable":"1","isVisible":"y"},{"fieldID":"0","uniquekey":"Entity_Name","key":"","value":"CA","colType":"","isEditable":"1","isVisible":"y"},{"fieldID":"0","uniquekey":"Designation_Name","key":"","value":"Office Assistant","colType":"","isEditable":"1","isVisible":"y"},{"fieldID":"0","uniquekey":"Employee_Code","key":"","value":"01111","colType":"","isEditable":"1","isVisible":"y"},{"fieldID":"0","uniquekey":"Branch_Id","key":"","value":"1","colType":"","isEditable":"1","isVisible":"y"},{"fieldID":"0","uniquekey":"Branch_Name","key":"","value":"Bangalore","colType":"","isEditable":"1","isVisible":"y"}],"businessMemberDetails":[{"fieldID":"0","uniquekey":"member_buss_email","key":"Email","value":"","colType":"Email","isEditable":"1","isVisible":"y"},{"fieldID":"0","uniquekey":"businessPosition","key":"Designation","value":"","colType":"Text","isEditable":"1","isVisible":"y"},{"fieldID":"0","uniquekey":"BusinessName","key":"Business Name","value":"","colType":"Text","isEditable":"1","isVisible":"y"}],"familyMemberDetails":{"isVisible":"y","familyMemberDetail":[]},"addressDetails":{"isResidanceAddrVisible":"y","isBusinessAddrVisible":"y","addressResult":[]}}]}