{"MemberDetail":[{"masterID":"355","grpID":"1","profileID":"355","isAdmin":"yes","memberName":"Ms. Janavi Narayan Salian","memberEmail":"janavi@chakiat.net","memberMobile":"+91 9769109824","memberCountry":"India","profilePic":"","familyPic":null,"Branch_Id":"9","Branch_Name":"Mumbai","isPersonalDetVisible":"yes","member_date_of_birth":null,"member_date_of_wedding":null,"personalMemberDetails":[{"fieldID":"0","uniquekey":"profileID","key":"","value":"355","colType":"","isEditable":"1","isVisible":"y"},{"fieldID":"0","uniquekey":"member_name","key":"Name","value":"Ms. Janavi Narayan Salian","colType":"Text","isEditable":"1","isVisible":"y"},{"fieldID":"0","uniquekey":"member_email_id","key":"Email","value":"janavi@chakiat.net","colType":"Email","isEditable":"1","isVisible":"y"},{"fieldID":"0","uniquekey":"memberMobile","key":"","value":"+91 9769109824","colType":"","isEditable":"1","isVisible":"y"},{"fieldID":"0","uniquekey":"memberCountry","key":"","value":"India","colType":"","isEditable":"1","isVisible":"y"},{"fieldID":"0","uniquekey":"member_date_of_birth","key":"Birthday","value":"","colType":"Date","isEditable":"1","isVisible":"y"},{"fieldID":"0","uniquekey":"member_date_of_wedding","key":"Anniversary","value":"","colType":"Date","isEditable":"1","isVisible":"y"},{"fieldID":"0","uniquekey":"Employee_Code_One","key":"","value":"CAPL00021","colType":"","isEditable":"1","isVisible":"y"},{"fieldID":"0","uniquekey":"First_Level_of_Reporting_Name","key":"","value":"Arun Kumar  V","colType":"","isEditable":"1","isVisible":"y"},{"fieldID":"0","uniquekey":"Employee_Code_2","key":"","value":"CSSPL00080","colType":"","isEditable":"1","isVisible":"y"},{"fieldID":"0","uniquekey":"Second_LevelofReportingName","key":"","value":"Shankar Menon  P","colType":"","isEditable":"1","isVisible":"y"},{"fieldID":"0","uniquekey":"UHID","key":"","value":"IL17886179100","colType":"","isEditable":"1","isVisible":"y"},{"fieldID":"0","uniquekey":"Official_Landline_No","key":"","value":"02240359632","colType":"","isEditable":"1","isVisible":"y"},{"fieldID":"0","uniquekey":"Second_Official_Landline_No","key":"","value":"","colType":"","isEditable":"1","isVisible":"y"},{"fieldID":"0","uniquekey":"Date_of_Joining","key":"","value":"2016-07-01","colType":"","isEditable":"1","isVisible":"y"},{"fieldID":"0","uniquekey":"Fk_Dept_ID","key":"","value":"19","colType":"","isEditable":"1","isVisible":"y"},{"fieldID":"0","uniquekey":"Fk_FunctionalRole_Id","key":"","value":"3","colType":"","isEditable":"1","isVisible":"y"},{"fieldID":"0","uniquekey":"fk_EntityName_id","key":"","value":"3","colType":"","isEditable":"1","isVisible":"y"},{"fieldID":"0","uniquekey":"fk_designation_id","key":"","value":"10","colType":"","isEditable":"1","isVisible":"y"},{"fieldID":"0","uniquekey":"department_Name","key":"","value":"Outbound","colType":"","isEditable":"1","isVisible":"y"},{"fieldID":"0","uniquekey":"functionalrole_Name","key":"","value":"Documentation","colType":"","isEditable":"1","isVisible":"y"},{"fieldID":"0","uniquekey":"Entity_Name","key":"","value":"CAPL","colType":"","isEditable":"1","isVisible":"y"},{"fieldID":"0","uniquekey":"Designation_Name","key":"","value":"Executive - Documentation","colType":"","isEditable":"1","isVisible":"y"},{"fieldID":"0","uniquekey":"Employee_Code","key":"","value":"CAPL00230","colType":"","isEditable":"1","isVisible":"y"},{"fieldID":"0","uniquekey":"Branch_Id","key":"","value":"9","colType":"","isEditable":"1","isVisible":"y"},{"fieldID":"0","uniquekey":"Branch_Name","key":"","value":"Mumbai","colType":"","isEditable":"1","isVisible":"y"}],"businessMemberDetails":[{"fieldID":"0","uniquekey":"member_buss_email","key":"Email","value":"","colType":"Email","isEditable":"1","isVisible":"y"},{"fieldID":"0","uniquekey":"businessPosition","key":"Designation","value":"","colType":"Text","isEditable":"1","isVisible":"y"},{"fieldID":"0","uniquekey":"BusinessName","key":"Business Name","value":"","colType":"Text","isEditable":"1","isVisible":"y"}],"familyMemberDetails":{"isVisible":"y","familyMemberDetail":[{"familyMemberId":"508","memberName":"Bhavna Shah","relationship":"Spouse","dOB":"01/07/1956","emailID":"","anniversary":"25/11/2012","contactNo":"1 9820419434","particulars":"","bloodGroup":"AB+ Ve"},{"familyMemberId":"510","memberName":"Radhika Shah","relationship":"Child","dOB":"21/03/1984","emailID":"","anniversary":"","contactNo":"","particulars":"","bloodGroup":""},{"familyMemberId":"511","memberName":"Rahul Shah","relationship":"Child","dOB":"17/08/1987","emailID":"","anniversary":"","contactNo":"","particulars":"","bloodGroup":""}]},"addressDetails":{"isResidanceAddrVisible":"y","isBusinessAddrVisible":"y","addressResult":[]}},{"masterID":"357","grpID":"1","profileID":"357","isAdmin":"yes","memberName":"Mr. Sathishkumar P","memberEmail":"sathish_kumar@chakiat.net","memberMobile":"","memberCountry":"India","profilePic":"","familyPic":null,"Branch_Id":"2","Branch_Name":"Chennai","isPersonalDetVisible":"yes","member_date_of_birth":null,"member_date_of_wedding":null,"personalMemberDetails":[{"fieldID":"0","uniquekey":"profileID","key":"","value":"357","colType":"","isEditable":"1","isVisible":"y"},{"fieldID":"0","uniquekey":"member_name","key":"Name","value":"Mr. Sathishkumar P","colType":"Text","isEditable":"1","isVisible":"y"},{"fieldID":"0","uniquekey":"member_email_id","key":"Email","value":"sathish_kumar@chakiat.net","colType":"Email","isEditable":"1","isVisible":"y"},{"fieldID":"0","uniquekey":"memberMobile","key":"","value":"","colType":"","isEditable":"1","isVisible":"y"},{"fieldID":"0","uniquekey":"memberCountry","key":"","value":"India","colType":"","isEditable":"1","isVisible":"y"},{"fieldID":"0","uniquekey":"member_date_of_birth","key":"Birthday","value":"","colType":"Date","isEditable":"1","isVisible":"y"},{"fieldID":"0","uniquekey":"member_date_of_wedding","key":"Anniversary","value":"","colType":"Date","isEditable":"1","isVisible":"y"},{"fieldID":"0","uniquekey":"Employee_Code_One","key":"","value":"CAPL00008","colType":"","isEditable":"1","isVisible":"y"},{"fieldID":"0","uniquekey":"First_Level_of_Reporting_Name","key":"","value":"Suneesh Sukumaran","colType":"","isEditable":"1","isVisible":"y"},{"fieldID":"0","uniquekey":"Employee_Code_2","key":"","value":"CAPL00295","colType":"","isEditable":"1","isVisible":"y"},{"fieldID":"0","uniquekey":"Second_LevelofReportingName","key":"","value":"Sundaresan K","colType":"","isEditable":"1","isVisible":"y"},{"fieldID":"0","uniquekey":"UHID","key":"","value":"IL17886189000","colType":"","isEditable":"1","isVisible":"y"},{"fieldID":"0","uniquekey":"Official_Landline_No","key":"","value":"04442961715","colType":"","isEditable":"1","isVisible":"y"},{"fieldID":"0","uniquekey":"Second_Official_Landline_No","key":"","value":"","colType":"","isEditable":"1","isVisible":"y"},{"fieldID":"0","uniquekey":"Date_of_Joining","key":"","value":"2016-12-14","colType":"","isEditable":"1","isVisible":"y"},{"fieldID":"0","uniquekey":"Fk_Dept_ID","key":"","value":"1","colType":"","isEditable":"1","isVisible":"y"},{"fieldID":"0","uniquekey":"Fk_FunctionalRole_Id","key":"","value":"5","colType":"","isEditable":"1","isVisible":"y"},{"fieldID":"0","uniquekey":"fk_EntityName_id","key":"","value":"3","colType":"","isEditable":"1","isVisible":"y"},{"fieldID":"0","uniquekey":"fk_designation_id","key":"","value":"15","colType":"","isEditable":"1","isVisible":"y"},{"fieldID":"0","uniquekey":"department_Name","key":"","value":"Support Function","colType":"","isEditable":"1","isVisible":"y"},{"fieldID":"0","uniquekey":"functionalrole_Name","key":"","value":"Finance & Accounts","colType":"","isEditable":"1","isVisible":"y"},{"fieldID":"0","uniquekey":"Entity_Name","key":"","value":"CAPL","colType":"","isEditable":"1","isVisible":"y"},{"fieldID":"0","uniquekey":"Designation_Name","key":"","value":"Executive - Accounts or Finance","colType":"","isEditable":"1","isVisible":"y"},{"fieldID":"0","uniquekey":"Employee_Code","key":"","value":"CAPL00233","colType":"","isEditable":"1","isVisible":"y"},{"fieldID":"0","uniquekey":"Branch_Id","key":"","value":"2","colType":"","isEditable":"1","isVisible":"y"},{"fieldID":"0","uniquekey":"Branch_Name","key":"","value":"Chennai","colType":"","isEditable":"1","isVisible":"y"}],"businessMemberDetails":[{"fieldID":"0","uniquekey":"member_buss_email","key":"Email","value":"","colType":"Email","isEditable":"1","isVisible":"y"},{"fieldID":"0","uniquekey":"businessPosition","key":"Designation","value":"","colType":"Text","isEditable":"1","isVisible":"y"},{"fieldID":"0","uniquekey":"BusinessName","key":"Business Name","value":"","colType":"Text","isEditable":"1","isVisible":"y"}],"familyMemberDetails":{"isVisible":"y","familyMemberDetail":[{"familyMemberId":"513","memberName":"Deepa","relationship":"Spouse","dOB":"14/04/2013","emailID":"","anniversary":"12/10/2012","contactNo":"","particulars":"","bloodGroup":""},{"familyMemberId":"514","memberName":"Dimple","relationship":"Daughter","dOB":"01/07/2013","emailID":"","anniversary":"","contactNo":"","particulars":"","bloodGroup":""},{"familyMemberId":"515","memberName":"Pratik","relationship":"Son","dOB":"07/08/2013","emailID":"","anniversary":"","contactNo":"","particulars":"","bloodGroup":""}]},"addressDetails":{"isResidanceAddrVisible":"y","isBusinessAddrVisible":"y","addressResult":[]}},{"masterID":"364","grpID":"1","profileID":"364","isAdmin":"yes","memberName":"Mr. Snehal S Trivedi","memberEmail":"trivedi_snehal@chakiat.net","memberMobile":"+91 9099008290","memberCountry":"India","profilePic":"","familyPic":null,"Branch_Id":"6","Branch_Name":"Gandhidham","isPersonalDetVisible":"yes","member_date_of_birth":null,"member_date_of_wedding":null,"personalMemberDetails":[{"fieldID":"0","uniquekey":"profileID","key":"","value":"364","colType":"","isEditable":"1","isVisible":"y"},{"fieldID":"0","uniquekey":"member_name","key":"Name","value":"Mr. Snehal S Trivedi","colType":"Text","isEditable":"1","isVisible":"y"},{"fieldID":"0","uniquekey":"member_email_id","key":"Email","value":"trivedi_snehal@chakiat.net","colType":"Email","isEditable":"1","isVisible":"y"},{"fieldID":"0","uniquekey":"memberMobile","key":"","value":"+91 9099008290","colType":"","isEditable":"1","isVisible":"y"},{"fieldID":"0","uniquekey":"memberCountry","key":"","value":"India","colType":"","isEditable":"1","isVisible":"y"},{"fieldID":"0","uniquekey":"member_date_of_birth","key":"Birthday","value":"","colType":"Date","isEditable":"1","isVisible":"y"},{"fieldID":"0","uniquekey":"member_date_of_wedding","key":"Anniversary","value":"","colType":"Date","isEditable":"1","isVisible":"y"},{"fieldID":"0","uniquekey":"Employee_Code_One","key":"","value":"","colType":"","isEditable":"1","isVisible":"y"},{"fieldID":"0","uniquekey":"First_Level_of_Reporting_Name","key":"","value":"Suneesh Sukumaran","colType":"","isEditable":"1","isVisible":"y"},{"fieldID":"0","uniquekey":"Employee_Code_2","key":"","value":"CAPL00295","colType":"","isEditable":"1","isVisible":"y"},{"fieldID":"0","uniquekey":"Second_LevelofReportingName","key":"","value":"Sundaresan K","colType":"","isEditable":"1","isVisible":"y"},{"fieldID":"0","uniquekey":"UHID","key":"","value":"IL17886181800","colType":"","isEditable":"1","isVisible":"y"},{"fieldID":"0","uniquekey":"Official_Landline_No","key":"","value":"02836231051","colType":"","isEditable":"1","isVisible":"y"},{"fieldID":"0","uniquekey":"Second_Official_Landline_No","key":"","value":"","colType":"","isEditable":"1","isVisible":"y"},{"fieldID":"0","uniquekey":"Date_of_Joining","key":"","value":"2018-08-01","colType":"","isEditable":"1","isVisible":"y"},{"fieldID":"0","uniquekey":"Fk_Dept_ID","key":"","value":"1","colType":"","isEditable":"1","isVisible":"y"},{"fieldID":"0","uniquekey":"Fk_FunctionalRole_Id","key":"","value":"5","colType":"","isEditable":"1","isVisible":"y"},{"fieldID":"0","uniquekey":"fk_EntityName_id","key":"","value":"3","colType":"","isEditable":"1","isVisible":"y"},{"fieldID":"0","uniquekey":"fk_designation_id","key":"","value":"15","colType":"","isEditable":"1","isVisible":"y"},{"fieldID":"0","uniquekey":"department_Name","key":"","value":"Support Function","colType":"","isEditable":"1","isVisible":"y"},{"fieldID":"0","uniquekey":"functionalrole_Name","key":"","value":"Finance & Accounts","colType":"","isEditable":"1","isVisible":"y"},{"fieldID":"0","uniquekey":"Entity_Name","key":"","value":"CAPL","colType":"","isEditable":"1","isVisible":"y"},{"fieldID":"0","uniquekey":"Designation_Name","key":"","value":"Executive - Accounts or Finance","colType":"","isEditable":"1","isVisible":"y"},{"fieldID":"0","uniquekey":"Employee_Code","key":"","value":"CAPL00252","colType":"","isEditable":"1","isVisible":"y"},{"fieldID":"0","uniquekey":"Branch_Id","key":"","value":"6","colType":"","isEditable":"1","isVisible":"y"},{"fieldID":"0","uniquekey":"Branch_Name","key":"","value":"Gandhidham","colType":"","isEditable":"1","isVisible":"y"}],"businessMemberDetails":[{"fieldID":"0","uniquekey":"member_buss_email","key":"Email","value":"","colType":"Email","isEditable":"1","isVisible":"y"},{"fieldID":"0","uniquekey":"businessPosition","key":"Designation","value":"","colType":"Text","isEditable":"1","isVisible":"y"},{"fieldID":"0","uniquekey":"BusinessName","key":"Business Name","value":"","colType":"Text","isEditable":"1","isVisible":"y"}],"familyMemberDetails":{"isVisible":"y","familyMemberDetail":[{"familyMemberId":"525","memberName":"Nita","relationship":"Spouse","dOB":"15/10/2013","emailID":"","anniversary":"17/12/2012","contactNo":"1 1/08/1992","particulars":"","bloodGroup":"O+"},{"familyMemberId":"526","memberName":"Yash","relationship":"Child","dOB":"14/12/2013","emailID":"","anniversary":"","contactNo":"","particulars":"","bloodGroup":""},{"familyMemberId":"527","memberName":"Arjun","relationship":"Child","dOB":"16/09/2013","emailID":"","anniversary":"","contactNo":"","particulars":"","bloodGroup":""}]},"addressDetails":{"isResidanceAddrVisible":"y","isBusinessAddrVisible":"y","addressResult":[]}},{"masterID":"365","grpID":"1","profileID":"365","isAdmin":"yes","memberName":"Mr. Alex Peter","memberEmail":"alex@chakiat.net","memberMobile":"+91 9846799100","memberCountry":"India","profilePic":"","familyPic":null,"Branch_Id":"4","Branch_Name":"Cochin","isPersonalDetVisible":"yes","member_date_of_birth":null,"member_date_of_wedding":null,"personalMemberDetails":[{"fieldID":"0","uniquekey":"profileID","key":"","value":"365","colType":"","isEditable":"1","isVisible":"y"},{"fieldID":"0","uniquekey":"member_name","key":"Name","value":"Mr. Alex Peter","colType":"Text","isEditable":"1","isVisible":"y"},{"fieldID":"0","uniquekey":"member_email_id","key":"Email","value":"alex@chakiat.net","colType":"Email","isEditable":"1","isVisible":"y"},{"fieldID":"0","uniquekey":"memberMobile","key":"","value":"+91 9846799100","colType":"","isEditable":"1","isVisible":"y"},{"fieldID":"0","uniquekey":"memberCountry","key":"","value":"India","colType":"","isEditable":"1","isVisible":"y"},{"fieldID":"0","uniquekey":"member_date_of_birth","key":"Birthday","value":"","colType":"Date","isEditable":"1","isVisible":"y"},{"fieldID":"0","uniquekey":"member_date_of_wedding","key":"Anniversary","value":"","colType":"Date","isEditable":"1","isVisible":"y"},{"fieldID":"0","uniquekey":"Employee_Code_One","key":"","value":"CAPL00262","colType":"","isEditable":"1","isVisible":"y"},{"fieldID":"0","uniquekey":"First_Level_of_Reporting_Name","key":"","value":"B Ajith","colType":"","isEditable":"1","isVisible":"y"},{"fieldID":"0","uniquekey":"Employee_Code_2","key":"","value":"CSSPL00084","colType":"","isEditable":"1","isVisible":"y"},{"fieldID":"0","uniquekey":"Second_LevelofReportingName","key":"","value":"Raghu Jairam","colType":"","isEditable":"1","isVisible":"y"},{"fieldID":"0","uniquekey":"UHID","key":"","value":"IL17886180700","colType":"","isEditable":"1","isVisible":"y"},{"fieldID":"0","uniquekey":"Official_Landline_No","key":"","value":"","colType":"","isEditable":"1","isVisible":"y"},{"fieldID":"0","uniquekey":"Second_Official_Landline_No","key":"","value":"","colType":"","isEditable":"1","isVisible":"y"},{"fieldID":"0","uniquekey":"Date_of_Joining","key":"","value":"2006-01-01","colType":"","isEditable":"1","isVisible":"y"},{"fieldID":"0","uniquekey":"Fk_Dept_ID","key":"","value":"18","colType":"","isEditable":"1","isVisible":"y"},{"fieldID":"0","uniquekey":"Fk_FunctionalRole_Id","key":"","value":"8","colType":"","isEditable":"1","isVisible":"y"},{"fieldID":"0","uniquekey":"fk_EntityName_id","key":"","value":"3","colType":"","isEditable":"1","isVisible":"y"},{"fieldID":"0","uniquekey":"fk_designation_id","key":"","value":"31","colType":"","isEditable":"1","isVisible":"y"},{"fieldID":"0","uniquekey":"department_Name","key":"","value":"Depot Operations","colType":"","isEditable":"1","isVisible":"y"},{"fieldID":"0","uniquekey":"functionalrole_Name","key":"","value":"Operations","colType":"","isEditable":"1","isVisible":"y"},{"fieldID":"0","uniquekey":"Entity_Name","key":"","value":"CAPL","colType":"","isEditable":"1","isVisible":"y"},{"fieldID":"0","uniquekey":"Designation_Name","key":"","value":"Executive","colType":"","isEditable":"1","isVisible":"y"},{"fieldID":"0","uniquekey":"Employee_Code","key":"","value":"CAPL00253","colType":"","isEditable":"1","isVisible":"y"},{"fieldID":"0","uniquekey":"Branch_Id","key":"","value":"4","colType":"","isEditable":"1","isVisible":"y"},{"fieldID":"0","uniquekey":"Branch_Name","key":"","value":"Cochin","colType":"","isEditable":"1","isVisible":"y"}],"businessMemberDetails":[{"fieldID":"0","uniquekey":"member_buss_email","key":"Email","value":"","colType":"Email","isEditable":"1","isVisible":"y"},{"fieldID":"0","uniquekey":"businessPosition","key":"Designation","value":"","colType":"Text","isEditable":"1","isVisible":"y"},{"fieldID":"0","uniquekey":"BusinessName","key":"Business Name","value":"","colType":"Text","isEditable":"1","isVisible":"y"}],"familyMemberDetails":{"isVisible":"y","familyMemberDetail":[{"familyMemberId":"528","memberName":"Anita","relationship":"Spouse","dOB":"04/04/2013","emailID":"","anniversary":"06/12/2012","contactNo":"","particulars":"","bloodGroup":""},{"familyMemberId":"530","memberName":"Mohit","relationship":"Son","dOB":"29/06/2013","emailID":"","anniversary":"","contactNo":"","particulars":"","bloodGroup":""},{"familyMemberId":"532","memberName":"Amol","relationship":"Son","dOB":"26/06/2013","emailID":"","anniversary":"","contactNo":"","particulars":"","bloodGroup":""}]},"addressDetails":{"isResidanceAddrVisible":"y","isBusinessAddrVisible":"y","addressResult":[]}},{"masterID":"370","grpID":"1","profileID":"370","isAdmin":"yes","memberName":"Mr. Lijo Andrews","memberEmail":"-","memberMobile":"+91 9645530372","memberCountry":"India","profilePic":"","familyPic":null,"Branch_Id":"4","Branch_Name":"Cochin","isPersonalDetVisible":"yes","member_date_of_birth":null,"member_date_of_wedding":null,"personalMemberDetails":[{"fieldID":"0","uniquekey":"profileID","key":"","value":"370","colType":"","isEditable":"1","isVisible":"y"},{"fieldID":"0","uniquekey":"member_name","key":"Name","value":"Mr. Lijo Andrews","colType":"Text","isEditable":"1","isVisible":"y"},{"fieldID":"0","uniquekey":"member_email_id","key":"Email","value":"-","colType":"Email","isEditable":"1","isVisible":"y"},{"fieldID":"0","uniquekey":"memberMobile","key":"","value":"+91 9645530372","colType":"","isEditable":"1","isVisible":"y"},{"fieldID":"0","uniquekey":"memberCountry","key":"","value":"India","colType":"","isEditable":"1","isVisible":"y"},{"fieldID":"0","uniquekey":"member_date_of_birth","key":"Birthday","value":"","colType":"Date","isEditable":"1","isVisible":"y"},{"fieldID":"0","uniquekey":"member_date_of_wedding","key":"Anniversary","value":"","colType":"Date","isEditable":"1","isVisible":"y"},{"fieldID":"0","uniquekey":"Employee_Code_One","key":"","value":"CAPL00262","colType":"","isEditable":"1","isVisible":"y"},{"fieldID":"0","uniquekey":"First_Level_of_Reporting_Name","key":"","value":"B Ajith","colType":"","isEditable":"1","isVisible":"y"},{"fieldID":"0","uniquekey":"Employee_Code_2","key":"","value":"CSSPL00084","colType":"","isEditable":"1","isVisible":"y"},{"fieldID":"0","uniquekey":"Second_LevelofReportingName","key":"","value":"Raghu Jairam","colType":"","isEditable":"1","isVisible":"y"},{"fieldID":"0","uniquekey":"UHID","key":"","value":"IL17886187500","colType":"","isEditable":"1","isVisible":"y"},{"fieldID":"0","uniquekey":"Official_Landline_No","key":"","value":"","colType":"","isEditable":"1","isVisible":"y"},{"fieldID":"0","uniquekey":"Second_Official_Landline_No","key":"","value":"","colType":"","isEditable":"1","isVisible":"y"},{"fieldID":"0","uniquekey":"Date_of_Joining","key":"","value":"2012-09-01","colType":"","isEditable":"1","isVisible":"y"},{"fieldID":"0","uniquekey":"Fk_Dept_ID","key":"","value":"18","colType":"","isEditable":"1","isVisible":"y"},{"fieldID":"0","uniquekey":"Fk_FunctionalRole_Id","key":"","value":"8","colType":"","isEditable":"1","isVisible":"y"},{"fieldID":"0","uniquekey":"fk_EntityName_id","key":"","value":"3","colType":"","isEditable":"1","isVisible":"y"},{"fieldID":"0","uniquekey":"fk_designation_id","key":"","value":"12","colType":"","isEditable":"1","isVisible":"y"},{"fieldID":"0","uniquekey":"department_Name","key":"","value":"Depot Operations","colType":"","isEditable":"1","isVisible":"y"},{"fieldID":"0","uniquekey":"functionalrole_Name","key":"","value":"Operations","colType":"","isEditable":"1","isVisible":"y"},{"fieldID":"0","uniquekey":"Entity_Name","key":"","value":"CAPL","colType":"","isEditable":"1","isVisible":"y"},{"fieldID":"0","uniquekey":"Designation_Name","key":"","value":"Executive - Operations","colType":"","isEditable":"1","isVisible":"y"},{"fieldID":"0","uniquekey":"Employee_Code","key":"","value":"CAPL00259","colType":"","isEditable":"1","isVisible":"y"},{"fieldID":"0","uniquekey":"Branch_Id","key":"","value":"4","colType":"","isEditable":"1","isVisible":"y"},{"fieldID":"0","uniquekey":"Branch_Name","key":"","value":"Cochin","colType":"","isEditable":"1","isVisible":"y"}],"businessMemberDetails":[{"fieldID":"0","uniquekey":"member_buss_email","key":"Email","value":"","colType":"Email","isEditable":"1","isVisible":"y"},{"fieldID":"0","uniquekey":"businessPosition","key":"Designation","value":"","colType":"Text","isEditable":"1","isVisible":"y"},{"fieldID":"0","uniquekey":"BusinessName","key":"Business Name","value":"","colType":"Text","isEditable":"1","isVisible":"y"}],"familyMemberDetails":{"isVisible":"y","familyMemberDetail":[{"familyMemberId":"539","memberName":"SHAKERA QUETTAWALA","relationship":"Spouse","dOB":"13/10/2012","emailID":"","anniversary":"27/11/2012","contactNo":"1 9867694032","particulars":"","bloodGroup":""}]},"addressDetails":{"isResidanceAddrVisible":"y","isBusinessAddrVisible":"y","addressResult":[]}},{"masterID":"371","grpID":"1","profileID":"371","isAdmin":"yes","memberName":"Mr. Arun R Nath","memberEmail":"-","memberMobile":"+91 9037239247","memberCountry":"India","profilePic":"","familyPic":null,"Branch_Id":"4","Branch_Name":"Cochin","isPersonalDetVisible":"yes","member_date_of_birth":null,"member_date_of_wedding":null,"personalMemberDetails":[{"fieldID":"0","uniquekey":"profileID","key":"","value":"371","colType":"","isEditable":"1","isVisible":"y"},{"fieldID":"0","uniquekey":"member_name","key":"Name","value":"Mr. Arun R Nath","colType":"Text","isEditable":"1","isVisible":"y"},{"fieldID":"0","uniquekey":"member_email_id","key":"Email","value":"-","colType":"Email","isEditable":"1","isVisible":"y"},{"fieldID":"0","uniquekey":"memberMobile","key":"","value":"+91 9037239247","colType":"","isEditable":"1","isVisible":"y"},{"fieldID":"0","uniquekey":"memberCountry","key":"","value":"India","colType":"","isEditable":"1","isVisible":"y"},{"fieldID":"0","uniquekey":"member_date_of_birth","key":"Birthday","value":"","colType":"Date","isEditable":"1","isVisible":"y"},{"fieldID":"0","uniquekey":"member_date_of_wedding","key":"Anniversary","value":"","colType":"Date","isEditable":"1","isVisible":"y"},{"fieldID":"0","uniquekey":"Employee_Code_One","key":"","value":"CAPL00262","colType":"","isEditable":"1","isVisible":"y"},{"fieldID":"0","uniquekey":"First_Level_of_Reporting_Name","key":"","value":"B Ajith","colType":"","isEditable":"1","isVisible":"y"},{"fieldID":"0","uniquekey":"Employee_Code_2","key":"","value":"CSSPL00084","colType":"","isEditable":"1","isVisible":"y"},{"fieldID":"0","uniquekey":"Second_LevelofReportingName","key":"","value":"Raghu Jairam","colType":"","isEditable":"1","isVisible":"y"},{"fieldID":"0","uniquekey":"UHID","key":"","value":"IL17886189200","colType":"","isEditable":"1","isVisible":"y"},{"fieldID":"0","uniquekey":"Official_Landline_No","key":"","value":"","colType":"","isEditable":"1","isVisible":"y"},{"fieldID":"0","uniquekey":"Second_Official_Landline_No","key":"","value":"","colType":"","isEditable":"1","isVisible":"y"},{"fieldID":"0","uniquekey":"Date_of_Joining","key":"","value":"2014-12-01","colType":"","isEditable":"1","isVisible":"y"},{"fieldID":"0","uniquekey":"Fk_Dept_ID","key":"","value":"18","colType":"","isEditable":"1","isVisible":"y"},{"fieldID":"0","uniquekey":"Fk_FunctionalRole_Id","key":"","value":"8","colType":"","isEditable":"1","isVisible":"y"},{"fieldID":"0","uniquekey":"fk_EntityName_id","key":"","value":"3","colType":"","isEditable":"1","isVisible":"y"},{"fieldID":"0","uniquekey":"fk_designation_id","key":"","value":"12","colType":"","isEditable":"1","isVisible":"y"},{"fieldID":"0","uniquekey":"department_Name","key":"","value":"Depot Operations","colType":"","isEditable":"1","isVisible":"y"},{"fieldID":"0","uniquekey":"functionalrole_Name","key":"","value":"Operations","colType":"","isEditable":"1","isVisible":"y"},{"fieldID":"0","uniquekey":"Entity_Name","key":"","value":"CAPL","colType":"","isEditable":"1","isVisible":"y"},{"fieldID":"0","uniquekey":"Designation_Name","key":"","value":"Executive - Operations","colType":"","isEditable":"1","isVisible":"y"},{"fieldID":"0","uniquekey":"Employee_Code","key":"","value":"CAPL00260","colType":"","isEditable":"1","isVisible":"y"},{"fieldID":"0","uniquekey":"Branch_Id","key":"","value":"4","colType":"","isEditable":"1","isVisible":"y"},{"fieldID":"0","uniquekey":"Branch_Name","key":"","value":"Cochin","colType":"","isEditable":"1","isVisible":"y"}],"businessMemberDetails":[{"fieldID":"0","uniquekey":"member_buss_email","key":"Email","value":"","colType":"Email","isEditable":"1","isVisible":"y"},{"fieldID":"0","uniquekey":"businessPosition","key":"Designation","value":"","colType":"Text","isEditable":"1","isVisible":"y"},{"fieldID":"0","uniquekey":"BusinessName","key":"Business Name","value":"","colType":"Text","isEditable":"1","isVisible":"y"}],"familyMemberDetails":{"isVisible":"y","familyMemberDetail":[{"familyMemberId":"540","memberName":"Nandini","relationship":"Spouse","dOB":"12/02/2013","emailID":"","anniversary":"20/05/2013","contactNo":"","particulars":"","bloodGroup":""},{"familyMemberId":"542","memberName":"Gauri","relationship":"Daughter","dOB":"22/07/2013","emailID":"","anniversary":"","contactNo":"","particulars":"","bloodGroup":""},{"familyMemberId":"543","memberName":"Anand","relationship":"Son","dOB":"02/06/2013","emailID":"","anniversary":"","contactNo":"","particulars":"","bloodGroup":""}]},"addressDetails":{"isResidanceAddrVisible":"y","isBusinessAddrVisible":"y","addressResult":[]}},{"masterID":"374","grpID":"1","profileID":"374","isAdmin":"yes","memberName":"Ms. Suseela P Kaimal","memberEmail":"suseela@chakiat.net","memberMobile":"+91 9946194914","memberCountry":"India","profilePic":"","familyPic":null,"Branch_Id":"4","Branch_Name":"Cochin","isPersonalDetVisible":"yes","member_date_of_birth":null,"member_date_of_wedding":null,"personalMemberDetails":[{"fieldID":"0","uniquekey":"profileID","key":"","value":"374","colType":"","isEditable":"1","isVisible":"y"},{"fieldID":"0","uniquekey":"member_name","key":"Name","value":"Ms. Suseela P Kaimal","colType":"Text","isEditable":"1","isVisible":"y"},{"fieldID":"0","uniquekey":"member_email_id","key":"Email","value":"suseela@chakiat.net","colType":"Email","isEditable":"1","isVisible":"y"},{"fieldID":"0","uniquekey":"memberMobile","key":"","value":"+91 9946194914","colType":"","isEditable":"1","isVisible":"y"},{"fieldID":"0","uniquekey":"memberCountry","key":"","value":"India","colType":"","isEditable":"1","isVisible":"y"},{"fieldID":"0","uniquekey":"member_date_of_birth","key":"Birthday","value":"","colType":"Date","isEditable":"1","isVisible":"y"},{"fieldID":"0","uniquekey":"member_date_of_wedding","key":"Anniversary","value":"","colType":"Date","isEditable":"1","isVisible":"y"},{"fieldID":"0","uniquekey":"Employee_Code_One","key":"","value":"CSSPL00084","colType":"","isEditable":"1","isVisible":"y"},{"fieldID":"0","uniquekey":"First_Level_of_Reporting_Name","key":"","value":"Raghu Jairam","colType":"","isEditable":"1","isVisible":"y"},{"fieldID":"0","uniquekey":"Employee_Code_2","key":"","value":"-","colType":"","isEditable":"1","isVisible":"y"},{"fieldID":"0","uniquekey":"Second_LevelofReportingName","key":"","value":"-","colType":"","isEditable":"1","isVisible":"y"},{"fieldID":"0","uniquekey":"UHID","key":"","value":"IL17886183300","colType":"","isEditable":"1","isVisible":"y"},{"fieldID":"0","uniquekey":"Official_Landline_No","key":"","value":"","colType":"","isEditable":"1","isVisible":"y"},{"fieldID":"0","uniquekey":"Second_Official_Landline_No","key":"","value":"","colType":"","isEditable":"1","isVisible":"y"},{"fieldID":"0","uniquekey":"Date_of_Joining","key":"","value":"2000-05-01","colType":"","isEditable":"1","isVisible":"y"},{"fieldID":"0","uniquekey":"Fk_Dept_ID","key":"","value":"1","colType":"","isEditable":"1","isVisible":"y"},{"fieldID":"0","uniquekey":"Fk_FunctionalRole_Id","key":"","value":"1","colType":"","isEditable":"1","isVisible":"y"},{"fieldID":"0","uniquekey":"fk_EntityName_id","key":"","value":"3","colType":"","isEditable":"1","isVisible":"y"},{"fieldID":"0","uniquekey":"fk_designation_id","key":"","value":"31","colType":"","isEditable":"1","isVisible":"y"},{"fieldID":"0","uniquekey":"department_Name","key":"","value":"Support Function","colType":"","isEditable":"1","isVisible":"y"},{"fieldID":"0","uniquekey":"functionalrole_Name","key":"","value":"Admin","colType":"","isEditable":"1","isVisible":"y"},{"fieldID":"0","uniquekey":"Entity_Name","key":"","value":"CAPL","colType":"","isEditable":"1","isVisible":"y"},{"fieldID":"0","uniquekey":"Designation_Name","key":"","value":"Executive","colType":"","isEditable":"1","isVisible":"y"},{"fieldID":"0","uniquekey":"Employee_Code","key":"","value":"CAPL00265","colType":"","isEditable":"1","isVisible":"y"},{"fieldID":"0","uniquekey":"Branch_Id","key":"","value":"4","colType":"","isEditable":"1","isVisible":"y"},{"fieldID":"0","uniquekey":"Branch_Name","key":"","value":"Cochin","colType":"","isEditable":"1","isVisible":"y"}],"businessMemberDetails":[{"fieldID":"0","uniquekey":"member_buss_email","key":"Email","value":"","colType":"Email","isEditable":"1","isVisible":"y"},{"fieldID":"0","uniquekey":"businessPosition","key":"Designation","value":"","colType":"Text","isEditable":"1","isVisible":"y"},{"fieldID":"0","uniquekey":"BusinessName","key":"Business Name","value":"","colType":"Text","isEditable":"1","isVisible":"y"}],"familyMemberDetails":{"isVisible":"y","familyMemberDetail":[{"familyMemberId":"551","memberName":"Shilpa","relationship":"Spouse","dOB":"27/02/2013","emailID":"","anniversary":"24/01/2012","contactNo":"1 9821523278","particulars":"","bloodGroup":"A+ Ve"},{"familyMemberId":"554","memberName":"Shantanu","relationship":"Child","dOB":"07/04/2013","emailID":"","anniversary":"","contactNo":"","particulars":"","bloodGroup":""}]},"addressDetails":{"isResidanceAddrVisible":"y","isBusinessAddrVisible":"y","addressResult":[]}},{"masterID":"375","grpID":"1","profileID":"375","isAdmin":"yes","memberName":"Ms. Tina Thrideep","memberEmail":"tina@chakiat.net","memberMobile":"+91 9037897403","memberCountry":"India","profilePic":"","familyPic":null,"Branch_Id":"4","Branch_Name":"Cochin","isPersonalDetVisible":"yes","member_date_of_birth":null,"member_date_of_wedding":null,"personalMemberDetails":[{"fieldID":"0","uniquekey":"profileID","key":"","value":"375","colType":"","isEditable":"1","isVisible":"y"},{"fieldID":"0","uniquekey":"member_name","key":"Name","value":"Ms. Tina Thrideep","colType":"Text","isEditable":"1","isVisible":"y"},{"fieldID":"0","uniquekey":"member_email_id","key":"Email","value":"tina@chakiat.net","colType":"Email","isEditable":"1","isVisible":"y"},{"fieldID":"0","uniquekey":"memberMobile","key":"","value":"+91 9037897403","colType":"","isEditable":"1","isVisible":"y"},{"fieldID":"0","uniquekey":"memberCountry","key":"","value":"India","colType":"","isEditable":"1","isVisible":"y"},{"fieldID":"0","uniquekey":"member_date_of_birth","key":"Birthday","value":"","colType":"Date","isEditable":"1","isVisible":"y"},{"fieldID":"0","uniquekey":"member_date_of_wedding","key":"Anniversary","value":"","colType":"Date","isEditable":"1","isVisible":"y"},{"fieldID":"0","uniquekey":"Employee_Code_One","key":"","value":"CA00139","colType":"","isEditable":"1","isVisible":"y"},{"fieldID":"0","uniquekey":"First_Level_of_Reporting_Name","key":"","value":"Sivadas G","colType":"","isEditable":"1","isVisible":"y"},{"fieldID":"0","uniquekey":"Employee_Code_2","key":"","value":"-","colType":"","isEditable":"1","isVisible":"y"},{"fieldID":"0","uniquekey":"Second_LevelofReportingName","key":"","value":"-","colType":"","isEditable":"1","isVisible":"y"},{"fieldID":"0","uniquekey":"UHID","key":"","value":"IL17886186300","colType":"","isEditable":"1","isVisible":"y"},{"fieldID":"0","uniquekey":"Official_Landline_No","key":"","value":"","colType":"","isEditable":"1","isVisible":"y"},{"fieldID":"0","uniquekey":"Second_Official_Landline_No","key":"","value":"","colType":"","isEditable":"1","isVisible":"y"},{"fieldID":"0","uniquekey":"Date_of_Joining","key":"","value":"2010-10-01","colType":"","isEditable":"1","isVisible":"y"},{"fieldID":"0","uniquekey":"Fk_Dept_ID","key":"","value":"1","colType":"","isEditable":"1","isVisible":"y"},{"fieldID":"0","uniquekey":"Fk_FunctionalRole_Id","key":"","value":"1","colType":"","isEditable":"1","isVisible":"y"},{"fieldID":"0","uniquekey":"fk_EntityName_id","key":"","value":"3","colType":"","isEditable":"1","isVisible":"y"},{"fieldID":"0","uniquekey":"fk_designation_id","key":"","value":"31","colType":"","isEditable":"1","isVisible":"y"},{"fieldID":"0","uniquekey":"department_Name","key":"","value":"Support Function","colType":"","isEditable":"1","isVisible":"y"},{"fieldID":"0","uniquekey":"functionalrole_Name","key":"","value":"Admin","colType":"","isEditable":"1","isVisible":"y"},{"fieldID":"0","uniquekey":"Entity_Name","key":"","value":"CAPL","colType":"","isEditable":"1","isVisible":"y"},{"fieldID":"0","uniquekey":"Designation_Name","key":"","value":"Executive","colType":"","isEditable":"1","isVisible":"y"},{"fieldID":"0","uniquekey":"Employee_Code","key":"","value":"CAPL00266","colType":"","isEditable":"1","isVisible":"y"},{"fieldID":"0","uniquekey":"Branch_Id","key":"","value":"4","colType":"","isEditable":"1","isVisible":"y"},{"fieldID":"0","uniquekey":"Branch_Name","key":"","value":"Cochin","colType":"","isEditable":"1","isVisible":"y"}],"businessMemberDetails":[{"fieldID":"0","uniquekey":"member_buss_email","key":"Email","value":"","colType":"Email","isEditable":"1","isVisible":"y"},{"fieldID":"0","uniquekey":"businessPosition","key":"Designation","value":"","colType":"Text","isEditable":"1","isVisible":"y"},{"fieldID":"0","uniquekey":"BusinessName","key":"Business Name","value":"","colType":"Text","isEditable":"1","isVisible":"y"}],"familyMemberDetails":{"isVisible":"y","familyMemberDetail":[{"familyMemberId":"7547","memberName":"Yamini","relationship":"Spouse","dOB":"01/01/2013","emailID":"","anniversary":"09/12/2012","contactNo":"1 9423940400","particulars":"","bloodGroup":""},{"familyMemberId":"7548","memberName":"Shreyas","relationship":"Son","dOB":"13/02/2013","emailID":"","anniversary":"00/00/0000","contactNo":"","particulars":"","bloodGroup":""}]},"addressDetails":{"isResidanceAddrVisible":"y","isBusinessAddrVisible":"y","addressResult":[]}},{"masterID":"376","grpID":"1","profileID":"376","isAdmin":"yes","memberName":"Ms. Jyothi L","memberEmail":"l_jyothi@chakiat.net","memberMobile":"+91 9037548095","memberCountry":"India","profilePic":"","familyPic":null,"Branch_Id":"4","Branch_Name":"Cochin","isPersonalDetVisible":"yes","member_date_of_birth":null,"member_date_of_wedding":null,"personalMemberDetails":[{"fieldID":"0","uniquekey":"profileID","key":"","value":"376","colType":"","isEditable":"1","isVisible":"y"},{"fieldID":"0","uniquekey":"member_name","key":"Name","value":"Ms. Jyothi L","colType":"Text","isEditable":"1","isVisible":"y"},{"fieldID":"0","uniquekey":"member_email_id","key":"Email","value":"l_jyothi@chakiat.net","colType":"Email","isEditable":"1","isVisible":"y"},{"fieldID":"0","uniquekey":"memberMobile","key":"","value":"+91 9037548095","colType":"","isEditable":"1","isVisible":"y"},{"fieldID":"0","uniquekey":"memberCountry","key":"","value":"India","colType":"","isEditable":"1","isVisible":"y"},{"fieldID":"0","uniquekey":"member_date_of_birth","key":"Birthday","value":"","colType":"Date","isEditable":"1","isVisible":"y"},{"fieldID":"0","uniquekey":"member_date_of_wedding","key":"Anniversary","value":"","colType":"Date","isEditable":"1","isVisible":"y"},{"fieldID":"0","uniquekey":"Employee_Code_One","key":"","value":"CA00139","colType":"","isEditable":"1","isVisible":"y"},{"fieldID":"0","uniquekey":"First_Level_of_Reporting_Name","key":"","value":"Sivadas G","colType":"","isEditable":"1","isVisible":"y"},{"fieldID":"0","uniquekey":"Employee_Code_2","key":"","value":"CAPL00295","colType":"","isEditable":"1","isVisible":"y"},{"fieldID":"0","uniquekey":"Second_LevelofReportingName","key":"","value":"Sundaresan K","colType":"","isEditable":"1","isVisible":"y"},{"fieldID":"0","uniquekey":"UHID","key":"","value":"IL17886187600","colType":"","isEditable":"1","isVisible":"y"},{"fieldID":"0","uniquekey":"Official_Landline_No","key":"","value":"04842667585","colType":"","isEditable":"1","isVisible":"y"},{"fieldID":"0","uniquekey":"Second_Official_Landline_No","key":"","value":"","colType":"","isEditable":"1","isVisible":"y"},{"fieldID":"0","uniquekey":"Date_of_Joining","key":"","value":"2014-12-01","colType":"","isEditable":"1","isVisible":"y"},{"fieldID":"0","uniquekey":"Fk_Dept_ID","key":"","value":"1","colType":"","isEditable":"1","isVisible":"y"},{"fieldID":"0","uniquekey":"Fk_FunctionalRole_Id","key":"","value":"5","colType":"","isEditable":"1","isVisible":"y"},{"fieldID":"0","uniquekey":"fk_EntityName_id","key":"","value":"3","colType":"","isEditable":"1","isVisible":"y"},{"fieldID":"0","uniquekey":"fk_designation_id","key":"","value":"15","colType":"","isEditable":"1","isVisible":"y"},{"fieldID":"0","uniquekey":"department_Name","key":"","value":"Support Function","colType":"","isEditable":"1","isVisible":"y"},{"fieldID":"0","uniquekey":"functionalrole_Name","key":"","value":"Finance & Accounts","colType":"","isEditable":"1","isVisible":"y"},{"fieldID":"0","uniquekey":"Entity_Name","key":"","value":"CAPL","colType":"","isEditable":"1","isVisible":"y"},{"fieldID":"0","uniquekey":"Designation_Name","key":"","value":"Executive - Accounts or Finance","colType":"","isEditable":"1","isVisible":"y"},{"fieldID":"0","uniquekey":"Employee_Code","key":"","value":"CAPL00267","colType":"","isEditable":"1","isVisible":"y"},{"fieldID":"0","uniquekey":"Branch_Id","key":"","value":"4","colType":"","isEditable":"1","isVisible":"y"},{"fieldID":"0","uniquekey":"Branch_Name","key":"","value":"Cochin","colType":"","isEditable":"1","isVisible":"y"}],"businessMemberDetails":[{"fieldID":"0","uniquekey":"member_buss_email","key":"Email","value":"","colType":"Email","isEditable":"1","isVisible":"y"},{"fieldID":"0","uniquekey":"businessPosition","key":"Designation","value":"","colType":"Text","isEditable":"1","isVisible":"y"},{"fieldID":"0","uniquekey":"BusinessName","key":"Business Name","value":"","colType":"Text","isEditable":"1","isVisible":"y"}],"familyMemberDetails":{"isVisible":"y","familyMemberDetail":[{"familyMemberId":"555","memberName":"Sajay","relationship":"Son","dOB":"22/05/2013","emailID":"","anniversary":"","contactNo":"","particulars":"","bloodGroup":"B+ Ve"},{"familyMemberId":"556","memberName":"Shreyas","relationship":"Son","dOB":"27/09/2013","emailID":"","anniversary":"","contactNo":"","particulars":"","bloodGroup":"O+"}]},"addressDetails":{"isResidanceAddrVisible":"y","isBusinessAddrVisible":"y","addressResult":[]}},{"masterID":"377","grpID":"1","profileID":"377","isAdmin":"yes","memberName":"Mr. Manikandan K","memberEmail":"k_manikandan@chakiat.net","memberMobile":"","memberCountry":"India","profilePic":"","familyPic":null,"Branch_Id":"2","Branch_Name":"Chennai","isPersonalDetVisible":"yes","member_date_of_birth":null,"member_date_of_wedding":null,"personalMemberDetails":[{"fieldID":"0","uniquekey":"profileID","key":"","value":"377","colType":"","isEditable":"1","isVisible":"y"},{"fieldID":"0","uniquekey":"member_name","key":"Name","value":"Mr. Manikandan K","colType":"Text","isEditable":"1","isVisible":"y"},{"fieldID":"0","uniquekey":"member_email_id","key":"Email","value":"k_manikandan@chakiat.net","colType":"Email","isEditable":"1","isVisible":"y"},{"fieldID":"0","uniquekey":"memberMobile","key":"","value":"","colType":"","isEditable":"1","isVisible":"y"},{"fieldID":"0","uniquekey":"memberCountry","key":"","value":"India","colType":"","isEditable":"1","isVisible":"y"},{"fieldID":"0","uniquekey":"member_date_of_birth","key":"Birthday","value":"","colType":"Date","isEditable":"1","isVisible":"y"},{"fieldID":"0","uniquekey":"member_date_of_wedding","key":"Anniversary","value":"","colType":"Date","isEditable":"1","isVisible":"y"},{"fieldID":"0","uniquekey":"Employee_Code_One","key":"","value":"CAPL00295","colType":"","isEditable":"1","isVisible":"y"},{"fieldID":"0","uniquekey":"First_Level_of_Reporting_Name","key":"","value":"Sundaresan K","colType":"","isEditable":"1","isVisible":"y"},{"fieldID":"0","uniquekey":"Employee_Code_2","key":"","value":"CSSPL00080","colType":"","isEditable":"1","isVisible":"y"},{"fieldID":"0","uniquekey":"Second_LevelofReportingName","key":"","value":"Shankar Menon  P","colType":"","isEditable":"1","isVisible":"y"},{"fieldID":"0","uniquekey":"UHID","key":"","value":"IL17886179300","colType":"","isEditable":"1","isVisible":"y"},{"fieldID":"0","uniquekey":"Official_Landline_No","key":"","value":"04442961604","colType":"","isEditable":"1","isVisible":"y"},{"fieldID":"0","uniquekey":"Second_Official_Landline_No","key":"","value":"","colType":"","isEditable":"1","isVisible":"y"},{"fieldID":"0","uniquekey":"Date_of_Joining","key":"","value":"2018-09-06","colType":"","isEditable":"1","isVisible":"y"},{"fieldID":"0","uniquekey":"Fk_Dept_ID","key":"","value":"1","colType":"","isEditable":"1","isVisible":"y"},{"fieldID":"0","uniquekey":"Fk_FunctionalRole_Id","key":"","value":"12","colType":"","isEditable":"1","isVisible":"y"},{"fieldID":"0","uniquekey":"fk_EntityName_id","key":"","value":"3","colType":"","isEditable":"1","isVisible":"y"},{"fieldID":"0","uniquekey":"fk_designation_id","key":"","value":"30","colType":"","isEditable":"1","isVisible":"y"},{"fieldID":"0","uniquekey":"department_Name","key":"","value":"Support Function","colType":"","isEditable":"1","isVisible":"y"},{"fieldID":"0","uniquekey":"functionalrole_Name","key":"","value":"Taxation","colType":"","isEditable":"1","isVisible":"y"},{"fieldID":"0","uniquekey":"Entity_Name","key":"","value":"CAPL","colType":"","isEditable":"1","isVisible":"y"},{"fieldID":"0","uniquekey":"Designation_Name","key":"","value":"Senior Executive - Corporate Finance & Taxation","colType":"","isEditable":"1","isVisible":"y"},{"fieldID":"0","uniquekey":"Employee_Code","key":"","value":"CAPL00268","colType":"","isEditable":"1","isVisible":"y"},{"fieldID":"0","uniquekey":"Branch_Id","key":"","value":"2","colType":"","isEditable":"1","isVisible":"y"},{"fieldID":"0","uniquekey":"Branch_Name","key":"","value":"Chennai","colType":"","isEditable":"1","isVisible":"y"}],"businessMemberDetails":[{"fieldID":"0","uniquekey":"member_buss_email","key":"Email","value":"","colType":"Email","isEditable":"1","isVisible":"y"},{"fieldID":"0","uniquekey":"businessPosition","key":"Designation","value":"","colType":"Text","isEditable":"1","isVisible":"y"},{"fieldID":"0","uniquekey":"BusinessName","key":"Business Name","value":"","colType":"Text","isEditable":"1","isVisible":"y"}],"familyMemberDetails":{"isVisible":"y","familyMemberDetail":[{"familyMemberId":"557","memberName":"Bela Kothari","relationship":"Spouse","dOB":"26/05/1960","emailID":"","anniversary":"11/02/1985","contactNo":"1 9819010334","particulars":"","bloodGroup":"O+"},{"familyMemberId":"558","memberName":"Manasi Kothari","relationship":"Child","dOB":"03/02/1988","emailID":"","anniversary":"","contactNo":"","particulars":"","bloodGroup":""},{"familyMemberId":"559","memberName":"Jay Kothari","relationship":"Child","dOB":"24/03/1990","emailID":"","anniversary":"","contactNo":"","particulars":"","bloodGroup":""}]},"addressDetails":{"isResidanceAddrVisible":"y","isBusinessAddrVisible":"y","addressResult":[]}}]}