{"MemberDetail":[{"masterID":"145","grpID":"1","profileID":"145","isAdmin":"yes","memberName":"Mr. Ranveer Kashiram Vinherkar","memberEmail":"kalyan@chakiat.net","memberMobile":"+91 9167719720","memberCountry":"India","profilePic":"","familyPic":null,"Branch_Id":"9","Branch_Name":"Mumbai","isPersonalDetVisible":"yes","member_date_of_birth":null,"member_date_of_wedding":null,"personalMemberDetails":[{"fieldID":"0","uniquekey":"profileID","key":"","value":"145","colType":"","isEditable":"1","isVisible":"y"},{"fieldID":"0","uniquekey":"member_name","key":"Name","value":"Mr. Ranveer Kashiram Vinherkar","colType":"Text","isEditable":"1","isVisible":"y"},{"fieldID":"0","uniquekey":"member_email_id","key":"Email","value":"kalyan@chakiat.net","colType":"Email","isEditable":"1","isVisible":"y"},{"fieldID":"0","uniquekey":"memberMobile","key":"","value":"+91 9167719720","colType":"","isEditable":"1","isVisible":"y"},{"fieldID":"0","uniquekey":"memberCountry","key":"","value":"India","colType":"","isEditable":"1","isVisible":"y"},{"fieldID":"0","uniquekey":"member_date_of_birth","key":"Birthday","value":"","colType":"Date","isEditable":"1","isVisible":"y"},{"fieldID":"0","uniquekey":"member_date_of_wedding","key":"Anniversary","value":"","colType":"Date","isEditable":"1","isVisible":"y"},{"fieldID":"0","uniquekey":"Employee_Code_One","key":"","value":"CA00048","colType":"","isEditable":"1","isVisible":"y"},{"fieldID":"0","uniquekey":"First_Level_of_Reporting_Name","key":"","value":"Harshil Vithlani","colType":"","isEditable":"1","isVisible":"y"},{"fieldID":"0","uniquekey":"Employee_Code_2","key":"","value":"CSSPL00080","colType":"","isEditable":"1","isVisible":"y"},{"fieldID":"0","uniquekey":"Second_LevelofReportingName","key":"","value":"Shankar Menon  P","colType":"","isEditable":"1","isVisible":"y"},{"fieldID":"0","uniquekey":"UHID","key":"","value":"IL17898277400","colType":"","isEditable":"1","isVisible":"y"},{"fieldID":"0","uniquekey":"Official_Landline_No","key":"","value":"","colType":"","isEditable":"1","isVisible":"y"},{"fieldID":"0","uniquekey":"Second_Official_Landline_No","key":"","value":"","colType":"","isEditable":"1","isVisible":"y"},{"fieldID":"0","uniquekey":"Date_of_Joining","key":"","value":"2016-11-01","colType":"","isEditable":"1","isVisible":"y"},{"fieldID":"0","uniquekey":"Fk_Dept_ID","key":"","value":"2","colType":"","isEditable":"1","isVisible":"y"},{"fieldID":"0","uniquekey":"Fk_FunctionalRole_Id","key":"","value":"8","colType":"","isEditable":"1","isVisible":"y"},{"fieldID":"0","uniquekey":"fk_EntityName_id","key":"","value":"1","colType":"","isEditable":"1","isVisible":"y"},{"fieldID":"0","uniquekey":"fk_designation_id","key":"","value":"12","colType":"","isEditable":"1","isVisible":"y"},{"fieldID":"0","uniquekey":"department_Name","key":"","value":"Export","colType":"","isEditable":"1","isVisible":"y"},{"fieldID":"0","uniquekey":"functionalrole_Name","key":"","value":"Operations","colType":"","isEditable":"1","isVisible":"y"},{"fieldID":"0","uniquekey":"Entity_Name","key":"","value":"CA","colType":"","isEditable":"1","isVisible":"y"},{"fieldID":"0","uniquekey":"Designation_Name","key":"","value":"Executive - Operations","colType":"","isEditable":"1","isVisible":"y"},{"fieldID":"0","uniquekey":"Employee_Code","key":"","value":"CA00450","colType":"","isEditable":"1","isVisible":"y"},{"fieldID":"0","uniquekey":"Branch_Id","key":"","value":"9","colType":"","isEditable":"1","isVisible":"y"},{"fieldID":"0","uniquekey":"Branch_Name","key":"","value":"Mumbai","colType":"","isEditable":"1","isVisible":"y"}],"businessMemberDetails":[{"fieldID":"0","uniquekey":"member_buss_email","key":"Email","value":"","colType":"Email","isEditable":"1","isVisible":"y"},{"fieldID":"0","uniquekey":"businessPosition","key":"Designation","value":"","colType":"Text","isEditable":"1","isVisible":"y"},{"fieldID":"0","uniquekey":"BusinessName","key":"Business Name","value":"","colType":"Text","isEditable":"1","isVisible":"y"}],"familyMemberDetails":{"isVisible":"y","familyMemberDetail":[{"familyMemberId":"201","memberName":"Preeti Barai","relationship":"Spouse","dOB":"14/08/1972","emailID":"","anniversary":"24/12/2012","contactNo":"1 9820508513","particulars":"","bloodGroup":""}]},"addressDetails":{"isResidanceAddrVisible":"y","isBusinessAddrVisible":"y","addressResult":[]}},{"masterID":"146","grpID":"1","profileID":"146","isAdmin":"yes","memberName":"Mr. Arun Kumar P","memberEmail":"ops1tuty@chakiat.net","memberMobile":"+91 9597051215","memberCountry":"India","profilePic":"","familyPic":null,"Branch_Id":"3","Branch_Name":"Tuticorin","isPersonalDetVisible":"yes","member_date_of_birth":null,"member_date_of_wedding":null,"personalMemberDetails":[{"fieldID":"0","uniquekey":"profileID","key":"","value":"146","colType":"","isEditable":"1","isVisible":"y"},{"fieldID":"0","uniquekey":"member_name","key":"Name","value":"Mr. Arun Kumar P","colType":"Text","isEditable":"1","isVisible":"y"},{"fieldID":"0","uniquekey":"member_email_id","key":"Email","value":"ops1tuty@chakiat.net","colType":"Email","isEditable":"1","isVisible":"y"},{"fieldID":"0","uniquekey":"memberMobile","key":"","value":"+91 9597051215","colType":"","isEditable":"1","isVisible":"y"},{"fieldID":"0","uniquekey":"memberCountry","key":"","value":"India","colType":"","isEditable":"1","isVisible":"y"},{"fieldID":"0","uniquekey":"member_date_of_birth","key":"Birthday","value":"","colType":"Date","isEditable":"1","isVisible":"y"},{"fieldID":"0","uniquekey":"member_date_of_wedding","key":"Anniversary","value":"","colType":"Date","isEditable":"1","isVisible":"y"},{"fieldID":"0","uniquekey":"Employee_Code_One","key":"","value":"PRP0028","colType":"","isEditable":"1","isVisible":"y"},{"fieldID":"0","uniquekey":"First_Level_of_Reporting_Name","key":"","value":"Ebanezer SM","colType":"","isEditable":"1","isVisible":"y"},{"fieldID":"0","uniquekey":"Employee_Code_2","key":"","value":"CAPL00072","colType":"","isEditable":"1","isVisible":"y"},{"fieldID":"0","uniquekey":"Second_LevelofReportingName","key":"","value":"Jeyanth Jason Thomas P","colType":"","isEditable":"1","isVisible":"y"},{"fieldID":"0","uniquekey":"UHID","key":"","value":"IL17898284300","colType":"","isEditable":"1","isVisible":"y"},{"fieldID":"0","uniquekey":"Official_Landline_No","key":"","value":"04614252645","colType":"","isEditable":"1","isVisible":"y"},{"fieldID":"0","uniquekey":"Second_Official_Landline_No","key":"","value":"","colType":"","isEditable":"1","isVisible":"y"},{"fieldID":"0","uniquekey":"Date_of_Joining","key":"","value":"2016-11-01","colType":"","isEditable":"1","isVisible":"y"},{"fieldID":"0","uniquekey":"Fk_Dept_ID","key":"","value":"13","colType":"","isEditable":"1","isVisible":"y"},{"fieldID":"0","uniquekey":"Fk_FunctionalRole_Id","key":"","value":"8","colType":"","isEditable":"1","isVisible":"y"},{"fieldID":"0","uniquekey":"fk_EntityName_id","key":"","value":"1","colType":"","isEditable":"1","isVisible":"y"},{"fieldID":"0","uniquekey":"fk_designation_id","key":"","value":"12","colType":"","isEditable":"1","isVisible":"y"},{"fieldID":"0","uniquekey":"department_Name","key":"","value":"Wharf","colType":"","isEditable":"1","isVisible":"y"},{"fieldID":"0","uniquekey":"functionalrole_Name","key":"","value":"Operations","colType":"","isEditable":"1","isVisible":"y"},{"fieldID":"0","uniquekey":"Entity_Name","key":"","value":"CA","colType":"","isEditable":"1","isVisible":"y"},{"fieldID":"0","uniquekey":"Designation_Name","key":"","value":"Executive - Operations","colType":"","isEditable":"1","isVisible":"y"},{"fieldID":"0","uniquekey":"Employee_Code","key":"","value":"CA00451","colType":"","isEditable":"1","isVisible":"y"},{"fieldID":"0","uniquekey":"Branch_Id","key":"","value":"3","colType":"","isEditable":"1","isVisible":"y"},{"fieldID":"0","uniquekey":"Branch_Name","key":"","value":"Tuticorin","colType":"","isEditable":"1","isVisible":"y"}],"businessMemberDetails":[{"fieldID":"0","uniquekey":"member_buss_email","key":"Email","value":"","colType":"Email","isEditable":"1","isVisible":"y"},{"fieldID":"0","uniquekey":"businessPosition","key":"Designation","value":"","colType":"Text","isEditable":"1","isVisible":"y"},{"fieldID":"0","uniquekey":"BusinessName","key":"Business Name","value":"","colType":"Text","isEditable":"1","isVisible":"y"}],"familyMemberDetails":{"isVisible":"y","familyMemberDetail":[{"familyMemberId":"204","memberName":"Nirmi Kapasi","relationship":"Spouse","dOB":"08/08/1973","emailID":"","anniversary":"26/11/2012","contactNo":"1 9820402170","particulars":"","bloodGroup":"O+ Ve"}]},"addressDetails":{"isResidanceAddrVisible":"y","isBusinessAddrVisible":"y","addressResult":[]}},{"masterID":"147","grpID":"1","profileID":"147","isAdmin":"yes","memberName":"Mr. Ganesh Babu R","memberEmail":"-","memberMobile":"+91 9159683611","memberCountry":"India","profilePic":"","familyPic":null,"Branch_Id":"3","Branch_Name":"Tuticorin","isPersonalDetVisible":"yes","member_date_of_birth":null,"member_date_of_wedding":null,"personalMemberDetails":[{"fieldID":"0","uniquekey":"profileID","key":"","value":"147","colType":"","isEditable":"1","isVisible":"y"},{"fieldID":"0","uniquekey":"member_name","key":"Name","value":"Mr. Ganesh Babu R","colType":"Text","isEditable":"1","isVisible":"y"},{"fieldID":"0","uniquekey":"member_email_id","key":"Email","value":"-","colType":"Email","isEditable":"1","isVisible":"y"},{"fieldID":"0","uniquekey":"memberMobile","key":"","value":"+91 9159683611","colType":"","isEditable":"1","isVisible":"y"},{"fieldID":"0","uniquekey":"memberCountry","key":"","value":"India","colType":"","isEditable":"1","isVisible":"y"},{"fieldID":"0","uniquekey":"member_date_of_birth","key":"Birthday","value":"","colType":"Date","isEditable":"1","isVisible":"y"},{"fieldID":"0","uniquekey":"member_date_of_wedding","key":"Anniversary","value":"","colType":"Date","isEditable":"1","isVisible":"y"},{"fieldID":"0","uniquekey":"Employee_Code_One","key":"","value":"PRP0028","colType":"","isEditable":"1","isVisible":"y"},{"fieldID":"0","uniquekey":"First_Level_of_Reporting_Name","key":"","value":"Ebanezer SM","colType":"","isEditable":"1","isVisible":"y"},{"fieldID":"0","uniquekey":"Employee_Code_2","key":"","value":"CAPL00072","colType":"","isEditable":"1","isVisible":"y"},{"fieldID":"0","uniquekey":"Second_LevelofReportingName","key":"","value":"Jeyanth Jason Thomas P","colType":"","isEditable":"1","isVisible":"y"},{"fieldID":"0","uniquekey":"UHID","key":"","value":"IL17898271600","colType":"","isEditable":"1","isVisible":"y"},{"fieldID":"0","uniquekey":"Official_Landline_No","key":"","value":"04614252666","colType":"","isEditable":"1","isVisible":"y"},{"fieldID":"0","uniquekey":"Second_Official_Landline_No","key":"","value":"","colType":"","isEditable":"1","isVisible":"y"},{"fieldID":"0","uniquekey":"Date_of_Joining","key":"","value":"2016-11-01","colType":"","isEditable":"1","isVisible":"y"},{"fieldID":"0","uniquekey":"Fk_Dept_ID","key":"","value":"14","colType":"","isEditable":"1","isVisible":"y"},{"fieldID":"0","uniquekey":"Fk_FunctionalRole_Id","key":"","value":"8","colType":"","isEditable":"1","isVisible":"y"},{"fieldID":"0","uniquekey":"fk_EntityName_id","key":"","value":"1","colType":"","isEditable":"1","isVisible":"y"},{"fieldID":"0","uniquekey":"fk_designation_id","key":"","value":"12","colType":"","isEditable":"1","isVisible":"y"},{"fieldID":"0","uniquekey":"department_Name","key":"","value":"Bulk","colType":"","isEditable":"1","isVisible":"y"},{"fieldID":"0","uniquekey":"functionalrole_Name","key":"","value":"Operations","colType":"","isEditable":"1","isVisible":"y"},{"fieldID":"0","uniquekey":"Entity_Name","key":"","value":"CA","colType":"","isEditable":"1","isVisible":"y"},{"fieldID":"0","uniquekey":"Designation_Name","key":"","value":"Executive - Operations","colType":"","isEditable":"1","isVisible":"y"},{"fieldID":"0","uniquekey":"Employee_Code","key":"","value":"CA00452","colType":"","isEditable":"1","isVisible":"y"},{"fieldID":"0","uniquekey":"Branch_Id","key":"","value":"3","colType":"","isEditable":"1","isVisible":"y"},{"fieldID":"0","uniquekey":"Branch_Name","key":"","value":"Tuticorin","colType":"","isEditable":"1","isVisible":"y"}],"businessMemberDetails":[{"fieldID":"0","uniquekey":"member_buss_email","key":"Email","value":"","colType":"Email","isEditable":"1","isVisible":"y"},{"fieldID":"0","uniquekey":"businessPosition","key":"Designation","value":"","colType":"Text","isEditable":"1","isVisible":"y"},{"fieldID":"0","uniquekey":"BusinessName","key":"Business Name","value":"","colType":"Text","isEditable":"1","isVisible":"y"}],"familyMemberDetails":{"isVisible":"y","familyMemberDetail":[{"familyMemberId":"205","memberName":"KAMLA TODI","relationship":"Spouse","dOB":"28/10/2012","emailID":"","anniversary":"20/05/2012","contactNo":"","particulars":"","bloodGroup":""}]},"addressDetails":{"isResidanceAddrVisible":"y","isBusinessAddrVisible":"y","addressResult":[]}},{"masterID":"148","grpID":"1","profileID":"148","isAdmin":"yes","memberName":"Mr. Ajesh A M","memberEmail":"-","memberMobile":"+91 9539583825","memberCountry":"India","profilePic":"","familyPic":null,"Branch_Id":"4","Branch_Name":"Cochin","isPersonalDetVisible":"yes","member_date_of_birth":null,"member_date_of_wedding":null,"personalMemberDetails":[{"fieldID":"0","uniquekey":"profileID","key":"","value":"148","colType":"","isEditable":"1","isVisible":"y"},{"fieldID":"0","uniquekey":"member_name","key":"Name","value":"Mr. Ajesh A M","colType":"Text","isEditable":"1","isVisible":"y"},{"fieldID":"0","uniquekey":"member_email_id","key":"Email","value":"-","colType":"Email","isEditable":"1","isVisible":"y"},{"fieldID":"0","uniquekey":"memberMobile","key":"","value":"+91 9539583825","colType":"","isEditable":"1","isVisible":"y"},{"fieldID":"0","uniquekey":"memberCountry","key":"","value":"India","colType":"","isEditable":"1","isVisible":"y"},{"fieldID":"0","uniquekey":"member_date_of_birth","key":"Birthday","value":"","colType":"Date","isEditable":"1","isVisible":"y"},{"fieldID":"0","uniquekey":"member_date_of_wedding","key":"Anniversary","value":"","colType":"Date","isEditable":"1","isVisible":"y"},{"fieldID":"0","uniquekey":"Employee_Code_One","key":"","value":"CA00134","colType":"","isEditable":"1","isVisible":"y"},{"fieldID":"0","uniquekey":"First_Level_of_Reporting_Name","key":"","value":"Eappen Baby","colType":"","isEditable":"1","isVisible":"y"},{"fieldID":"0","uniquekey":"Employee_Code_2","key":"","value":"CSSPL00084","colType":"","isEditable":"1","isVisible":"y"},{"fieldID":"0","uniquekey":"Second_LevelofReportingName","key":"","value":"Raghu Jairam","colType":"","isEditable":"1","isVisible":"y"},{"fieldID":"0","uniquekey":"UHID","key":"","value":"IL17898273500","colType":"","isEditable":"1","isVisible":"y"},{"fieldID":"0","uniquekey":"Official_Landline_No","key":"","value":"","colType":"","isEditable":"1","isVisible":"y"},{"fieldID":"0","uniquekey":"Second_Official_Landline_No","key":"","value":"","colType":"","isEditable":"1","isVisible":"y"},{"fieldID":"0","uniquekey":"Date_of_Joining","key":"","value":"2016-11-01","colType":"","isEditable":"1","isVisible":"y"},{"fieldID":"0","uniquekey":"Fk_Dept_ID","key":"","value":"10","colType":"","isEditable":"1","isVisible":"y"},{"fieldID":"0","uniquekey":"Fk_FunctionalRole_Id","key":"","value":"8","colType":"","isEditable":"1","isVisible":"y"},{"fieldID":"0","uniquekey":"fk_EntityName_id","key":"","value":"1","colType":"","isEditable":"1","isVisible":"y"},{"fieldID":"0","uniquekey":"fk_designation_id","key":"","value":"12","colType":"","isEditable":"1","isVisible":"y"},{"fieldID":"0","uniquekey":"department_Name","key":"","value":"Import","colType":"","isEditable":"1","isVisible":"y"},{"fieldID":"0","uniquekey":"functionalrole_Name","key":"","value":"Operations","colType":"","isEditable":"1","isVisible":"y"},{"fieldID":"0","uniquekey":"Entity_Name","key":"","value":"CA","colType":"","isEditable":"1","isVisible":"y"},{"fieldID":"0","uniquekey":"Designation_Name","key":"","value":"Executive - Operations","colType":"","isEditable":"1","isVisible":"y"},{"fieldID":"0","uniquekey":"Employee_Code","key":"","value":"CA00453","colType":"","isEditable":"1","isVisible":"y"},{"fieldID":"0","uniquekey":"Branch_Id","key":"","value":"4","colType":"","isEditable":"1","isVisible":"y"},{"fieldID":"0","uniquekey":"Branch_Name","key":"","value":"Cochin","colType":"","isEditable":"1","isVisible":"y"}],"businessMemberDetails":[{"fieldID":"0","uniquekey":"member_buss_email","key":"Email","value":"","colType":"Email","isEditable":"1","isVisible":"y"},{"fieldID":"0","uniquekey":"businessPosition","key":"Designation","value":"","colType":"Text","isEditable":"1","isVisible":"y"},{"fieldID":"0","uniquekey":"BusinessName","key":"Business Name","value":"","colType":"Text","isEditable":"1","isVisible":"y"}],"familyMemberDetails":{"isVisible":"y","familyMemberDetail":[{"familyMemberId":"22289","memberName":"PRAYAG","relationship":"Son","dOB":"12/10/2019","emailID":"","anniversary":"","contactNo":"","particulars":"","bloodGroup":""},{"familyMemberId":"22290","memberName":"PRATHAM","relationship":"Son","dOB":"19/09/2019","emailID":"","anniversary":"","contactNo":"","particulars":"","bloodGroup":""},{"familyMemberId":"22293","memberName":"RATHILA","relationship":"Spouse","dOB":"10/04/2019","emailID":"","anniversary":"14/11/2019","contactNo":"","particulars":"","bloodGroup":""}]},"addressDetails":{"isResidanceAddrVisible":"y","isBusinessAddrVisible":"y","addressResult":[]}},{"masterID":"149","grpID":"1","profileID":"149","isAdmin":"yes","memberName":"Mr. Sreejith M S","memberEmail":"-","memberMobile":"+91 9633787853","memberCountry":"India","profilePic":"","familyPic":null,"Branch_Id":"4","Branch_Name":"Cochin","isPersonalDetVisible":"yes","member_date_of_birth":null,"member_date_of_wedding":null,"personalMemberDetails":[{"fieldID":"0","uniquekey":"profileID","key":"","value":"149","colType":"","isEditable":"1","isVisible":"y"},{"fieldID":"0","uniquekey":"member_name","key":"Name","value":"Mr. Sreejith M S","colType":"Text","isEditable":"1","isVisible":"y"},{"fieldID":"0","uniquekey":"member_email_id","key":"Email","value":"-","colType":"Email","isEditable":"1","isVisible":"y"},{"fieldID":"0","uniquekey":"memberMobile","key":"","value":"+91 9633787853","colType":"","isEditable":"1","isVisible":"y"},{"fieldID":"0","uniquekey":"memberCountry","key":"","value":"India","colType":"","isEditable":"1","isVisible":"y"},{"fieldID":"0","uniquekey":"member_date_of_birth","key":"Birthday","value":"","colType":"Date","isEditable":"1","isVisible":"y"},{"fieldID":"0","uniquekey":"member_date_of_wedding","key":"Anniversary","value":"","colType":"Date","isEditable":"1","isVisible":"y"},{"fieldID":"0","uniquekey":"Employee_Code_One","key":"","value":"CA00134","colType":"","isEditable":"1","isVisible":"y"},{"fieldID":"0","uniquekey":"First_Level_of_Reporting_Name","key":"","value":"Eappen Baby","colType":"","isEditable":"1","isVisible":"y"},{"fieldID":"0","uniquekey":"Employee_Code_2","key":"","value":"CSSPL00084","colType":"","isEditable":"1","isVisible":"y"},{"fieldID":"0","uniquekey":"Second_LevelofReportingName","key":"","value":"Raghu Jairam","colType":"","isEditable":"1","isVisible":"y"},{"fieldID":"0","uniquekey":"UHID","key":"","value":"IL17898287500","colType":"","isEditable":"1","isVisible":"y"},{"fieldID":"0","uniquekey":"Official_Landline_No","key":"","value":"","colType":"","isEditable":"1","isVisible":"y"},{"fieldID":"0","uniquekey":"Second_Official_Landline_No","key":"","value":"","colType":"","isEditable":"1","isVisible":"y"},{"fieldID":"0","uniquekey":"Date_of_Joining","key":"","value":"2016-11-01","colType":"","isEditable":"1","isVisible":"y"},{"fieldID":"0","uniquekey":"Fk_Dept_ID","key":"","value":"10","colType":"","isEditable":"1","isVisible":"y"},{"fieldID":"0","uniquekey":"Fk_FunctionalRole_Id","key":"","value":"8","colType":"","isEditable":"1","isVisible":"y"},{"fieldID":"0","uniquekey":"fk_EntityName_id","key":"","value":"1","colType":"","isEditable":"1","isVisible":"y"},{"fieldID":"0","uniquekey":"fk_designation_id","key":"","value":"12","colType":"","isEditable":"1","isVisible":"y"},{"fieldID":"0","uniquekey":"department_Name","key":"","value":"Import","colType":"","isEditable":"1","isVisible":"y"},{"fieldID":"0","uniquekey":"functionalrole_Name","key":"","value":"Operations","colType":"","isEditable":"1","isVisible":"y"},{"fieldID":"0","uniquekey":"Entity_Name","key":"","value":"CA","colType":"","isEditable":"1","isVisible":"y"},{"fieldID":"0","uniquekey":"Designation_Name","key":"","value":"Executive - Operations","colType":"","isEditable":"1","isVisible":"y"},{"fieldID":"0","uniquekey":"Employee_Code","key":"","value":"CA00454","colType":"","isEditable":"1","isVisible":"y"},{"fieldID":"0","uniquekey":"Branch_Id","key":"","value":"4","colType":"","isEditable":"1","isVisible":"y"},{"fieldID":"0","uniquekey":"Branch_Name","key":"","value":"Cochin","colType":"","isEditable":"1","isVisible":"y"}],"businessMemberDetails":[{"fieldID":"0","uniquekey":"member_buss_email","key":"Email","value":"","colType":"Email","isEditable":"1","isVisible":"y"},{"fieldID":"0","uniquekey":"businessPosition","key":"Designation","value":"","colType":"Text","isEditable":"1","isVisible":"y"},{"fieldID":"0","uniquekey":"BusinessName","key":"Business Name","value":"","colType":"Text","isEditable":"1","isVisible":"y"}],"familyMemberDetails":{"isVisible":"y","familyMemberDetail":[{"familyMemberId":"6924","memberName":"PayaL Patel","relationship":"Spouse","dOB":"","emailID":"","anniversary":"","contactNo":"1 9741500321","particulars":"","bloodGroup":""}]},"addressDetails":{"isResidanceAddrVisible":"y","isBusinessAddrVisible":"y","addressResult":[]}},{"masterID":"150","grpID":"1","profileID":"150","isAdmin":"yes","memberName":"Mr. Kannan P S","memberEmail":"cochintnpt@chakiat.net","memberMobile":"+91 9496958500","memberCountry":"India","profilePic":"","familyPic":null,"Branch_Id":"4","Branch_Name":"Cochin","isPersonalDetVisible":"yes","member_date_of_birth":null,"member_date_of_wedding":null,"personalMemberDetails":[{"fieldID":"0","uniquekey":"profileID","key":"","value":"150","colType":"","isEditable":"1","isVisible":"y"},{"fieldID":"0","uniquekey":"member_name","key":"Name","value":"Mr. Kannan P S","colType":"Text","isEditable":"1","isVisible":"y"},{"fieldID":"0","uniquekey":"member_email_id","key":"Email","value":"cochintnpt@chakiat.net","colType":"Email","isEditable":"1","isVisible":"y"},{"fieldID":"0","uniquekey":"memberMobile","key":"","value":"+91 9496958500","colType":"","isEditable":"1","isVisible":"y"},{"fieldID":"0","uniquekey":"memberCountry","key":"","value":"India","colType":"","isEditable":"1","isVisible":"y"},{"fieldID":"0","uniquekey":"member_date_of_birth","key":"Birthday","value":"","colType":"Date","isEditable":"1","isVisible":"y"},{"fieldID":"0","uniquekey":"member_date_of_wedding","key":"Anniversary","value":"","colType":"Date","isEditable":"1","isVisible":"y"},{"fieldID":"0","uniquekey":"Employee_Code_One","key":"","value":"CA00139","colType":"","isEditable":"1","isVisible":"y"},{"fieldID":"0","uniquekey":"First_Level_of_Reporting_Name","key":"","value":"Sivadas G","colType":"","isEditable":"1","isVisible":"y"},{"fieldID":"0","uniquekey":"Employee_Code_2","key":"","value":"CAPL00295","colType":"","isEditable":"1","isVisible":"y"},{"fieldID":"0","uniquekey":"Second_LevelofReportingName","key":"","value":"Sundaresan K","colType":"","isEditable":"1","isVisible":"y"},{"fieldID":"0","uniquekey":"UHID","key":"","value":"IL17898292800","colType":"","isEditable":"1","isVisible":"y"},{"fieldID":"0","uniquekey":"Official_Landline_No","key":"","value":"","colType":"","isEditable":"1","isVisible":"y"},{"fieldID":"0","uniquekey":"Second_Official_Landline_No","key":"","value":"","colType":"","isEditable":"1","isVisible":"y"},{"fieldID":"0","uniquekey":"Date_of_Joining","key":"","value":"2016-12-01","colType":"","isEditable":"1","isVisible":"y"},{"fieldID":"0","uniquekey":"Fk_Dept_ID","key":"","value":"1","colType":"","isEditable":"1","isVisible":"y"},{"fieldID":"0","uniquekey":"Fk_FunctionalRole_Id","key":"","value":"5","colType":"","isEditable":"1","isVisible":"y"},{"fieldID":"0","uniquekey":"fk_EntityName_id","key":"","value":"1","colType":"","isEditable":"1","isVisible":"y"},{"fieldID":"0","uniquekey":"fk_designation_id","key":"","value":"26","colType":"","isEditable":"1","isVisible":"y"},{"fieldID":"0","uniquekey":"department_Name","key":"","value":"Support Function","colType":"","isEditable":"1","isVisible":"y"},{"fieldID":"0","uniquekey":"functionalrole_Name","key":"","value":"Finance & Accounts","colType":"","isEditable":"1","isVisible":"y"},{"fieldID":"0","uniquekey":"Entity_Name","key":"","value":"CA","colType":"","isEditable":"1","isVisible":"y"},{"fieldID":"0","uniquekey":"Designation_Name","key":"","value":"Executive - Accounts","colType":"","isEditable":"1","isVisible":"y"},{"fieldID":"0","uniquekey":"Employee_Code","key":"","value":"CA00459","colType":"","isEditable":"1","isVisible":"y"},{"fieldID":"0","uniquekey":"Branch_Id","key":"","value":"4","colType":"","isEditable":"1","isVisible":"y"},{"fieldID":"0","uniquekey":"Branch_Name","key":"","value":"Cochin","colType":"","isEditable":"1","isVisible":"y"}],"businessMemberDetails":[{"fieldID":"0","uniquekey":"member_buss_email","key":"Email","value":"","colType":"Email","isEditable":"1","isVisible":"y"},{"fieldID":"0","uniquekey":"businessPosition","key":"Designation","value":"","colType":"Text","isEditable":"1","isVisible":"y"},{"fieldID":"0","uniquekey":"BusinessName","key":"Business Name","value":"","colType":"Text","isEditable":"1","isVisible":"y"}],"familyMemberDetails":{"isVisible":"y","familyMemberDetail":[{"familyMemberId":"210","memberName":"NEETA SHAH","relationship":"Spouse","dOB":"17/09/2012","emailID":"","anniversary":"12/08/2012","contactNo":"1 9821532973","particulars":"","bloodGroup":""}]},"addressDetails":{"isResidanceAddrVisible":"y","isBusinessAddrVisible":"y","addressResult":[]}},{"masterID":"151","grpID":"1","profileID":"151","isAdmin":"yes","memberName":"Mr. Gopakumar M L","memberEmail":"-","memberMobile":"+91 9446076303","memberCountry":"India","profilePic":"","familyPic":null,"Branch_Id":"4","Branch_Name":"Cochin","isPersonalDetVisible":"yes","member_date_of_birth":null,"member_date_of_wedding":null,"personalMemberDetails":[{"fieldID":"0","uniquekey":"profileID","key":"","value":"151","colType":"","isEditable":"1","isVisible":"y"},{"fieldID":"0","uniquekey":"member_name","key":"Name","value":"Mr. Gopakumar M L","colType":"Text","isEditable":"1","isVisible":"y"},{"fieldID":"0","uniquekey":"member_email_id","key":"Email","value":"-","colType":"Email","isEditable":"1","isVisible":"y"},{"fieldID":"0","uniquekey":"memberMobile","key":"","value":"+91 9446076303","colType":"","isEditable":"1","isVisible":"y"},{"fieldID":"0","uniquekey":"memberCountry","key":"","value":"India","colType":"","isEditable":"1","isVisible":"y"},{"fieldID":"0","uniquekey":"member_date_of_birth","key":"Birthday","value":"","colType":"Date","isEditable":"1","isVisible":"y"},{"fieldID":"0","uniquekey":"member_date_of_wedding","key":"Anniversary","value":"","colType":"Date","isEditable":"1","isVisible":"y"},{"fieldID":"0","uniquekey":"Employee_Code_One","key":"","value":"CA00139","colType":"","isEditable":"1","isVisible":"y"},{"fieldID":"0","uniquekey":"First_Level_of_Reporting_Name","key":"","value":"Sivadas G","colType":"","isEditable":"1","isVisible":"y"},{"fieldID":"0","uniquekey":"Employee_Code_2","key":"","value":"CAPL00295","colType":"","isEditable":"1","isVisible":"y"},{"fieldID":"0","uniquekey":"Second_LevelofReportingName","key":"","value":"Sundaresan K","colType":"","isEditable":"1","isVisible":"y"},{"fieldID":"0","uniquekey":"UHID","key":"","value":"IL17898287600","colType":"","isEditable":"1","isVisible":"y"},{"fieldID":"0","uniquekey":"Official_Landline_No","key":"","value":"","colType":"","isEditable":"1","isVisible":"y"},{"fieldID":"0","uniquekey":"Second_Official_Landline_No","key":"","value":"","colType":"","isEditable":"1","isVisible":"y"},{"fieldID":"0","uniquekey":"Date_of_Joining","key":"","value":"2016-12-07","colType":"","isEditable":"1","isVisible":"y"},{"fieldID":"0","uniquekey":"Fk_Dept_ID","key":"","value":"1","colType":"","isEditable":"1","isVisible":"y"},{"fieldID":"0","uniquekey":"Fk_FunctionalRole_Id","key":"","value":"5","colType":"","isEditable":"1","isVisible":"y"},{"fieldID":"0","uniquekey":"fk_EntityName_id","key":"","value":"1","colType":"","isEditable":"1","isVisible":"y"},{"fieldID":"0","uniquekey":"fk_designation_id","key":"","value":"15","colType":"","isEditable":"1","isVisible":"y"},{"fieldID":"0","uniquekey":"department_Name","key":"","value":"Support Function","colType":"","isEditable":"1","isVisible":"y"},{"fieldID":"0","uniquekey":"functionalrole_Name","key":"","value":"Finance & Accounts","colType":"","isEditable":"1","isVisible":"y"},{"fieldID":"0","uniquekey":"Entity_Name","key":"","value":"CA","colType":"","isEditable":"1","isVisible":"y"},{"fieldID":"0","uniquekey":"Designation_Name","key":"","value":"Executive - Accounts or Finance","colType":"","isEditable":"1","isVisible":"y"},{"fieldID":"0","uniquekey":"Employee_Code","key":"","value":"CA00460","colType":"","isEditable":"1","isVisible":"y"},{"fieldID":"0","uniquekey":"Branch_Id","key":"","value":"4","colType":"","isEditable":"1","isVisible":"y"},{"fieldID":"0","uniquekey":"Branch_Name","key":"","value":"Cochin","colType":"","isEditable":"1","isVisible":"y"}],"businessMemberDetails":[{"fieldID":"0","uniquekey":"member_buss_email","key":"Email","value":"","colType":"Email","isEditable":"1","isVisible":"y"},{"fieldID":"0","uniquekey":"businessPosition","key":"Designation","value":"","colType":"Text","isEditable":"1","isVisible":"y"},{"fieldID":"0","uniquekey":"BusinessName","key":"Business Name","value":"","colType":"Text","isEditable":"1","isVisible":"y"}],"familyMemberDetails":{"isVisible":"y","familyMemberDetail":[]},"addressDetails":{"isResidanceAddrVisible":"y","isBusinessAddrVisible":"y","addressResult":[]}},{"masterID":"152","grpID":"1","profileID":"152","isAdmin":"yes","memberName":"Mr. Arulprasath R","memberEmail":"arulprasath@chakiat.net","memberMobile":"+91 9940349666","memberCountry":"India","profilePic":"","familyPic":null,"Branch_Id":"2","Branch_Name":"Chennai","isPersonalDetVisible":"yes","member_date_of_birth":null,"member_date_of_wedding":null,"personalMemberDetails":[{"fieldID":"0","uniquekey":"profileID","key":"","value":"152","colType":"","isEditable":"1","isVisible":"y"},{"fieldID":"0","uniquekey":"member_name","key":"Name","value":"Mr. Arulprasath R","colType":"Text","isEditable":"1","isVisible":"y"},{"fieldID":"0","uniquekey":"member_email_id","key":"Email","value":"arulprasath@chakiat.net","colType":"Email","isEditable":"1","isVisible":"y"},{"fieldID":"0","uniquekey":"memberMobile","key":"","value":"+91 9940349666","colType":"","isEditable":"1","isVisible":"y"},{"fieldID":"0","uniquekey":"memberCountry","key":"","value":"India","colType":"","isEditable":"1","isVisible":"y"},{"fieldID":"0","uniquekey":"member_date_of_birth","key":"Birthday","value":"","colType":"Date","isEditable":"1","isVisible":"y"},{"fieldID":"0","uniquekey":"member_date_of_wedding","key":"Anniversary","value":"","colType":"Date","isEditable":"1","isVisible":"y"},{"fieldID":"0","uniquekey":"Employee_Code_One","key":"","value":"CA00009","colType":"","isEditable":"1","isVisible":"y"},{"fieldID":"0","uniquekey":"First_Level_of_Reporting_Name","key":"","value":"Nagarajan K","colType":"","isEditable":"1","isVisible":"y"},{"fieldID":"0","uniquekey":"Employee_Code_2","key":"","value":"CA00046","colType":"","isEditable":"1","isVisible":"y"},{"fieldID":"0","uniquekey":"Second_LevelofReportingName","key":"","value":"Krishnan T R","colType":"","isEditable":"1","isVisible":"y"},{"fieldID":"0","uniquekey":"UHID","key":"","value":"IL17898273600","colType":"","isEditable":"1","isVisible":"y"},{"fieldID":"0","uniquekey":"Official_Landline_No","key":"","value":"04442961774","colType":"","isEditable":"1","isVisible":"y"},{"fieldID":"0","uniquekey":"Second_Official_Landline_No","key":"","value":"","colType":"","isEditable":"1","isVisible":"y"},{"fieldID":"0","uniquekey":"Date_of_Joining","key":"","value":"2016-12-16","colType":"","isEditable":"1","isVisible":"y"},{"fieldID":"0","uniquekey":"Fk_Dept_ID","key":"","value":"10","colType":"","isEditable":"1","isVisible":"y"},{"fieldID":"0","uniquekey":"Fk_FunctionalRole_Id","key":"","value":"3","colType":"","isEditable":"1","isVisible":"y"},{"fieldID":"0","uniquekey":"fk_EntityName_id","key":"","value":"1","colType":"","isEditable":"1","isVisible":"y"},{"fieldID":"0","uniquekey":"fk_designation_id","key":"","value":"10","colType":"","isEditable":"1","isVisible":"y"},{"fieldID":"0","uniquekey":"department_Name","key":"","value":"Import","colType":"","isEditable":"1","isVisible":"y"},{"fieldID":"0","uniquekey":"functionalrole_Name","key":"","value":"Documentation","colType":"","isEditable":"1","isVisible":"y"},{"fieldID":"0","uniquekey":"Entity_Name","key":"","value":"CA","colType":"","isEditable":"1","isVisible":"y"},{"fieldID":"0","uniquekey":"Designation_Name","key":"","value":"Executive - Documentation","colType":"","isEditable":"1","isVisible":"y"},{"fieldID":"0","uniquekey":"Employee_Code","key":"","value":"CA00461","colType":"","isEditable":"1","isVisible":"y"},{"fieldID":"0","uniquekey":"Branch_Id","key":"","value":"2","colType":"","isEditable":"1","isVisible":"y"},{"fieldID":"0","uniquekey":"Branch_Name","key":"","value":"Chennai","colType":"","isEditable":"1","isVisible":"y"}],"businessMemberDetails":[{"fieldID":"0","uniquekey":"member_buss_email","key":"Email","value":"","colType":"Email","isEditable":"1","isVisible":"y"},{"fieldID":"0","uniquekey":"businessPosition","key":"Designation","value":"","colType":"Text","isEditable":"1","isVisible":"y"},{"fieldID":"0","uniquekey":"BusinessName","key":"Business Name","value":"","colType":"Text","isEditable":"1","isVisible":"y"}],"familyMemberDetails":{"isVisible":"y","familyMemberDetail":[{"familyMemberId":"211","memberName":"MITA SHETH","relationship":"Spouse","dOB":"26/10/2012","emailID":"","anniversary":"15/12/2012","contactNo":"1 9821034620","particulars":"","bloodGroup":"A+ Ve"},{"familyMemberId":"2433","memberName":"Harshil Sheth","relationship":"Child","dOB":"17/07/1996","emailID":"","anniversary":"","contactNo":"","particulars":"","bloodGroup":""},{"familyMemberId":"2434","memberName":"Purav Sheth","relationship":"Child","dOB":"21/11/2003","emailID":"","anniversary":"","contactNo":"","particulars":"","bloodGroup":""}]},"addressDetails":{"isResidanceAddrVisible":"y","isBusinessAddrVisible":"y","addressResult":[]}},{"masterID":"154","grpID":"1","profileID":"154","isAdmin":"yes","memberName":"Ms. Darshana Anand Kadam","memberEmail":"darshana@chakiat.net","memberMobile":"+91 8879075347","memberCountry":"India","profilePic":"","familyPic":null,"Branch_Id":"9","Branch_Name":"Mumbai","isPersonalDetVisible":"yes","member_date_of_birth":null,"member_date_of_wedding":null,"personalMemberDetails":[{"fieldID":"0","uniquekey":"profileID","key":"","value":"154","colType":"","isEditable":"1","isVisible":"y"},{"fieldID":"0","uniquekey":"member_name","key":"Name","value":"Ms. Darshana Anand Kadam","colType":"Text","isEditable":"1","isVisible":"y"},{"fieldID":"0","uniquekey":"member_email_id","key":"Email","value":"darshana@chakiat.net","colType":"Email","isEditable":"1","isVisible":"y"},{"fieldID":"0","uniquekey":"memberMobile","key":"","value":"+91 8879075347","colType":"","isEditable":"1","isVisible":"y"},{"fieldID":"0","uniquekey":"memberCountry","key":"","value":"India","colType":"","isEditable":"1","isVisible":"y"},{"fieldID":"0","uniquekey":"member_date_of_birth","key":"Birthday","value":"","colType":"Date","isEditable":"1","isVisible":"y"},{"fieldID":"0","uniquekey":"member_date_of_wedding","key":"Anniversary","value":"","colType":"Date","isEditable":"1","isVisible":"y"},{"fieldID":"0","uniquekey":"Employee_Code_One","key":"","value":"CA00048","colType":"","isEditable":"1","isVisible":"y"},{"fieldID":"0","uniquekey":"First_Level_of_Reporting_Name","key":"","value":"Harshil Vithlani","colType":"","isEditable":"1","isVisible":"y"},{"fieldID":"0","uniquekey":"Employee_Code_2","key":"","value":"CSSPL00080","colType":"","isEditable":"1","isVisible":"y"},{"fieldID":"0","uniquekey":"Second_LevelofReportingName","key":"","value":"Shankar Menon  P","colType":"","isEditable":"1","isVisible":"y"},{"fieldID":"0","uniquekey":"UHID","key":"","value":"IL17898271700","colType":"","isEditable":"1","isVisible":"y"},{"fieldID":"0","uniquekey":"Official_Landline_No","key":"","value":"02240359683","colType":"","isEditable":"1","isVisible":"y"},{"fieldID":"0","uniquekey":"Second_Official_Landline_No","key":"","value":"","colType":"","isEditable":"1","isVisible":"y"},{"fieldID":"0","uniquekey":"Date_of_Joining","key":"","value":"2017-02-01","colType":"","isEditable":"1","isVisible":"y"},{"fieldID":"0","uniquekey":"Fk_Dept_ID","key":"","value":"2","colType":"","isEditable":"1","isVisible":"y"},{"fieldID":"0","uniquekey":"Fk_FunctionalRole_Id","key":"","value":"3","colType":"","isEditable":"1","isVisible":"y"},{"fieldID":"0","uniquekey":"fk_EntityName_id","key":"","value":"1","colType":"","isEditable":"1","isVisible":"y"},{"fieldID":"0","uniquekey":"fk_designation_id","key":"","value":"10","colType":"","isEditable":"1","isVisible":"y"},{"fieldID":"0","uniquekey":"department_Name","key":"","value":"Export","colType":"","isEditable":"1","isVisible":"y"},{"fieldID":"0","uniquekey":"functionalrole_Name","key":"","value":"Documentation","colType":"","isEditable":"1","isVisible":"y"},{"fieldID":"0","uniquekey":"Entity_Name","key":"","value":"CA","colType":"","isEditable":"1","isVisible":"y"},{"fieldID":"0","uniquekey":"Designation_Name","key":"","value":"Executive - Documentation","colType":"","isEditable":"1","isVisible":"y"},{"fieldID":"0","uniquekey":"Employee_Code","key":"","value":"CA00464","colType":"","isEditable":"1","isVisible":"y"},{"fieldID":"0","uniquekey":"Branch_Id","key":"","value":"9","colType":"","isEditable":"1","isVisible":"y"},{"fieldID":"0","uniquekey":"Branch_Name","key":"","value":"Mumbai","colType":"","isEditable":"1","isVisible":"y"}],"businessMemberDetails":[{"fieldID":"0","uniquekey":"member_buss_email","key":"Email","value":"","colType":"Email","isEditable":"1","isVisible":"y"},{"fieldID":"0","uniquekey":"businessPosition","key":"Designation","value":"","colType":"Text","isEditable":"1","isVisible":"y"},{"fieldID":"0","uniquekey":"BusinessName","key":"Business Name","value":"","colType":"Text","isEditable":"1","isVisible":"y"}],"familyMemberDetails":{"isVisible":"y","familyMemberDetail":[]},"addressDetails":{"isResidanceAddrVisible":"y","isBusinessAddrVisible":"y","addressResult":[]}},{"masterID":"157","grpID":"1","profileID":"157","isAdmin":"yes","memberName":"Mr. Suresh Kumar L","memberEmail":"l_sureshkumar@chakiat.net","memberMobile":"+91 8754489589","memberCountry":"India","profilePic":"","familyPic":null,"Branch_Id":"2","Branch_Name":"Chennai","isPersonalDetVisible":"yes","member_date_of_birth":null,"member_date_of_wedding":null,"personalMemberDetails":[{"fieldID":"0","uniquekey":"profileID","key":"","value":"157","colType":"","isEditable":"1","isVisible":"y"},{"fieldID":"0","uniquekey":"member_name","key":"Name","value":"Mr. Suresh Kumar L","colType":"Text","isEditable":"1","isVisible":"y"},{"fieldID":"0","uniquekey":"member_email_id","key":"Email","value":"l_sureshkumar@chakiat.net","colType":"Email","isEditable":"1","isVisible":"y"},{"fieldID":"0","uniquekey":"memberMobile","key":"","value":"+91 8754489589","colType":"","isEditable":"1","isVisible":"y"},{"fieldID":"0","uniquekey":"memberCountry","key":"","value":"India","colType":"","isEditable":"1","isVisible":"y"},{"fieldID":"0","uniquekey":"member_date_of_birth","key":"Birthday","value":"","colType":"Date","isEditable":"1","isVisible":"y"},{"fieldID":"0","uniquekey":"member_date_of_wedding","key":"Anniversary","value":"","colType":"Date","isEditable":"1","isVisible":"y"},{"fieldID":"0","uniquekey":"Employee_Code_One","key":"","value":"CA00587","colType":"","isEditable":"1","isVisible":"y"},{"fieldID":"0","uniquekey":"First_Level_of_Reporting_Name","key":"","value":"Swamyraj S","colType":"","isEditable":"1","isVisible":"y"},{"fieldID":"0","uniquekey":"Employee_Code_2","key":"","value":"CA00046","colType":"","isEditable":"1","isVisible":"y"},{"fieldID":"0","uniquekey":"Second_LevelofReportingName","key":"","value":"Krishnan T R","colType":"","isEditable":"1","isVisible":"y"},{"fieldID":"0","uniquekey":"UHID","key":"","value":"IL17898293100","colType":"","isEditable":"1","isVisible":"y"},{"fieldID":"0","uniquekey":"Official_Landline_No","key":"","value":"04442961780","colType":"","isEditable":"1","isVisible":"y"},{"fieldID":"0","uniquekey":"Second_Official_Landline_No","key":"","value":"","colType":"","isEditable":"1","isVisible":"y"},{"fieldID":"0","uniquekey":"Date_of_Joining","key":"","value":"2017-10-01","colType":"","isEditable":"1","isVisible":"y"},{"fieldID":"0","uniquekey":"Fk_Dept_ID","key":"","value":"2","colType":"","isEditable":"1","isVisible":"y"},{"fieldID":"0","uniquekey":"Fk_FunctionalRole_Id","key":"","value":"3","colType":"","isEditable":"1","isVisible":"y"},{"fieldID":"0","uniquekey":"fk_EntityName_id","key":"","value":"1","colType":"","isEditable":"1","isVisible":"y"},{"fieldID":"0","uniquekey":"fk_designation_id","key":"","value":"10","colType":"","isEditable":"1","isVisible":"y"},{"fieldID":"0","uniquekey":"department_Name","key":"","value":"Export","colType":"","isEditable":"1","isVisible":"y"},{"fieldID":"0","uniquekey":"functionalrole_Name","key":"","value":"Documentation","colType":"","isEditable":"1","isVisible":"y"},{"fieldID":"0","uniquekey":"Entity_Name","key":"","value":"CA","colType":"","isEditable":"1","isVisible":"y"},{"fieldID":"0","uniquekey":"Designation_Name","key":"","value":"Executive - Documentation","colType":"","isEditable":"1","isVisible":"y"},{"fieldID":"0","uniquekey":"Employee_Code","key":"","value":"CA00473","colType":"","isEditable":"1","isVisible":"y"},{"fieldID":"0","uniquekey":"Branch_Id","key":"","value":"2","colType":"","isEditable":"1","isVisible":"y"},{"fieldID":"0","uniquekey":"Branch_Name","key":"","value":"Chennai","colType":"","isEditable":"1","isVisible":"y"}],"businessMemberDetails":[{"fieldID":"0","uniquekey":"member_buss_email","key":"Email","value":"","colType":"Email","isEditable":"1","isVisible":"y"},{"fieldID":"0","uniquekey":"businessPosition","key":"Designation","value":"","colType":"Text","isEditable":"1","isVisible":"y"},{"fieldID":"0","uniquekey":"BusinessName","key":"Business Name","value":"","colType":"Text","isEditable":"1","isVisible":"y"}],"familyMemberDetails":{"isVisible":"y","familyMemberDetail":[]},"addressDetails":{"isResidanceAddrVisible":"y","isBusinessAddrVisible":"y","addressResult":[]}}]}