{"MemberDetail":[{"masterID":"385","grpID":"1","profileID":"385","isAdmin":"yes","memberName":"Mr. Vishal R Pawar","memberEmail":"vishal@chakiat.net","memberMobile":"+91 8657586770","memberCountry":"India","profilePic":"","familyPic":null,"Branch_Id":"9","Branch_Name":"Mumbai","isPersonalDetVisible":"yes","member_date_of_birth":null,"member_date_of_wedding":null,"personalMemberDetails":[],"businessMemberDetails":[{"fieldID":"0","uniquekey":"member_buss_email","key":"Email","value":"","colType":"Email","isEditable":"1","isVisible":"y"},{"fieldID":"0","uniquekey":"businessPosition","key":"Designation","value":"","colType":"Text","isEditable":"1","isVisible":"y"},{"fieldID":"0","uniquekey":"BusinessName","key":"Business Name","value":"","colType":"Text","isEditable":"1","isVisible":"y"}],"familyMemberDetails":{"isVisible":"y","familyMemberDetail":[{"familyMemberId":"572","memberName":"Malika Parekh ","relationship":"Spouse","dOB":"29/07/1965","emailID":"","anniversary":"23/11/2013","contactNo":"1 9820068825","particulars":"","bloodGroup":"A- Ve"},{"familyMemberId":"573","memberName":"Rashi Parekh","relationship":"Child","dOB":"20/09/1993","emailID":"","anniversary":"","contactNo":"","particulars":"","bloodGroup":""},{"familyMemberId":"574","memberName":"Rohan Parekh","relationship":"Child","dOB":"20/09/1993","emailID":"","anniversary":"","contactNo":"","particulars":"","bloodGroup":""}]},"addressDetails":{"isResidanceAddrVisible":"y","isBusinessAddrVisible":"y","addressResult":[]}},{"masterID":"388","grpID":"1","profileID":"388","isAdmin":"yes","memberName":"Mr. Rehan Iqbal Shaikh","memberEmail":"rehan@chakiat.net","memberMobile":"+91 8657540688","memberCountry":"India","profilePic":"","familyPic":null,"Branch_Id":"9","Branch_Name":"Mumbai","isPersonalDetVisible":"yes","member_date_of_birth":null,"member_date_of_wedding":null,"personalMemberDetails":[],"businessMemberDetails":[{"fieldID":"0","uniquekey":"member_buss_email","key":"Email","value":"","colType":"Email","isEditable":"1","isVisible":"y"},{"fieldID":"0","uniquekey":"businessPosition","key":"Designation","value":"","colType":"Text","isEditable":"1","isVisible":"y"},{"fieldID":"0","uniquekey":"BusinessName","key":"Business Name","value":"","colType":"Text","isEditable":"1","isVisible":"y"}],"familyMemberDetails":{"isVisible":"y","familyMemberDetail":[{"familyMemberId":"575","memberName":"Jayaa","relationship":"Spouse","dOB":"24/08/2013","emailID":"","anniversary":"26/04/2012","contactNo":"1 9820508007","particulars":"","bloodGroup":""},{"familyMemberId":"576","memberName":"Devendra","relationship":"Child","dOB":"02/04/2013","emailID":"","anniversary":"","contactNo":"","particulars":"","bloodGroup":""},{"familyMemberId":"577","memberName":"Samarth","relationship":"Child","dOB":"26/07/2013","emailID":"","anniversary":"","contactNo":"","particulars":"","bloodGroup":""},{"familyMemberId":"579","memberName":"Isha","relationship":"Child","dOB":"13/02/2013","emailID":"","anniversary":"","contactNo":"","particulars":"","bloodGroup":""}]},"addressDetails":{"isResidanceAddrVisible":"y","isBusinessAddrVisible":"y","addressResult":[]}},{"masterID":"389","grpID":"1","profileID":"389","isAdmin":"yes","memberName":"Mr. Narmadha Devi K","memberEmail":"narmadha@chakiat.net","memberMobile":"+91 ","memberCountry":"India","profilePic":"","familyPic":null,"Branch_Id":"5","Branch_Name":"Coimbatore","isPersonalDetVisible":"yes","member_date_of_birth":null,"member_date_of_wedding":null,"personalMemberDetails":[],"businessMemberDetails":[{"fieldID":"0","uniquekey":"member_buss_email","key":"Email","value":"","colType":"Email","isEditable":"1","isVisible":"y"},{"fieldID":"0","uniquekey":"businessPosition","key":"Designation","value":"","colType":"Text","isEditable":"1","isVisible":"y"},{"fieldID":"0","uniquekey":"BusinessName","key":"Business Name","value":"","colType":"Text","isEditable":"1","isVisible":"y"}],"familyMemberDetails":{"isVisible":"y","familyMemberDetail":[{"familyMemberId":"578","memberName":"VINITA AGARWAL","relationship":"Spouse","dOB":"02/07/2012","emailID":"","anniversary":"17/04/2012","contactNo":"1 9820090498","particulars":"","bloodGroup":""}]},"addressDetails":{"isResidanceAddrVisible":"y","isBusinessAddrVisible":"y","addressResult":[]}},{"masterID":"391","grpID":"1","profileID":"391","isAdmin":"yes","memberName":"Mr. Sachin Gandhi","memberEmail":"sachin_gandhi@chakiat.net","memberMobile":"+91 9787170770","memberCountry":"India","profilePic":"","familyPic":null,"Branch_Id":"3","Branch_Name":"Tuticorin","isPersonalDetVisible":"yes","member_date_of_birth":null,"member_date_of_wedding":null,"personalMemberDetails":[],"businessMemberDetails":[{"fieldID":"0","uniquekey":"member_buss_email","key":"Email","value":"","colType":"Email","isEditable":"1","isVisible":"y"},{"fieldID":"0","uniquekey":"businessPosition","key":"Designation","value":"","colType":"Text","isEditable":"1","isVisible":"y"},{"fieldID":"0","uniquekey":"BusinessName","key":"Business Name","value":"","colType":"Text","isEditable":"1","isVisible":"y"}],"familyMemberDetails":{"isVisible":"y","familyMemberDetail":[{"familyMemberId":"580","memberName":"Lopa","relationship":"Spouse","dOB":"29/03/2013","emailID":"","anniversary":"28/12/2013","contactNo":"1 9821690577","particulars":"","bloodGroup":""},{"familyMemberId":"581","memberName":"Devna","relationship":"Child","dOB":"15/07/2013","emailID":"","anniversary":"","contactNo":"","particulars":"","bloodGroup":""}]},"addressDetails":{"isResidanceAddrVisible":"y","isBusinessAddrVisible":"y","addressResult":[]}},{"masterID":"394","grpID":"1","profileID":"394","isAdmin":"yes","memberName":"Mr. Akhilkumar N S","memberEmail":"-","memberMobile":"+91 9995032882","memberCountry":"India","profilePic":"","familyPic":null,"Branch_Id":"4","Branch_Name":"Cochin","isPersonalDetVisible":"yes","member_date_of_birth":null,"member_date_of_wedding":null,"personalMemberDetails":[],"businessMemberDetails":[{"fieldID":"0","uniquekey":"member_buss_email","key":"Email","value":"","colType":"Email","isEditable":"1","isVisible":"y"},{"fieldID":"0","uniquekey":"businessPosition","key":"Designation","value":"","colType":"Text","isEditable":"1","isVisible":"y"},{"fieldID":"0","uniquekey":"BusinessName","key":"Business Name","value":"","colType":"Text","isEditable":"1","isVisible":"y"}],"familyMemberDetails":{"isVisible":"y","familyMemberDetail":[]},"addressDetails":{"isResidanceAddrVisible":"y","isBusinessAddrVisible":"y","addressResult":[]}},{"masterID":"395","grpID":"1","profileID":"395","isAdmin":"yes","memberName":"Mr. Vignesh G","memberEmail":"vignesh@chakiat.net","memberMobile":"+91 8870249354","memberCountry":"India","profilePic":"","familyPic":null,"Branch_Id":"3","Branch_Name":"Tuticorin","isPersonalDetVisible":"yes","member_date_of_birth":null,"member_date_of_wedding":null,"personalMemberDetails":[],"businessMemberDetails":[{"fieldID":"0","uniquekey":"member_buss_email","key":"Email","value":"","colType":"Email","isEditable":"1","isVisible":"y"},{"fieldID":"0","uniquekey":"businessPosition","key":"Designation","value":"","colType":"Text","isEditable":"1","isVisible":"y"},{"fieldID":"0","uniquekey":"BusinessName","key":"Business Name","value":"","colType":"Text","isEditable":"1","isVisible":"y"}],"familyMemberDetails":{"isVisible":"y","familyMemberDetail":[]},"addressDetails":{"isResidanceAddrVisible":"y","isBusinessAddrVisible":"y","addressResult":[]}},{"masterID":"396","grpID":"1","profileID":"396","isAdmin":"yes","memberName":"Mr. Sundaresan K","memberEmail":"sundaresan.k@chakiat.net","memberMobile":"+91 9790742539","memberCountry":"India","profilePic":"","familyPic":null,"Branch_Id":"2","Branch_Name":"Chennai","isPersonalDetVisible":"yes","member_date_of_birth":null,"member_date_of_wedding":null,"personalMemberDetails":[],"businessMemberDetails":[{"fieldID":"0","uniquekey":"member_buss_email","key":"Email","value":"","colType":"Email","isEditable":"1","isVisible":"y"},{"fieldID":"0","uniquekey":"businessPosition","key":"Designation","value":"","colType":"Text","isEditable":"1","isVisible":"y"},{"fieldID":"0","uniquekey":"BusinessName","key":"Business Name","value":"","colType":"Text","isEditable":"1","isVisible":"y"}],"familyMemberDetails":{"isVisible":"y","familyMemberDetail":[]},"addressDetails":{"isResidanceAddrVisible":"y","isBusinessAddrVisible":"y","addressResult":[]}},{"masterID":"397","grpID":"1","profileID":"397","isAdmin":"yes","memberName":"Mr. Suriyaganesh S","memberEmail":"suriya@chakiat.net","memberMobile":"","memberCountry":"India","profilePic":"","familyPic":null,"Branch_Id":"3","Branch_Name":"Tuticorin","isPersonalDetVisible":"yes","member_date_of_birth":null,"member_date_of_wedding":null,"personalMemberDetails":[],"businessMemberDetails":[{"fieldID":"0","uniquekey":"member_buss_email","key":"Email","value":"","colType":"Email","isEditable":"1","isVisible":"y"},{"fieldID":"0","uniquekey":"businessPosition","key":"Designation","value":"","colType":"Text","isEditable":"1","isVisible":"y"},{"fieldID":"0","uniquekey":"BusinessName","key":"Business Name","value":"","colType":"Text","isEditable":"1","isVisible":"y"}],"familyMemberDetails":{"isVisible":"y","familyMemberDetail":[{"familyMemberId":"590","memberName":"BHAVNA SHAH","relationship":"Spouse","dOB":"23/08/2020","emailID":"","anniversary":"27/01/2020","contactNo":"1 9769690191","particulars":"","bloodGroup":""}]},"addressDetails":{"isResidanceAddrVisible":"y","isBusinessAddrVisible":"y","addressResult":[]}},{"masterID":"398","grpID":"1","profileID":"398","isAdmin":"yes","memberName":"Mr. Rakesh Raushan","memberEmail":"rakesh@chakiat.net","memberMobile":"","memberCountry":"India","profilePic":"","familyPic":null,"Branch_Id":"9","Branch_Name":"Mumbai","isPersonalDetVisible":"yes","member_date_of_birth":null,"member_date_of_wedding":null,"personalMemberDetails":[],"businessMemberDetails":[{"fieldID":"0","uniquekey":"member_buss_email","key":"Email","value":"","colType":"Email","isEditable":"1","isVisible":"y"},{"fieldID":"0","uniquekey":"businessPosition","key":"Designation","value":"","colType":"Text","isEditable":"1","isVisible":"y"},{"fieldID":"0","uniquekey":"BusinessName","key":"Business Name","value":"","colType":"Text","isEditable":"1","isVisible":"y"}],"familyMemberDetails":{"isVisible":"y","familyMemberDetail":[{"familyMemberId":"591","memberName":"Asmita Chaitanya Mehta","relationship":"Spouse","dOB":"22/06/1957","emailID":"","anniversary":"18/12/2012","contactNo":"1 9821424655","particulars":"","bloodGroup":"A+ Ve"},{"familyMemberId":"592","memberName":"Bhavik Mehta","relationship":"Child","dOB":"10/12/1983","emailID":"","anniversary":"","contactNo":"","particulars":"","bloodGroup":""},{"familyMemberId":"593","memberName":"Gaurav Mehta","relationship":"Child","dOB":"14/01/1986","emailID":"","anniversary":"","contactNo":"","particulars":"","bloodGroup":""}]},"addressDetails":{"isResidanceAddrVisible":"y","isBusinessAddrVisible":"y","addressResult":[]}},{"masterID":"399","grpID":"1","profileID":"399","isAdmin":"yes","memberName":"Mr. Harshal Arun Bhide","memberEmail":"harshalbhide@chakiat.net","memberMobile":"","memberCountry":"India","profilePic":"","familyPic":null,"Branch_Id":"9","Branch_Name":"Mumbai","isPersonalDetVisible":"yes","member_date_of_birth":null,"member_date_of_wedding":null,"personalMemberDetails":[],"businessMemberDetails":[{"fieldID":"0","uniquekey":"member_buss_email","key":"Email","value":"","colType":"Email","isEditable":"1","isVisible":"y"},{"fieldID":"0","uniquekey":"businessPosition","key":"Designation","value":"","colType":"Text","isEditable":"1","isVisible":"y"},{"fieldID":"0","uniquekey":"BusinessName","key":"Business Name","value":"","colType":"Text","isEditable":"1","isVisible":"y"}],"familyMemberDetails":{"isVisible":"y","familyMemberDetail":[]},"addressDetails":{"isResidanceAddrVisible":"y","isBusinessAddrVisible":"y","addressResult":[]}}]}