{"MemberDetail":[{"masterID":"438","grpID":"1","profileID":"438","isAdmin":"yes","memberName":"Mr. Vignesh D","memberEmail":"-","memberMobile":"","memberCountry":"India","profilePic":"","familyPic":null,"Branch_Id":"2","Branch_Name":"Chennai","isPersonalDetVisible":"yes","member_date_of_birth":null,"member_date_of_wedding":null,"personalMemberDetails":[],"businessMemberDetails":[{"fieldID":"0","uniquekey":"member_buss_email","key":"Email","value":"","colType":"Email","isEditable":"1","isVisible":"y"},{"fieldID":"0","uniquekey":"businessPosition","key":"Designation","value":"","colType":"Text","isEditable":"1","isVisible":"y"},{"fieldID":"0","uniquekey":"BusinessName","key":"Business Name","value":"","colType":"Text","isEditable":"1","isVisible":"y"}],"familyMemberDetails":{"isVisible":"y","familyMemberDetail":[{"familyMemberId":"692","memberName":"ALAFIYA","relationship":"Spouse","dOB":"23/12/2012","emailID":"","anniversary":"17/12/2012","contactNo":"1 9820278699","particulars":"","bloodGroup":""},{"familyMemberId":"694","memberName":"ZAHABIYAH","relationship":"Child","dOB":"30/03/2012","emailID":"","anniversary":"","contactNo":"","particulars":"","bloodGroup":""},{"familyMemberId":"695","memberName":"Insiya","relationship":"Child","dOB":"06/06/1993","emailID":"","anniversary":"","contactNo":"","particulars":"","bloodGroup":""}]},"addressDetails":{"isResidanceAddrVisible":"y","isBusinessAddrVisible":"y","addressResult":[]}},{"masterID":"441","grpID":"1","profileID":"441","isAdmin":"yes","memberName":"Mr. Ajay Kumar Mondeti","memberEmail":"-","memberMobile":"","memberCountry":"India","profilePic":"","familyPic":null,"Branch_Id":"2","Branch_Name":"Chennai","isPersonalDetVisible":"yes","member_date_of_birth":null,"member_date_of_wedding":null,"personalMemberDetails":[],"businessMemberDetails":[{"fieldID":"0","uniquekey":"member_buss_email","key":"Email","value":"","colType":"Email","isEditable":"1","isVisible":"y"},{"fieldID":"0","uniquekey":"businessPosition","key":"Designation","value":"","colType":"Text","isEditable":"1","isVisible":"y"},{"fieldID":"0","uniquekey":"BusinessName","key":"Business Name","value":"","colType":"Text","isEditable":"1","isVisible":"y"}],"familyMemberDetails":{"isVisible":"y","familyMemberDetail":[]},"addressDetails":{"isResidanceAddrVisible":"y","isBusinessAddrVisible":"y","addressResult":[]}},{"masterID":"443","grpID":"1","profileID":"443","isAdmin":"yes","memberName":"Mr. Jithin George P B","memberEmail":"-","memberMobile":"","memberCountry":"India","profilePic":"","familyPic":null,"Branch_Id":"4","Branch_Name":"Cochin","isPersonalDetVisible":"yes","member_date_of_birth":null,"member_date_of_wedding":null,"personalMemberDetails":[],"businessMemberDetails":[{"fieldID":"0","uniquekey":"member_buss_email","key":"Email","value":"","colType":"Email","isEditable":"1","isVisible":"y"},{"fieldID":"0","uniquekey":"businessPosition","key":"Designation","value":"","colType":"Text","isEditable":"1","isVisible":"y"},{"fieldID":"0","uniquekey":"BusinessName","key":"Business Name","value":"","colType":"Text","isEditable":"1","isVisible":"y"}],"familyMemberDetails":{"isVisible":"y","familyMemberDetail":[{"familyMemberId":"699","memberName":"R/Ann.Padmani Mittle","relationship":"Spouse","dOB":"06/09/2013","emailID":"","anniversary":"19/01/2012","contactNo":"1 9833106958","particulars":"","bloodGroup":"B+ Ve"},{"familyMemberId":"2371","memberName":"Devesh","relationship":"Son","dOB":"19/10/2013","emailID":"","anniversary":"","contactNo":"","particulars":"","bloodGroup":""},{"familyMemberId":"2372","memberName":"Garima","relationship":"Daughter","dOB":"27/01/2014","emailID":"","anniversary":"","contactNo":"","particulars":"","bloodGroup":""},{"familyMemberId":"2373","memberName":"Shailesh","relationship":"Son","dOB":"09/12/2013","emailID":"","anniversary":"","contactNo":"","particulars":"","bloodGroup":""}]},"addressDetails":{"isResidanceAddrVisible":"y","isBusinessAddrVisible":"y","addressResult":[]}},{"masterID":"446","grpID":"1","profileID":"446","isAdmin":"yes","memberName":"Mr. Gopalakrishnan M","memberEmail":"gopalakrishnan@calogistics.net","memberMobile":"+91 8754372541","memberCountry":"India","profilePic":"","familyPic":null,"Branch_Id":"2","Branch_Name":"Chennai","isPersonalDetVisible":"yes","member_date_of_birth":null,"member_date_of_wedding":null,"personalMemberDetails":[],"businessMemberDetails":[{"fieldID":"0","uniquekey":"member_buss_email","key":"Email","value":"","colType":"Email","isEditable":"1","isVisible":"y"},{"fieldID":"0","uniquekey":"businessPosition","key":"Designation","value":"","colType":"Text","isEditable":"1","isVisible":"y"},{"fieldID":"0","uniquekey":"BusinessName","key":"Business Name","value":"","colType":"Text","isEditable":"1","isVisible":"y"}],"familyMemberDetails":{"isVisible":"y","familyMemberDetail":[{"familyMemberId":"708","memberName":"Bhavna Kothari","relationship":"Spouse","dOB":"20/03/1967","emailID":"","anniversary":"05/12/1987","contactNo":"1 9821416730","particulars":"","bloodGroup":""}]},"addressDetails":{"isResidanceAddrVisible":"y","isBusinessAddrVisible":"y","addressResult":[]}},{"masterID":"447","grpID":"1","profileID":"447","isAdmin":"yes","memberName":"Mr. Karthick G","memberEmail":"-","memberMobile":"+91 9884572710","memberCountry":"India","profilePic":"","familyPic":null,"Branch_Id":"2","Branch_Name":"Chennai","isPersonalDetVisible":"yes","member_date_of_birth":null,"member_date_of_wedding":null,"personalMemberDetails":[],"businessMemberDetails":[{"fieldID":"0","uniquekey":"member_buss_email","key":"Email","value":"","colType":"Email","isEditable":"1","isVisible":"y"},{"fieldID":"0","uniquekey":"businessPosition","key":"Designation","value":"","colType":"Text","isEditable":"1","isVisible":"y"},{"fieldID":"0","uniquekey":"BusinessName","key":"Business Name","value":"","colType":"Text","isEditable":"1","isVisible":"y"}],"familyMemberDetails":{"isVisible":"y","familyMemberDetail":[{"familyMemberId":"707","memberName":"SUNIL","relationship":"Spouse","dOB":"09/05/2019","emailID":"","anniversary":"01/02/2019","contactNo":"","particulars":"","bloodGroup":""},{"familyMemberId":"709","memberName":"Shradha","relationship":"Child","dOB":"01/09/2019","emailID":"","anniversary":"","contactNo":"","particulars":"","bloodGroup":""},{"familyMemberId":"710","memberName":"Aishani","relationship":"Child","dOB":"21/04/2019","emailID":"","anniversary":"","contactNo":"","particulars":"","bloodGroup":""},{"familyMemberId":"711","memberName":"Sukrit","relationship":"Child","dOB":"09/04/2019","emailID":"","anniversary":"","contactNo":"","particulars":"","bloodGroup":""}]},"addressDetails":{"isResidanceAddrVisible":"y","isBusinessAddrVisible":"y","addressResult":[]}},{"masterID":"449","grpID":"1","profileID":"449","isAdmin":"yes","memberName":"Mr. Prakash K","memberEmail":"kadpra@rclgroup.com","memberMobile":"+91 9841012448","memberCountry":"India","profilePic":"","familyPic":null,"Branch_Id":"2","Branch_Name":"Chennai","isPersonalDetVisible":"yes","member_date_of_birth":null,"member_date_of_wedding":null,"personalMemberDetails":[],"businessMemberDetails":[{"fieldID":"0","uniquekey":"member_buss_email","key":"Email","value":"","colType":"Email","isEditable":"1","isVisible":"y"},{"fieldID":"0","uniquekey":"businessPosition","key":"Designation","value":"","colType":"Text","isEditable":"1","isVisible":"y"},{"fieldID":"0","uniquekey":"BusinessName","key":"Business Name","value":"","colType":"Text","isEditable":"1","isVisible":"y"}],"familyMemberDetails":{"isVisible":"y","familyMemberDetail":[{"familyMemberId":"713","memberName":"R/Ann.Priya Daga","relationship":"Spouse","dOB":"29/07/2013","emailID":"","anniversary":"10/05/2012","contactNo":"1 9321160077","particulars":"","bloodGroup":"A+ Ve"},{"familyMemberId":"715","memberName":"Vivaan","relationship":"Son","dOB":"12/12/2013","emailID":"","anniversary":"","contactNo":"","particulars":"","bloodGroup":""}]},"addressDetails":{"isResidanceAddrVisible":"y","isBusinessAddrVisible":"y","addressResult":[]}},{"masterID":"452","grpID":"1","profileID":"452","isAdmin":"yes","memberName":"Mr. Muraleedharan P","memberEmail":"murali@rclgroup.com","memberMobile":"+91 9841034447","memberCountry":"India","profilePic":"","familyPic":null,"Branch_Id":"2","Branch_Name":"Chennai","isPersonalDetVisible":"yes","member_date_of_birth":null,"member_date_of_wedding":null,"personalMemberDetails":[],"businessMemberDetails":[{"fieldID":"0","uniquekey":"member_buss_email","key":"Email","value":"","colType":"Email","isEditable":"1","isVisible":"y"},{"fieldID":"0","uniquekey":"businessPosition","key":"Designation","value":"","colType":"Text","isEditable":"1","isVisible":"y"},{"fieldID":"0","uniquekey":"BusinessName","key":"Business Name","value":"","colType":"Text","isEditable":"1","isVisible":"y"}],"familyMemberDetails":{"isVisible":"y","familyMemberDetail":[{"familyMemberId":"724","memberName":"Jyoti vissanji","relationship":"Spouse","dOB":"28/12/1964","emailID":"","anniversary":"28/05/1986","contactNo":"1 9869019774","particulars":"","bloodGroup":"A+ Ve"},{"familyMemberId":"727","memberName":"Vivek Vissanji","relationship":"Child","dOB":"24/04/1983","emailID":"","anniversary":"","contactNo":"","particulars":"","bloodGroup":""},{"familyMemberId":"729","memberName":"Ria Vissanji","relationship":"Child","dOB":"17/06/1997","emailID":"","anniversary":"","contactNo":"","particulars":"","bloodGroup":""}]},"addressDetails":{"isResidanceAddrVisible":"y","isBusinessAddrVisible":"y","addressResult":[]}},{"masterID":"454","grpID":"1","profileID":"454","isAdmin":"yes","memberName":"Mr. Krishna Kumar S","memberEmail":"srikum@rclgroup.com","memberMobile":"+91 9840932315","memberCountry":"India","profilePic":"","familyPic":null,"Branch_Id":"2","Branch_Name":"Chennai","isPersonalDetVisible":"yes","member_date_of_birth":null,"member_date_of_wedding":null,"personalMemberDetails":[],"businessMemberDetails":[{"fieldID":"0","uniquekey":"member_buss_email","key":"Email","value":"","colType":"Email","isEditable":"1","isVisible":"y"},{"fieldID":"0","uniquekey":"businessPosition","key":"Designation","value":"","colType":"Text","isEditable":"1","isVisible":"y"},{"fieldID":"0","uniquekey":"BusinessName","key":"Business Name","value":"","colType":"Text","isEditable":"1","isVisible":"y"}],"familyMemberDetails":{"isVisible":"y","familyMemberDetail":[{"familyMemberId":"732","memberName":"Sunil Davda","relationship":"Spouse","dOB":"26/11/1955","emailID":"","anniversary":"29/06/1979","contactNo":"1 9821020345","particulars":"","bloodGroup":"AB+ Ve"},{"familyMemberId":"737","memberName":"Suvir Davda","relationship":"Child","dOB":"19/11/1980","emailID":"","anniversary":"","contactNo":"","particulars":"","bloodGroup":""},{"familyMemberId":"739","memberName":"Ranvir Davda","relationship":"Child","dOB":"13/11/1984","emailID":"","anniversary":"","contactNo":"","particulars":"","bloodGroup":""}]},"addressDetails":{"isResidanceAddrVisible":"y","isBusinessAddrVisible":"y","addressResult":[]}},{"masterID":"455","grpID":"1","profileID":"455","isAdmin":"yes","memberName":"Mr. Balaji J D","memberEmail":"jeebal@rclgroup.com","memberMobile":"+91 9840949254","memberCountry":"India","profilePic":"","familyPic":null,"Branch_Id":"2","Branch_Name":"Chennai","isPersonalDetVisible":"yes","member_date_of_birth":null,"member_date_of_wedding":null,"personalMemberDetails":[],"businessMemberDetails":[{"fieldID":"0","uniquekey":"member_buss_email","key":"Email","value":"","colType":"Email","isEditable":"1","isVisible":"y"},{"fieldID":"0","uniquekey":"businessPosition","key":"Designation","value":"","colType":"Text","isEditable":"1","isVisible":"y"},{"fieldID":"0","uniquekey":"BusinessName","key":"Business Name","value":"","colType":"Text","isEditable":"1","isVisible":"y"}],"familyMemberDetails":{"isVisible":"y","familyMemberDetail":[{"familyMemberId":"730","memberName":"Smita Shah","relationship":"Spouse","dOB":"12/09/1950","emailID":"","anniversary":"24/11/1971","contactNo":"1 9820232353","particulars":"","bloodGroup":"A+ Ve"},{"familyMemberId":"731","memberName":"Samrat","relationship":"Child","dOB":"02/12/1974","emailID":"","anniversary":"","contactNo":"","particulars":"","bloodGroup":""},{"familyMemberId":"733","memberName":"Amiri","relationship":"Child","dOB":"25/10/1977","emailID":"","anniversary":"","contactNo":"","particulars":"","bloodGroup":""}]},"addressDetails":{"isResidanceAddrVisible":"y","isBusinessAddrVisible":"y","addressResult":[]}},{"masterID":"456","grpID":"1","profileID":"456","isAdmin":"yes","memberName":"Mr. Babu A","memberEmail":"arubab@rclgroup.com","memberMobile":"+91 9840915055","memberCountry":"India","profilePic":"","familyPic":null,"Branch_Id":"2","Branch_Name":"Chennai","isPersonalDetVisible":"yes","member_date_of_birth":null,"member_date_of_wedding":null,"personalMemberDetails":[],"businessMemberDetails":[{"fieldID":"0","uniquekey":"member_buss_email","key":"Email","value":"","colType":"Email","isEditable":"1","isVisible":"y"},{"fieldID":"0","uniquekey":"businessPosition","key":"Designation","value":"","colType":"Text","isEditable":"1","isVisible":"y"},{"fieldID":"0","uniquekey":"BusinessName","key":"Business Name","value":"","colType":"Text","isEditable":"1","isVisible":"y"}],"familyMemberDetails":{"isVisible":"y","familyMemberDetail":[{"familyMemberId":"734","memberName":"Poonam","relationship":"Spouse","dOB":"23/06/2013","emailID":"","anniversary":"15/01/2012","contactNo":"1 9820074331","particulars":"","bloodGroup":"O+"},{"familyMemberId":"735","memberName":"Rahul","relationship":"Child","dOB":"18/06/1997","emailID":"","anniversary":"","contactNo":"","particulars":"","bloodGroup":"B+ Ve"},{"familyMemberId":"736","memberName":"Tarun","relationship":"Child","dOB":"18/06/1997","emailID":"","anniversary":"","contactNo":"","particulars":"","bloodGroup":"B+ Ve"},{"familyMemberId":"740","memberName":"Trishna","relationship":"Child","dOB":"28/08/1999","emailID":"","anniversary":"","contactNo":"","particulars":"","bloodGroup":"B+ Ve"}]},"addressDetails":{"isResidanceAddrVisible":"y","isBusinessAddrVisible":"y","addressResult":[]}}]}