{"MemberDetail":[{"masterID":"451","grpID":"1","profileID":"451","isAdmin":"yes","memberName":"Mr. Samir C M","memberEmail":"samir@rclgroup.com","memberMobile":"+91 9841034446","memberCountry":"India","profilePic":"","familyPic":null,"Branch_Id":"2","Branch_Name":"Chennai","isPersonalDetVisible":"yes","member_date_of_birth":null,"member_date_of_wedding":null,"personalMemberDetails":[{"fieldID":"0","uniquekey":"profileID","key":"","value":"451","colType":"","isEditable":"1","isVisible":"y"},{"fieldID":"0","uniquekey":"member_name","key":"Name","value":"Mr. Samir C M","colType":"Text","isEditable":"1","isVisible":"y"},{"fieldID":"0","uniquekey":"memberMobile","key":"","value":"+91 9841034446","colType":"","isEditable":"1","isVisible":"y"},{"fieldID":"0","uniquekey":"member_email_id","key":"Email","value":"samir@rclgroup.com","colType":"Email","isEditable":"1","isVisible":"y"},{"fieldID":"0","uniquekey":"member_date_of_birth","key":"Birthday","value":"","colType":"Date","isEditable":"1","isVisible":"y"},{"fieldID":"0","uniquekey":"member_date_of_wedding","key":"Anniversary","value":"","colType":"Date","isEditable":"1","isVisible":"y"},{"fieldID":"0","uniquekey":"Employee_Code_One","key":"","value":"CSSPL00080","colType":"","isEditable":"1","isVisible":"y"},{"fieldID":"0","uniquekey":"First_Level_of_Reporting_Name","key":"","value":"Shankar Menon  P","colType":"","isEditable":"1","isVisible":"y"},{"fieldID":"0","uniquekey":"Employee_Code_2","key":"","value":"-","colType":"","isEditable":"1","isVisible":"y"},{"fieldID":"0","uniquekey":"Second_LevelofReportingName","key":"","value":"-","colType":"","isEditable":"1","isVisible":"y"},{"fieldID":"0","uniquekey":"UHID","key":"","value":"IL17898184500","colType":"","isEditable":"1","isVisible":"y"},{"fieldID":"0","uniquekey":"Official_Landline_No","key":"","value":"04440191653","colType":"","isEditable":"1","isVisible":"y"},{"fieldID":"0","uniquekey":"Second_Official_Landline_No","key":"","value":"","colType":"","isEditable":"1","isVisible":"y"},{"fieldID":"0","uniquekey":"Date_of_Joining","key":"","value":"2019-04-01","colType":"","isEditable":"1","isVisible":"y"},{"fieldID":"0","uniquekey":"Fk_Dept_ID","key":"","value":"12","colType":"","isEditable":"1","isVisible":"y"},{"fieldID":"0","uniquekey":"Fk_FunctionalRole_Id","key":"","value":"13","colType":"","isEditable":"1","isVisible":"y"},{"fieldID":"0","uniquekey":"fk_EntityName_id","key":"","value":"5","colType":"","isEditable":"1","isVisible":"y"},{"fieldID":"0","uniquekey":"fk_designation_id","key":"","value":"44","colType":"","isEditable":"1","isVisible":"y"},{"fieldID":"0","uniquekey":"department_Name","key":"","value":"HOD","colType":"","isEditable":"1","isVisible":"y"},{"fieldID":"0","uniquekey":"functionalrole_Name","key":"","value":"Team Leads","colType":"","isEditable":"1","isVisible":"y"},{"fieldID":"0","uniquekey":"Entity_Name","key":"","value":"RAEI","colType":"","isEditable":"1","isVisible":"y"},{"fieldID":"0","uniquekey":"Designation_Name","key":"","value":"Vice President","colType":"","isEditable":"1","isVisible":"y"},{"fieldID":"0","uniquekey":"Employee_Code","key":"","value":"RAEI00003","colType":"","isEditable":"1","isVisible":"y"},{"fieldID":"0","uniquekey":"Branch_Id","key":"","value":"2","colType":"","isEditable":"1","isVisible":"y"},{"fieldID":"0","uniquekey":"Branch_Name","key":"","value":"Chennai","colType":"","isEditable":"1","isVisible":"y"}],"businessMemberDetails":[{"fieldID":"0","uniquekey":"member_buss_email","key":"Email","value":"","colType":"Email","isEditable":"1","isVisible":"y"},{"fieldID":"0","uniquekey":"businessPosition","key":"Designation","value":"","colType":"Text","isEditable":"1","isVisible":"y"},{"fieldID":"0","uniquekey":"BusinessName","key":"Business Name","value":"","colType":"Text","isEditable":"1","isVisible":"y"}],"familyMemberDetails":{"isVisible":"y","familyMemberDetail":[{"familyMemberId":"721","memberName":"Mita Shah","relationship":"Spouse","dOB":"09/01/1977","emailID":"","anniversary":"25/04/2013","contactNo":"1 9821871270","particulars":"","bloodGroup":"A+ Ve"},{"familyMemberId":"723","memberName":"Jinal","relationship":"Child","dOB":"19/08/1994","emailID":"","anniversary":"","contactNo":"","particulars":"","bloodGroup":""},{"familyMemberId":"726","memberName":"Shaili","relationship":"Child","dOB":"09/01/1998","emailID":"","anniversary":"","contactNo":"","particulars":"","bloodGroup":""},{"familyMemberId":"728","memberName":"Krishi","relationship":"Child","dOB":"04/06/2000","emailID":"","anniversary":"","contactNo":"","particulars":"","bloodGroup":""}]},"addressDetails":{"isResidanceAddrVisible":"y","isBusinessAddrVisible":"y","addressResult":[]}},{"masterID":"452","grpID":"1","profileID":"452","isAdmin":"yes","memberName":"Mr. Muraleedharan P","memberEmail":"murali@rclgroup.com","memberMobile":"+91 9841034447","memberCountry":"India","profilePic":"","familyPic":null,"Branch_Id":"2","Branch_Name":"Chennai","isPersonalDetVisible":"yes","member_date_of_birth":null,"member_date_of_wedding":null,"personalMemberDetails":[{"fieldID":"0","uniquekey":"profileID","key":"","value":"452","colType":"","isEditable":"1","isVisible":"y"},{"fieldID":"0","uniquekey":"member_name","key":"Name","value":"Mr. Muraleedharan P","colType":"Text","isEditable":"1","isVisible":"y"},{"fieldID":"0","uniquekey":"memberMobile","key":"","value":"+91 9841034447","colType":"","isEditable":"1","isVisible":"y"},{"fieldID":"0","uniquekey":"member_email_id","key":"Email","value":"murali@rclgroup.com","colType":"Email","isEditable":"1","isVisible":"y"},{"fieldID":"0","uniquekey":"member_date_of_birth","key":"Birthday","value":"","colType":"Date","isEditable":"1","isVisible":"y"},{"fieldID":"0","uniquekey":"member_date_of_wedding","key":"Anniversary","value":"","colType":"Date","isEditable":"1","isVisible":"y"},{"fieldID":"0","uniquekey":"Employee_Code_One","key":"","value":"CSSPL00080","colType":"","isEditable":"1","isVisible":"y"},{"fieldID":"0","uniquekey":"First_Level_of_Reporting_Name","key":"","value":"Shankar Menon  P","colType":"","isEditable":"1","isVisible":"y"},{"fieldID":"0","uniquekey":"Employee_Code_2","key":"","value":"-","colType":"","isEditable":"1","isVisible":"y"},{"fieldID":"0","uniquekey":"Second_LevelofReportingName","key":"","value":"-","colType":"","isEditable":"1","isVisible":"y"},{"fieldID":"0","uniquekey":"UHID","key":"","value":"IL17898182400","colType":"","isEditable":"1","isVisible":"y"},{"fieldID":"0","uniquekey":"Official_Landline_No","key":"","value":"04440191673","colType":"","isEditable":"1","isVisible":"y"},{"fieldID":"0","uniquekey":"Second_Official_Landline_No","key":"","value":"","colType":"","isEditable":"1","isVisible":"y"},{"fieldID":"0","uniquekey":"Date_of_Joining","key":"","value":"2019-04-01","colType":"","isEditable":"1","isVisible":"y"},{"fieldID":"0","uniquekey":"Fk_Dept_ID","key":"","value":"4","colType":"","isEditable":"1","isVisible":"y"},{"fieldID":"0","uniquekey":"Fk_FunctionalRole_Id","key":"","value":"13","colType":"","isEditable":"1","isVisible":"y"},{"fieldID":"0","uniquekey":"fk_EntityName_id","key":"","value":"5","colType":"","isEditable":"1","isVisible":"y"},{"fieldID":"0","uniquekey":"fk_designation_id","key":"","value":"115","colType":"","isEditable":"1","isVisible":"y"},{"fieldID":"0","uniquekey":"department_Name","key":"","value":"Operations","colType":"","isEditable":"1","isVisible":"y"},{"fieldID":"0","uniquekey":"functionalrole_Name","key":"","value":"Team Leads","colType":"","isEditable":"1","isVisible":"y"},{"fieldID":"0","uniquekey":"Entity_Name","key":"","value":"RAEI","colType":"","isEditable":"1","isVisible":"y"},{"fieldID":"0","uniquekey":"Designation_Name","key":"","value":"Operations Manager","colType":"","isEditable":"1","isVisible":"y"},{"fieldID":"0","uniquekey":"Employee_Code","key":"","value":"RAEI00004","colType":"","isEditable":"1","isVisible":"y"},{"fieldID":"0","uniquekey":"Branch_Id","key":"","value":"2","colType":"","isEditable":"1","isVisible":"y"},{"fieldID":"0","uniquekey":"Branch_Name","key":"","value":"Chennai","colType":"","isEditable":"1","isVisible":"y"}],"businessMemberDetails":[{"fieldID":"0","uniquekey":"member_buss_email","key":"Email","value":"","colType":"Email","isEditable":"1","isVisible":"y"},{"fieldID":"0","uniquekey":"businessPosition","key":"Designation","value":"","colType":"Text","isEditable":"1","isVisible":"y"},{"fieldID":"0","uniquekey":"BusinessName","key":"Business Name","value":"","colType":"Text","isEditable":"1","isVisible":"y"}],"familyMemberDetails":{"isVisible":"y","familyMemberDetail":[{"familyMemberId":"724","memberName":"Jyoti vissanji","relationship":"Spouse","dOB":"28/12/1964","emailID":"","anniversary":"28/05/1986","contactNo":"1 9869019774","particulars":"","bloodGroup":"A+ Ve"},{"familyMemberId":"727","memberName":"Vivek Vissanji","relationship":"Child","dOB":"24/04/1983","emailID":"","anniversary":"","contactNo":"","particulars":"","bloodGroup":""},{"familyMemberId":"729","memberName":"Ria Vissanji","relationship":"Child","dOB":"17/06/1997","emailID":"","anniversary":"","contactNo":"","particulars":"","bloodGroup":""}]},"addressDetails":{"isResidanceAddrVisible":"y","isBusinessAddrVisible":"y","addressResult":[]}},{"masterID":"453","grpID":"1","profileID":"453","isAdmin":"yes","memberName":"Mr. Rajesh Kumar S","memberEmail":"soukum@rclgroup.com","memberMobile":"+91 9840995060","memberCountry":"India","profilePic":"","familyPic":null,"Branch_Id":"2","Branch_Name":"Chennai","isPersonalDetVisible":"yes","member_date_of_birth":null,"member_date_of_wedding":null,"personalMemberDetails":[{"fieldID":"0","uniquekey":"profileID","key":"","value":"453","colType":"","isEditable":"1","isVisible":"y"},{"fieldID":"0","uniquekey":"member_name","key":"Name","value":"Mr. Rajesh Kumar S","colType":"Text","isEditable":"1","isVisible":"y"},{"fieldID":"0","uniquekey":"memberMobile","key":"","value":"+91 9840995060","colType":"","isEditable":"1","isVisible":"y"},{"fieldID":"0","uniquekey":"member_email_id","key":"Email","value":"soukum@rclgroup.com","colType":"Email","isEditable":"1","isVisible":"y"},{"fieldID":"0","uniquekey":"member_date_of_birth","key":"Birthday","value":"","colType":"Date","isEditable":"1","isVisible":"y"},{"fieldID":"0","uniquekey":"member_date_of_wedding","key":"Anniversary","value":"","colType":"Date","isEditable":"1","isVisible":"y"},{"fieldID":"0","uniquekey":"Employee_Code_One","key":"","value":"RAEI00011","colType":"","isEditable":"1","isVisible":"y"},{"fieldID":"0","uniquekey":"First_Level_of_Reporting_Name","key":"","value":"Pramodh C","colType":"","isEditable":"1","isVisible":"y"},{"fieldID":"0","uniquekey":"Employee_Code_2","key":"","value":"RAEI00003","colType":"","isEditable":"1","isVisible":"y"},{"fieldID":"0","uniquekey":"Second_LevelofReportingName","key":"","value":"Samir C M","colType":"","isEditable":"1","isVisible":"y"},{"fieldID":"0","uniquekey":"UHID","key":"","value":"IL17898183000","colType":"","isEditable":"1","isVisible":"y"},{"fieldID":"0","uniquekey":"Official_Landline_No","key":"","value":"04440191668","colType":"","isEditable":"1","isVisible":"y"},{"fieldID":"0","uniquekey":"Second_Official_Landline_No","key":"","value":"","colType":"","isEditable":"1","isVisible":"y"},{"fieldID":"0","uniquekey":"Date_of_Joining","key":"","value":"2019-04-01","colType":"","isEditable":"1","isVisible":"y"},{"fieldID":"0","uniquekey":"Fk_Dept_ID","key":"","value":"2","colType":"","isEditable":"1","isVisible":"y"},{"fieldID":"0","uniquekey":"Fk_FunctionalRole_Id","key":"","value":"2","colType":"","isEditable":"1","isVisible":"y"},{"fieldID":"0","uniquekey":"fk_EntityName_id","key":"","value":"5","colType":"","isEditable":"1","isVisible":"y"},{"fieldID":"0","uniquekey":"fk_designation_id","key":"","value":"2","colType":"","isEditable":"1","isVisible":"y"},{"fieldID":"0","uniquekey":"department_Name","key":"","value":"Export","colType":"","isEditable":"1","isVisible":"y"},{"fieldID":"0","uniquekey":"functionalrole_Name","key":"","value":"Customer Service","colType":"","isEditable":"1","isVisible":"y"},{"fieldID":"0","uniquekey":"Entity_Name","key":"","value":"RAEI","colType":"","isEditable":"1","isVisible":"y"},{"fieldID":"0","uniquekey":"Designation_Name","key":"","value":"Assistant Manager - Customer Service","colType":"","isEditable":"1","isVisible":"y"},{"fieldID":"0","uniquekey":"Employee_Code","key":"","value":"RAEI00005","colType":"","isEditable":"1","isVisible":"y"},{"fieldID":"0","uniquekey":"Branch_Id","key":"","value":"2","colType":"","isEditable":"1","isVisible":"y"},{"fieldID":"0","uniquekey":"Branch_Name","key":"","value":"Chennai","colType":"","isEditable":"1","isVisible":"y"}],"businessMemberDetails":[{"fieldID":"0","uniquekey":"member_buss_email","key":"Email","value":"","colType":"Email","isEditable":"1","isVisible":"y"},{"fieldID":"0","uniquekey":"businessPosition","key":"Designation","value":"","colType":"Text","isEditable":"1","isVisible":"y"},{"fieldID":"0","uniquekey":"BusinessName","key":"Business Name","value":"","colType":"Text","isEditable":"1","isVisible":"y"}],"familyMemberDetails":{"isVisible":"y","familyMemberDetail":[{"familyMemberId":"720","memberName":"Rochna","relationship":"Spouse","dOB":"13/11/2013","emailID":"","anniversary":"14/12/2012","contactNo":"1 9821091582","particulars":"","bloodGroup":"A+ Ve"},{"familyMemberId":"722","memberName":"Anant","relationship":"Child","dOB":"13/03/2014","emailID":"","anniversary":"","contactNo":"","particulars":"","bloodGroup":""},{"familyMemberId":"725","memberName":"Samarth","relationship":"Child","dOB":"11/01/2013","emailID":"","anniversary":"","contactNo":"","particulars":"","bloodGroup":""}]},"addressDetails":{"isResidanceAddrVisible":"y","isBusinessAddrVisible":"y","addressResult":[]}},{"masterID":"454","grpID":"1","profileID":"454","isAdmin":"yes","memberName":"Mr. Krishna Kumar S","memberEmail":"srikum@rclgroup.com","memberMobile":"+91 9840932315","memberCountry":"India","profilePic":"","familyPic":null,"Branch_Id":"2","Branch_Name":"Chennai","isPersonalDetVisible":"yes","member_date_of_birth":null,"member_date_of_wedding":null,"personalMemberDetails":[{"fieldID":"0","uniquekey":"profileID","key":"","value":"454","colType":"","isEditable":"1","isVisible":"y"},{"fieldID":"0","uniquekey":"member_name","key":"Name","value":"Mr. Krishna Kumar S","colType":"Text","isEditable":"1","isVisible":"y"},{"fieldID":"0","uniquekey":"memberMobile","key":"","value":"+91 9840932315","colType":"","isEditable":"1","isVisible":"y"},{"fieldID":"0","uniquekey":"member_email_id","key":"Email","value":"srikum@rclgroup.com","colType":"Email","isEditable":"1","isVisible":"y"},{"fieldID":"0","uniquekey":"member_date_of_birth","key":"Birthday","value":"","colType":"Date","isEditable":"1","isVisible":"y"},{"fieldID":"0","uniquekey":"member_date_of_wedding","key":"Anniversary","value":"","colType":"Date","isEditable":"1","isVisible":"y"},{"fieldID":"0","uniquekey":"Employee_Code_One","key":"","value":"RAEI00003","colType":"","isEditable":"1","isVisible":"y"},{"fieldID":"0","uniquekey":"First_Level_of_Reporting_Name","key":"","value":"Samir C M","colType":"","isEditable":"1","isVisible":"y"},{"fieldID":"0","uniquekey":"Employee_Code_2","key":"","value":"CSSPL00080","colType":"","isEditable":"1","isVisible":"y"},{"fieldID":"0","uniquekey":"Second_LevelofReportingName","key":"","value":"Shankar Menon  P","colType":"","isEditable":"1","isVisible":"y"},{"fieldID":"0","uniquekey":"UHID","key":"","value":"IL17898185100","colType":"","isEditable":"1","isVisible":"y"},{"fieldID":"0","uniquekey":"Official_Landline_No","key":"","value":"04440191664","colType":"","isEditable":"1","isVisible":"y"},{"fieldID":"0","uniquekey":"Second_Official_Landline_No","key":"","value":"","colType":"","isEditable":"1","isVisible":"y"},{"fieldID":"0","uniquekey":"Date_of_Joining","key":"","value":"2019-04-01","colType":"","isEditable":"1","isVisible":"y"},{"fieldID":"0","uniquekey":"Fk_Dept_ID","key":"","value":"2","colType":"","isEditable":"1","isVisible":"y"},{"fieldID":"0","uniquekey":"Fk_FunctionalRole_Id","key":"","value":"23","colType":"","isEditable":"1","isVisible":"y"},{"fieldID":"0","uniquekey":"fk_EntityName_id","key":"","value":"5","colType":"","isEditable":"1","isVisible":"y"},{"fieldID":"0","uniquekey":"fk_designation_id","key":"","value":"116","colType":"","isEditable":"1","isVisible":"y"},{"fieldID":"0","uniquekey":"department_Name","key":"","value":"Export","colType":"","isEditable":"1","isVisible":"y"},{"fieldID":"0","uniquekey":"functionalrole_Name","key":"","value":"Documentation - Export","colType":"","isEditable":"1","isVisible":"y"},{"fieldID":"0","uniquekey":"Entity_Name","key":"","value":"RAEI","colType":"","isEditable":"1","isVisible":"y"},{"fieldID":"0","uniquekey":"Designation_Name","key":"","value":"Deputy Manager - Documentation","colType":"","isEditable":"1","isVisible":"y"},{"fieldID":"0","uniquekey":"Employee_Code","key":"","value":"RAEI00006","colType":"","isEditable":"1","isVisible":"y"},{"fieldID":"0","uniquekey":"Branch_Id","key":"","value":"2","colType":"","isEditable":"1","isVisible":"y"},{"fieldID":"0","uniquekey":"Branch_Name","key":"","value":"Chennai","colType":"","isEditable":"1","isVisible":"y"}],"businessMemberDetails":[{"fieldID":"0","uniquekey":"member_buss_email","key":"Email","value":"","colType":"Email","isEditable":"1","isVisible":"y"},{"fieldID":"0","uniquekey":"businessPosition","key":"Designation","value":"","colType":"Text","isEditable":"1","isVisible":"y"},{"fieldID":"0","uniquekey":"BusinessName","key":"Business Name","value":"","colType":"Text","isEditable":"1","isVisible":"y"}],"familyMemberDetails":{"isVisible":"y","familyMemberDetail":[{"familyMemberId":"732","memberName":"Sunil Davda","relationship":"Spouse","dOB":"26/11/1955","emailID":"","anniversary":"29/06/1979","contactNo":"1 9821020345","particulars":"","bloodGroup":"AB+ Ve"},{"familyMemberId":"737","memberName":"Suvir Davda","relationship":"Child","dOB":"19/11/1980","emailID":"","anniversary":"","contactNo":"","particulars":"","bloodGroup":""},{"familyMemberId":"739","memberName":"Ranvir Davda","relationship":"Child","dOB":"13/11/1984","emailID":"","anniversary":"","contactNo":"","particulars":"","bloodGroup":""}]},"addressDetails":{"isResidanceAddrVisible":"y","isBusinessAddrVisible":"y","addressResult":[]}},{"masterID":"455","grpID":"1","profileID":"455","isAdmin":"yes","memberName":"Mr. Balaji J D","memberEmail":"jeebal@rclgroup.com","memberMobile":"+91 9840949254","memberCountry":"India","profilePic":"","familyPic":null,"Branch_Id":"2","Branch_Name":"Chennai","isPersonalDetVisible":"yes","member_date_of_birth":null,"member_date_of_wedding":null,"personalMemberDetails":[{"fieldID":"0","uniquekey":"profileID","key":"","value":"455","colType":"","isEditable":"1","isVisible":"y"},{"fieldID":"0","uniquekey":"member_name","key":"Name","value":"Mr. Balaji J D","colType":"Text","isEditable":"1","isVisible":"y"},{"fieldID":"0","uniquekey":"memberMobile","key":"","value":"+91 9840949254","colType":"","isEditable":"1","isVisible":"y"},{"fieldID":"0","uniquekey":"member_email_id","key":"Email","value":"jeebal@rclgroup.com","colType":"Email","isEditable":"1","isVisible":"y"},{"fieldID":"0","uniquekey":"member_date_of_birth","key":"Birthday","value":"","colType":"Date","isEditable":"1","isVisible":"y"},{"fieldID":"0","uniquekey":"member_date_of_wedding","key":"Anniversary","value":"","colType":"Date","isEditable":"1","isVisible":"y"},{"fieldID":"0","uniquekey":"Employee_Code_One","key":"","value":"RAEI00011","colType":"","isEditable":"1","isVisible":"y"},{"fieldID":"0","uniquekey":"First_Level_of_Reporting_Name","key":"","value":"Pramodh C","colType":"","isEditable":"1","isVisible":"y"},{"fieldID":"0","uniquekey":"Employee_Code_2","key":"","value":"RAEI00003","colType":"","isEditable":"1","isVisible":"y"},{"fieldID":"0","uniquekey":"Second_LevelofReportingName","key":"","value":"Samir C M","colType":"","isEditable":"1","isVisible":"y"},{"fieldID":"0","uniquekey":"UHID","key":"","value":"IL17898185200","colType":"","isEditable":"1","isVisible":"y"},{"fieldID":"0","uniquekey":"Official_Landline_No","key":"","value":"04440191657","colType":"","isEditable":"1","isVisible":"y"},{"fieldID":"0","uniquekey":"Second_Official_Landline_No","key":"","value":"","colType":"","isEditable":"1","isVisible":"y"},{"fieldID":"0","uniquekey":"Date_of_Joining","key":"","value":"2019-04-01","colType":"","isEditable":"1","isVisible":"y"},{"fieldID":"0","uniquekey":"Fk_Dept_ID","key":"","value":"5","colType":"","isEditable":"1","isVisible":"y"},{"fieldID":"0","uniquekey":"Fk_FunctionalRole_Id","key":"","value":"9","colType":"","isEditable":"1","isVisible":"y"},{"fieldID":"0","uniquekey":"fk_EntityName_id","key":"","value":"5","colType":"","isEditable":"1","isVisible":"y"},{"fieldID":"0","uniquekey":"fk_designation_id","key":"","value":"117","colType":"","isEditable":"1","isVisible":"y"},{"fieldID":"0","uniquekey":"department_Name","key":"","value":"Sales","colType":"","isEditable":"1","isVisible":"y"},{"fieldID":"0","uniquekey":"functionalrole_Name","key":"","value":"Sales","colType":"","isEditable":"1","isVisible":"y"},{"fieldID":"0","uniquekey":"Entity_Name","key":"","value":"RAEI","colType":"","isEditable":"1","isVisible":"y"},{"fieldID":"0","uniquekey":"Designation_Name","key":"","value":"Assistant Manager - Import Sales","colType":"","isEditable":"1","isVisible":"y"},{"fieldID":"0","uniquekey":"Employee_Code","key":"","value":"RAEI00007","colType":"","isEditable":"1","isVisible":"y"},{"fieldID":"0","uniquekey":"Branch_Id","key":"","value":"2","colType":"","isEditable":"1","isVisible":"y"},{"fieldID":"0","uniquekey":"Branch_Name","key":"","value":"Chennai","colType":"","isEditable":"1","isVisible":"y"}],"businessMemberDetails":[{"fieldID":"0","uniquekey":"member_buss_email","key":"Email","value":"","colType":"Email","isEditable":"1","isVisible":"y"},{"fieldID":"0","uniquekey":"businessPosition","key":"Designation","value":"","colType":"Text","isEditable":"1","isVisible":"y"},{"fieldID":"0","uniquekey":"BusinessName","key":"Business Name","value":"","colType":"Text","isEditable":"1","isVisible":"y"}],"familyMemberDetails":{"isVisible":"y","familyMemberDetail":[{"familyMemberId":"730","memberName":"Smita Shah","relationship":"Spouse","dOB":"12/09/1950","emailID":"","anniversary":"24/11/1971","contactNo":"1 9820232353","particulars":"","bloodGroup":"A+ Ve"},{"familyMemberId":"731","memberName":"Samrat","relationship":"Child","dOB":"02/12/1974","emailID":"","anniversary":"","contactNo":"","particulars":"","bloodGroup":""},{"familyMemberId":"733","memberName":"Amiri","relationship":"Child","dOB":"25/10/1977","emailID":"","anniversary":"","contactNo":"","particulars":"","bloodGroup":""}]},"addressDetails":{"isResidanceAddrVisible":"y","isBusinessAddrVisible":"y","addressResult":[]}},{"masterID":"456","grpID":"1","profileID":"456","isAdmin":"yes","memberName":"Mr. Babu A","memberEmail":"arubab@rclgroup.com","memberMobile":"+91 9840915055","memberCountry":"India","profilePic":"","familyPic":null,"Branch_Id":"2","Branch_Name":"Chennai","isPersonalDetVisible":"yes","member_date_of_birth":null,"member_date_of_wedding":null,"personalMemberDetails":[{"fieldID":"0","uniquekey":"profileID","key":"","value":"456","colType":"","isEditable":"1","isVisible":"y"},{"fieldID":"0","uniquekey":"member_name","key":"Name","value":"Mr. Babu A","colType":"Text","isEditable":"1","isVisible":"y"},{"fieldID":"0","uniquekey":"memberMobile","key":"","value":"+91 9840915055","colType":"","isEditable":"1","isVisible":"y"},{"fieldID":"0","uniquekey":"member_email_id","key":"Email","value":"arubab@rclgroup.com","colType":"Email","isEditable":"1","isVisible":"y"},{"fieldID":"0","uniquekey":"member_date_of_birth","key":"Birthday","value":"","colType":"Date","isEditable":"1","isVisible":"y"},{"fieldID":"0","uniquekey":"member_date_of_wedding","key":"Anniversary","value":"","colType":"Date","isEditable":"1","isVisible":"y"},{"fieldID":"0","uniquekey":"Employee_Code_One","key":"","value":"RAEI00032","colType":"","isEditable":"1","isVisible":"y"},{"fieldID":"0","uniquekey":"First_Level_of_Reporting_Name","key":"","value":"Viswanathan S","colType":"","isEditable":"1","isVisible":"y"},{"fieldID":"0","uniquekey":"Employee_Code_2","key":"","value":"RAEI00003","colType":"","isEditable":"1","isVisible":"y"},{"fieldID":"0","uniquekey":"Second_LevelofReportingName","key":"","value":"Samir C M","colType":"","isEditable":"1","isVisible":"y"},{"fieldID":"0","uniquekey":"UHID","key":"","value":"IL17898181800","colType":"","isEditable":"1","isVisible":"y"},{"fieldID":"0","uniquekey":"Official_Landline_No","key":"","value":"04440191662","colType":"","isEditable":"1","isVisible":"y"},{"fieldID":"0","uniquekey":"Second_Official_Landline_No","key":"","value":"","colType":"","isEditable":"1","isVisible":"y"},{"fieldID":"0","uniquekey":"Date_of_Joining","key":"","value":"2019-04-01","colType":"","isEditable":"1","isVisible":"y"},{"fieldID":"0","uniquekey":"Fk_Dept_ID","key":"","value":"10","colType":"","isEditable":"1","isVisible":"y"},{"fieldID":"0","uniquekey":"Fk_FunctionalRole_Id","key":"","value":"24","colType":"","isEditable":"1","isVisible":"y"},{"fieldID":"0","uniquekey":"fk_EntityName_id","key":"","value":"5","colType":"","isEditable":"1","isVisible":"y"},{"fieldID":"0","uniquekey":"fk_designation_id","key":"","value":"61","colType":"","isEditable":"1","isVisible":"y"},{"fieldID":"0","uniquekey":"department_Name","key":"","value":"Import","colType":"","isEditable":"1","isVisible":"y"},{"fieldID":"0","uniquekey":"functionalrole_Name","key":"","value":"Documentation - Import","colType":"","isEditable":"1","isVisible":"y"},{"fieldID":"0","uniquekey":"Entity_Name","key":"","value":"RAEI","colType":"","isEditable":"1","isVisible":"y"},{"fieldID":"0","uniquekey":"Designation_Name","key":"","value":"Senior Executive - Documentation","colType":"","isEditable":"1","isVisible":"y"},{"fieldID":"0","uniquekey":"Employee_Code","key":"","value":"RAEI00008","colType":"","isEditable":"1","isVisible":"y"},{"fieldID":"0","uniquekey":"Branch_Id","key":"","value":"2","colType":"","isEditable":"1","isVisible":"y"},{"fieldID":"0","uniquekey":"Branch_Name","key":"","value":"Chennai","colType":"","isEditable":"1","isVisible":"y"}],"businessMemberDetails":[{"fieldID":"0","uniquekey":"member_buss_email","key":"Email","value":"","colType":"Email","isEditable":"1","isVisible":"y"},{"fieldID":"0","uniquekey":"businessPosition","key":"Designation","value":"","colType":"Text","isEditable":"1","isVisible":"y"},{"fieldID":"0","uniquekey":"BusinessName","key":"Business Name","value":"","colType":"Text","isEditable":"1","isVisible":"y"}],"familyMemberDetails":{"isVisible":"y","familyMemberDetail":[{"familyMemberId":"734","memberName":"Poonam","relationship":"Spouse","dOB":"23/06/2013","emailID":"","anniversary":"15/01/2012","contactNo":"1 9820074331","particulars":"","bloodGroup":"O+"},{"familyMemberId":"735","memberName":"Rahul","relationship":"Child","dOB":"18/06/1997","emailID":"","anniversary":"","contactNo":"","particulars":"","bloodGroup":"B+ Ve"},{"familyMemberId":"736","memberName":"Tarun","relationship":"Child","dOB":"18/06/1997","emailID":"","anniversary":"","contactNo":"","particulars":"","bloodGroup":"B+ Ve"},{"familyMemberId":"740","memberName":"Trishna","relationship":"Child","dOB":"28/08/1999","emailID":"","anniversary":"","contactNo":"","particulars":"","bloodGroup":"B+ Ve"}]},"addressDetails":{"isResidanceAddrVisible":"y","isBusinessAddrVisible":"y","addressResult":[]}},{"masterID":"457","grpID":"1","profileID":"457","isAdmin":"yes","memberName":"Mr. Raja P","memberEmail":"parraj@rclgroup.com","memberMobile":"+91 9840271285","memberCountry":"India","profilePic":"","familyPic":null,"Branch_Id":"2","Branch_Name":"Chennai","isPersonalDetVisible":"yes","member_date_of_birth":null,"member_date_of_wedding":null,"personalMemberDetails":[{"fieldID":"0","uniquekey":"profileID","key":"","value":"457","colType":"","isEditable":"1","isVisible":"y"},{"fieldID":"0","uniquekey":"member_name","key":"Name","value":"Mr. Raja P","colType":"Text","isEditable":"1","isVisible":"y"},{"fieldID":"0","uniquekey":"memberMobile","key":"","value":"+91 9840271285","colType":"","isEditable":"1","isVisible":"y"},{"fieldID":"0","uniquekey":"member_email_id","key":"Email","value":"parraj@rclgroup.com","colType":"Email","isEditable":"1","isVisible":"y"},{"fieldID":"0","uniquekey":"member_date_of_birth","key":"Birthday","value":"","colType":"Date","isEditable":"1","isVisible":"y"},{"fieldID":"0","uniquekey":"member_date_of_wedding","key":"Anniversary","value":"","colType":"Date","isEditable":"1","isVisible":"y"},{"fieldID":"0","uniquekey":"Employee_Code_One","key":"","value":"RAEI00004","colType":"","isEditable":"1","isVisible":"y"},{"fieldID":"0","uniquekey":"First_Level_of_Reporting_Name","key":"","value":"Muraleedharan P","colType":"","isEditable":"1","isVisible":"y"},{"fieldID":"0","uniquekey":"Employee_Code_2","key":"","value":"CSSPL00080","colType":"","isEditable":"1","isVisible":"y"},{"fieldID":"0","uniquekey":"Second_LevelofReportingName","key":"","value":"Shankar Menon  P","colType":"","isEditable":"1","isVisible":"y"},{"fieldID":"0","uniquekey":"UHID","key":"","value":"IL17898183100","colType":"","isEditable":"1","isVisible":"y"},{"fieldID":"0","uniquekey":"Official_Landline_No","key":"","value":"04440191676","colType":"","isEditable":"1","isVisible":"y"},{"fieldID":"0","uniquekey":"Second_Official_Landline_No","key":"","value":"","colType":"","isEditable":"1","isVisible":"y"},{"fieldID":"0","uniquekey":"Date_of_Joining","key":"","value":"2019-04-01","colType":"","isEditable":"1","isVisible":"y"},{"fieldID":"0","uniquekey":"Fk_Dept_ID","key":"","value":"4","colType":"","isEditable":"1","isVisible":"y"},{"fieldID":"0","uniquekey":"Fk_FunctionalRole_Id","key":"","value":"8","colType":"","isEditable":"1","isVisible":"y"},{"fieldID":"0","uniquekey":"fk_EntityName_id","key":"","value":"5","colType":"","isEditable":"1","isVisible":"y"},{"fieldID":"0","uniquekey":"fk_designation_id","key":"","value":"68","colType":"","isEditable":"1","isVisible":"y"},{"fieldID":"0","uniquekey":"department_Name","key":"","value":"Operations","colType":"","isEditable":"1","isVisible":"y"},{"fieldID":"0","uniquekey":"functionalrole_Name","key":"","value":"Operations","colType":"","isEditable":"1","isVisible":"y"},{"fieldID":"0","uniquekey":"Entity_Name","key":"","value":"RAEI","colType":"","isEditable":"1","isVisible":"y"},{"fieldID":"0","uniquekey":"Designation_Name","key":"","value":"Assistant Manager - Operations","colType":"","isEditable":"1","isVisible":"y"},{"fieldID":"0","uniquekey":"Employee_Code","key":"","value":"RAEI00009","colType":"","isEditable":"1","isVisible":"y"},{"fieldID":"0","uniquekey":"Branch_Id","key":"","value":"2","colType":"","isEditable":"1","isVisible":"y"},{"fieldID":"0","uniquekey":"Branch_Name","key":"","value":"Chennai","colType":"","isEditable":"1","isVisible":"y"}],"businessMemberDetails":[{"fieldID":"0","uniquekey":"member_buss_email","key":"Email","value":"","colType":"Email","isEditable":"1","isVisible":"y"},{"fieldID":"0","uniquekey":"businessPosition","key":"Designation","value":"","colType":"Text","isEditable":"1","isVisible":"y"},{"fieldID":"0","uniquekey":"BusinessName","key":"Business Name","value":"","colType":"Text","isEditable":"1","isVisible":"y"}],"familyMemberDetails":{"isVisible":"y","familyMemberDetail":[{"familyMemberId":"738","memberName":"RANNRAMA KELA","relationship":"Spouse","dOB":"20/01/2012","emailID":"","anniversary":"09/05/2012","contactNo":"","particulars":"","bloodGroup":"O+ Ve"},{"familyMemberId":"741","memberName":"Sarvesh","relationship":"Son","dOB":"20/03/2013","emailID":"","anniversary":"","contactNo":"","particulars":"","bloodGroup":""},{"familyMemberId":"743","memberName":"Janvi","relationship":"Daughter","dOB":"11/03/2013","emailID":"","anniversary":"","contactNo":"","particulars":"","bloodGroup":""}]},"addressDetails":{"isResidanceAddrVisible":"y","isBusinessAddrVisible":"y","addressResult":[]}},{"masterID":"458","grpID":"1","profileID":"458","isAdmin":"yes","memberName":"Mr. Pramodh C","memberEmail":"pramod@rclgroup.com","memberMobile":"+91 9840930187","memberCountry":"India","profilePic":"","familyPic":null,"Branch_Id":"2","Branch_Name":"Chennai","isPersonalDetVisible":"yes","member_date_of_birth":null,"member_date_of_wedding":null,"personalMemberDetails":[{"fieldID":"0","uniquekey":"profileID","key":"","value":"458","colType":"","isEditable":"1","isVisible":"y"},{"fieldID":"0","uniquekey":"member_name","key":"Name","value":"Mr. Pramodh C","colType":"Text","isEditable":"1","isVisible":"y"},{"fieldID":"0","uniquekey":"memberMobile","key":"","value":"+91 9840930187","colType":"","isEditable":"1","isVisible":"y"},{"fieldID":"0","uniquekey":"member_email_id","key":"Email","value":"pramod@rclgroup.com","colType":"Email","isEditable":"1","isVisible":"y"},{"fieldID":"0","uniquekey":"member_date_of_birth","key":"Birthday","value":"","colType":"Date","isEditable":"1","isVisible":"y"},{"fieldID":"0","uniquekey":"member_date_of_wedding","key":"Anniversary","value":"","colType":"Date","isEditable":"1","isVisible":"y"},{"fieldID":"0","uniquekey":"Employee_Code_One","key":"","value":"RAEI00003","colType":"","isEditable":"1","isVisible":"y"},{"fieldID":"0","uniquekey":"First_Level_of_Reporting_Name","key":"","value":"Samir C M","colType":"","isEditable":"1","isVisible":"y"},{"fieldID":"0","uniquekey":"Employee_Code_2","key":"","value":"CSSPL00080","colType":"","isEditable":"1","isVisible":"y"},{"fieldID":"0","uniquekey":"Second_LevelofReportingName","key":"","value":"Shankar Menon  P","colType":"","isEditable":"1","isVisible":"y"},{"fieldID":"0","uniquekey":"UHID","key":"","value":"IL17898185300","colType":"","isEditable":"1","isVisible":"y"},{"fieldID":"0","uniquekey":"Official_Landline_No","key":"","value":"04440191654","colType":"","isEditable":"1","isVisible":"y"},{"fieldID":"0","uniquekey":"Second_Official_Landline_No","key":"","value":"","colType":"","isEditable":"1","isVisible":"y"},{"fieldID":"0","uniquekey":"Date_of_Joining","key":"","value":"2019-04-01","colType":"","isEditable":"1","isVisible":"y"},{"fieldID":"0","uniquekey":"Fk_Dept_ID","key":"","value":"5","colType":"","isEditable":"1","isVisible":"y"},{"fieldID":"0","uniquekey":"Fk_FunctionalRole_Id","key":"","value":"9","colType":"","isEditable":"1","isVisible":"y"},{"fieldID":"0","uniquekey":"fk_EntityName_id","key":"","value":"5","colType":"","isEditable":"1","isVisible":"y"},{"fieldID":"0","uniquekey":"fk_designation_id","key":"","value":"90","colType":"","isEditable":"1","isVisible":"y"},{"fieldID":"0","uniquekey":"department_Name","key":"","value":"Sales","colType":"","isEditable":"1","isVisible":"y"},{"fieldID":"0","uniquekey":"functionalrole_Name","key":"","value":"Sales","colType":"","isEditable":"1","isVisible":"y"},{"fieldID":"0","uniquekey":"Entity_Name","key":"","value":"RAEI","colType":"","isEditable":"1","isVisible":"y"},{"fieldID":"0","uniquekey":"Designation_Name","key":"","value":"Manager - Sales","colType":"","isEditable":"1","isVisible":"y"},{"fieldID":"0","uniquekey":"Employee_Code","key":"","value":"RAEI00011","colType":"","isEditable":"1","isVisible":"y"},{"fieldID":"0","uniquekey":"Branch_Id","key":"","value":"2","colType":"","isEditable":"1","isVisible":"y"},{"fieldID":"0","uniquekey":"Branch_Name","key":"","value":"Chennai","colType":"","isEditable":"1","isVisible":"y"}],"businessMemberDetails":[{"fieldID":"0","uniquekey":"member_buss_email","key":"Email","value":"","colType":"Email","isEditable":"1","isVisible":"y"},{"fieldID":"0","uniquekey":"businessPosition","key":"Designation","value":"","colType":"Text","isEditable":"1","isVisible":"y"},{"fieldID":"0","uniquekey":"BusinessName","key":"Business Name","value":"","colType":"Text","isEditable":"1","isVisible":"y"}],"familyMemberDetails":{"isVisible":"y","familyMemberDetail":[{"familyMemberId":"7544","memberName":"Shobha","relationship":"Spouse","dOB":"24/08/2013","emailID":"","anniversary":"23/06/2013","contactNo":"1 9420256000","particulars":"","bloodGroup":""},{"familyMemberId":"7545","memberName":"Ritika","relationship":"Daughter","dOB":"05/02/2013","emailID":"","anniversary":"00/00/0000","contactNo":"","particulars":"","bloodGroup":""},{"familyMemberId":"7546","memberName":"Poras","relationship":"Son","dOB":"24/05/2013","emailID":"","anniversary":"00/00/0000","contactNo":"","particulars":"","bloodGroup":""}]},"addressDetails":{"isResidanceAddrVisible":"y","isBusinessAddrVisible":"y","addressResult":[]}},{"masterID":"459","grpID":"1","profileID":"459","isAdmin":"yes","memberName":"Mr. Bhaskaran A","memberEmail":"-","memberMobile":"+91 9840915057","memberCountry":"India","profilePic":"","familyPic":null,"Branch_Id":"2","Branch_Name":"Chennai","isPersonalDetVisible":"yes","member_date_of_birth":null,"member_date_of_wedding":null,"personalMemberDetails":[{"fieldID":"0","uniquekey":"profileID","key":"","value":"459","colType":"","isEditable":"1","isVisible":"y"},{"fieldID":"0","uniquekey":"member_name","key":"Name","value":"Mr. Bhaskaran A","colType":"Text","isEditable":"1","isVisible":"y"},{"fieldID":"0","uniquekey":"memberMobile","key":"","value":"+91 9840915057","colType":"","isEditable":"1","isVisible":"y"},{"fieldID":"0","uniquekey":"member_email_id","key":"Email","value":"-","colType":"Email","isEditable":"1","isVisible":"y"},{"fieldID":"0","uniquekey":"member_date_of_birth","key":"Birthday","value":"","colType":"Date","isEditable":"1","isVisible":"y"},{"fieldID":"0","uniquekey":"member_date_of_wedding","key":"Anniversary","value":"","colType":"Date","isEditable":"1","isVisible":"y"},{"fieldID":"0","uniquekey":"Employee_Code_One","key":"","value":"RAEI00001","colType":"","isEditable":"1","isVisible":"y"},{"fieldID":"0","uniquekey":"First_Level_of_Reporting_Name","key":"","value":"Prakash K","colType":"","isEditable":"1","isVisible":"y"},{"fieldID":"0","uniquekey":"Employee_Code_2","key":"","value":"RAEI00003","colType":"","isEditable":"1","isVisible":"y"},{"fieldID":"0","uniquekey":"Second_LevelofReportingName","key":"","value":"Samir C M","colType":"","isEditable":"1","isVisible":"y"},{"fieldID":"0","uniquekey":"UHID","key":"","value":"IL17898185400","colType":"","isEditable":"1","isVisible":"y"},{"fieldID":"0","uniquekey":"Official_Landline_No","key":"","value":"","colType":"","isEditable":"1","isVisible":"y"},{"fieldID":"0","uniquekey":"Second_Official_Landline_No","key":"","value":"","colType":"","isEditable":"1","isVisible":"y"},{"fieldID":"0","uniquekey":"Date_of_Joining","key":"","value":"2019-04-01","colType":"","isEditable":"1","isVisible":"y"},{"fieldID":"0","uniquekey":"Fk_Dept_ID","key":"","value":"1","colType":"","isEditable":"1","isVisible":"y"},{"fieldID":"0","uniquekey":"Fk_FunctionalRole_Id","key":"","value":"1","colType":"","isEditable":"1","isVisible":"y"},{"fieldID":"0","uniquekey":"fk_EntityName_id","key":"","value":"5","colType":"","isEditable":"1","isVisible":"y"},{"fieldID":"0","uniquekey":"fk_designation_id","key":"","value":"23","colType":"","isEditable":"1","isVisible":"y"},{"fieldID":"0","uniquekey":"department_Name","key":"","value":"Support Function","colType":"","isEditable":"1","isVisible":"y"},{"fieldID":"0","uniquekey":"functionalrole_Name","key":"","value":"Admin","colType":"","isEditable":"1","isVisible":"y"},{"fieldID":"0","uniquekey":"Entity_Name","key":"","value":"RAEI","colType":"","isEditable":"1","isVisible":"y"},{"fieldID":"0","uniquekey":"Designation_Name","key":"","value":"Office Assistant","colType":"","isEditable":"1","isVisible":"y"},{"fieldID":"0","uniquekey":"Employee_Code","key":"","value":"RAEI00012","colType":"","isEditable":"1","isVisible":"y"},{"fieldID":"0","uniquekey":"Branch_Id","key":"","value":"2","colType":"","isEditable":"1","isVisible":"y"},{"fieldID":"0","uniquekey":"Branch_Name","key":"","value":"Chennai","colType":"","isEditable":"1","isVisible":"y"}],"businessMemberDetails":[{"fieldID":"0","uniquekey":"member_buss_email","key":"Email","value":"","colType":"Email","isEditable":"1","isVisible":"y"},{"fieldID":"0","uniquekey":"businessPosition","key":"Designation","value":"","colType":"Text","isEditable":"1","isVisible":"y"},{"fieldID":"0","uniquekey":"BusinessName","key":"Business Name","value":"","colType":"Text","isEditable":"1","isVisible":"y"}],"familyMemberDetails":{"isVisible":"y","familyMemberDetail":[{"familyMemberId":"742","memberName":"Asmi Shah","relationship":"Spouse","dOB":"12/01/1962","emailID":"","anniversary":"07/02/2012","contactNo":"1 9821043501","particulars":"","bloodGroup":"B+ Ve"},{"familyMemberId":"744","memberName":"Rohan","relationship":"Child","dOB":"30/08/1990","emailID":"","anniversary":"","contactNo":"","particulars":"","bloodGroup":""},{"familyMemberId":"745","memberName":"Sneha","relationship":"Child","dOB":"31/08/1993","emailID":"","anniversary":"","contactNo":"","particulars":"","bloodGroup":""}]},"addressDetails":{"isResidanceAddrVisible":"y","isBusinessAddrVisible":"y","addressResult":[]}},{"masterID":"460","grpID":"1","profileID":"460","isAdmin":"yes","memberName":"Mr. Bhoopathi V","memberEmail":"-","memberMobile":"+91 9840915054","memberCountry":"India","profilePic":"","familyPic":null,"Branch_Id":"2","Branch_Name":"Chennai","isPersonalDetVisible":"yes","member_date_of_birth":null,"member_date_of_wedding":null,"personalMemberDetails":[{"fieldID":"0","uniquekey":"profileID","key":"","value":"460","colType":"","isEditable":"1","isVisible":"y"},{"fieldID":"0","uniquekey":"member_name","key":"Name","value":"Mr. Bhoopathi V","colType":"Text","isEditable":"1","isVisible":"y"},{"fieldID":"0","uniquekey":"memberMobile","key":"","value":"+91 9840915054","colType":"","isEditable":"1","isVisible":"y"},{"fieldID":"0","uniquekey":"member_email_id","key":"Email","value":"-","colType":"Email","isEditable":"1","isVisible":"y"},{"fieldID":"0","uniquekey":"member_date_of_birth","key":"Birthday","value":"","colType":"Date","isEditable":"1","isVisible":"y"},{"fieldID":"0","uniquekey":"member_date_of_wedding","key":"Anniversary","value":"","colType":"Date","isEditable":"1","isVisible":"y"},{"fieldID":"0","uniquekey":"Employee_Code_One","key":"","value":"RAEI00001","colType":"","isEditable":"1","isVisible":"y"},{"fieldID":"0","uniquekey":"First_Level_of_Reporting_Name","key":"","value":"Prakash K","colType":"","isEditable":"1","isVisible":"y"},{"fieldID":"0","uniquekey":"Employee_Code_2","key":"","value":"RAEI00003","colType":"","isEditable":"1","isVisible":"y"},{"fieldID":"0","uniquekey":"Second_LevelofReportingName","key":"","value":"Samir C M","colType":"","isEditable":"1","isVisible":"y"},{"fieldID":"0","uniquekey":"UHID","key":"","value":"IL17898182500","colType":"","isEditable":"1","isVisible":"y"},{"fieldID":"0","uniquekey":"Official_Landline_No","key":"","value":"04440191642","colType":"","isEditable":"1","isVisible":"y"},{"fieldID":"0","uniquekey":"Second_Official_Landline_No","key":"","value":"","colType":"","isEditable":"1","isVisible":"y"},{"fieldID":"0","uniquekey":"Date_of_Joining","key":"","value":"2019-04-01","colType":"","isEditable":"1","isVisible":"y"},{"fieldID":"0","uniquekey":"Fk_Dept_ID","key":"","value":"1","colType":"","isEditable":"1","isVisible":"y"},{"fieldID":"0","uniquekey":"Fk_FunctionalRole_Id","key":"","value":"1","colType":"","isEditable":"1","isVisible":"y"},{"fieldID":"0","uniquekey":"fk_EntityName_id","key":"","value":"5","colType":"","isEditable":"1","isVisible":"y"},{"fieldID":"0","uniquekey":"fk_designation_id","key":"","value":"23","colType":"","isEditable":"1","isVisible":"y"},{"fieldID":"0","uniquekey":"department_Name","key":"","value":"Support Function","colType":"","isEditable":"1","isVisible":"y"},{"fieldID":"0","uniquekey":"functionalrole_Name","key":"","value":"Admin","colType":"","isEditable":"1","isVisible":"y"},{"fieldID":"0","uniquekey":"Entity_Name","key":"","value":"RAEI","colType":"","isEditable":"1","isVisible":"y"},{"fieldID":"0","uniquekey":"Designation_Name","key":"","value":"Office Assistant","colType":"","isEditable":"1","isVisible":"y"},{"fieldID":"0","uniquekey":"Employee_Code","key":"","value":"RAEI00013","colType":"","isEditable":"1","isVisible":"y"},{"fieldID":"0","uniquekey":"Branch_Id","key":"","value":"2","colType":"","isEditable":"1","isVisible":"y"},{"fieldID":"0","uniquekey":"Branch_Name","key":"","value":"Chennai","colType":"","isEditable":"1","isVisible":"y"}],"businessMemberDetails":[{"fieldID":"0","uniquekey":"member_buss_email","key":"Email","value":"","colType":"Email","isEditable":"1","isVisible":"y"},{"fieldID":"0","uniquekey":"businessPosition","key":"Designation","value":"","colType":"Text","isEditable":"1","isVisible":"y"},{"fieldID":"0","uniquekey":"BusinessName","key":"Business Name","value":"","colType":"Text","isEditable":"1","isVisible":"y"}],"familyMemberDetails":{"isVisible":"y","familyMemberDetail":[{"familyMemberId":"746","memberName":"Anshul","relationship":"Child","dOB":"01/09/2013","emailID":"","anniversary":"","contactNo":"","particulars":"","bloodGroup":""},{"familyMemberId":"747","memberName":"Rishabh","relationship":"Child","dOB":"17/04/2013","emailID":"","anniversary":"","contactNo":"","particulars":"","bloodGroup":""}]},"addressDetails":{"isResidanceAddrVisible":"y","isBusinessAddrVisible":"y","addressResult":[]}}]}