{"MemberDetail":[{"masterID":"363","grpID":"1","profileID":"363","isAdmin":"yes","memberName":"Mr. Sandeep Mohan Bhosale","memberEmail":"sandeep@chakiat.net","memberMobile":"+91 9769109823","memberCountry":"India","profilePic":"","familyPic":null,"Branch_Id":"9","Branch_Name":"Mumbai","isPersonalDetVisible":"yes","member_date_of_birth":null,"member_date_of_wedding":null,"personalMemberDetails":[],"businessMemberDetails":[{"fieldID":"0","uniquekey":"member_buss_email","key":"Email","value":"","colType":"Email","isEditable":"1","isVisible":"y"},{"fieldID":"0","uniquekey":"businessPosition","key":"Designation","value":"","colType":"Text","isEditable":"1","isVisible":"y"},{"fieldID":"0","uniquekey":"BusinessName","key":"Business Name","value":"","colType":"Text","isEditable":"1","isVisible":"y"}],"familyMemberDetails":{"isVisible":"y","familyMemberDetail":[]},"addressDetails":{"isResidanceAddrVisible":"y","isBusinessAddrVisible":"y","addressResult":[]}},{"masterID":"366","grpID":"1","profileID":"366","isAdmin":"yes","memberName":"Mr. Samson Elenjikkal Thomas","memberEmail":"-","memberMobile":"+91 9846799400","memberCountry":"India","profilePic":"","familyPic":null,"Branch_Id":"4","Branch_Name":"Cochin","isPersonalDetVisible":"yes","member_date_of_birth":null,"member_date_of_wedding":null,"personalMemberDetails":[],"businessMemberDetails":[{"fieldID":"0","uniquekey":"member_buss_email","key":"Email","value":"","colType":"Email","isEditable":"1","isVisible":"y"},{"fieldID":"0","uniquekey":"businessPosition","key":"Designation","value":"","colType":"Text","isEditable":"1","isVisible":"y"},{"fieldID":"0","uniquekey":"BusinessName","key":"Business Name","value":"","colType":"Text","isEditable":"1","isVisible":"y"}],"familyMemberDetails":{"isVisible":"y","familyMemberDetail":[{"familyMemberId":"531","memberName":"Jyotsna","relationship":"Spouse","dOB":"22/10/2013","emailID":"","anniversary":"17/05/2012","contactNo":"","particulars":"","bloodGroup":""}]},"addressDetails":{"isResidanceAddrVisible":"y","isBusinessAddrVisible":"y","addressResult":[]}},{"masterID":"367","grpID":"1","profileID":"367","isAdmin":"yes","memberName":"Mr. Francis Brian","memberEmail":"-","memberMobile":"+91 9048058911","memberCountry":"India","profilePic":"","familyPic":null,"Branch_Id":"4","Branch_Name":"Cochin","isPersonalDetVisible":"yes","member_date_of_birth":null,"member_date_of_wedding":null,"personalMemberDetails":[],"businessMemberDetails":[{"fieldID":"0","uniquekey":"member_buss_email","key":"Email","value":"","colType":"Email","isEditable":"1","isVisible":"y"},{"fieldID":"0","uniquekey":"businessPosition","key":"Designation","value":"","colType":"Text","isEditable":"1","isVisible":"y"},{"fieldID":"0","uniquekey":"BusinessName","key":"Business Name","value":"","colType":"Text","isEditable":"1","isVisible":"y"}],"familyMemberDetails":{"isVisible":"y","familyMemberDetail":[{"familyMemberId":"533","memberName":"Neeta Doshi","relationship":"Spouse","dOB":"24/09/2013","emailID":"","anniversary":"23/11/1981","contactNo":"1 9819992553","particulars":"","bloodGroup":""},{"familyMemberId":"537","memberName":"Rashesh Doshi","relationship":"Son","dOB":"18/07/1983","emailID":"rasheshdoshi@tcmail.co.in","anniversary":"","contactNo":"1 9820522847","particulars":"","bloodGroup":"AB +ve"},{"familyMemberId":"538","memberName":"Anuvi Doshi","relationship":"Daughter","dOB":"15/09/1984","emailID":"","anniversary":"","contactNo":"","particulars":"","bloodGroup":"AB +ve"}]},"addressDetails":{"isResidanceAddrVisible":"y","isBusinessAddrVisible":"y","addressResult":[]}},{"masterID":"368","grpID":"1","profileID":"368","isAdmin":"yes","memberName":"Mr. Manesh V P","memberEmail":"-","memberMobile":"+91 9746236143","memberCountry":"India","profilePic":"","familyPic":null,"Branch_Id":"4","Branch_Name":"Cochin","isPersonalDetVisible":"yes","member_date_of_birth":null,"member_date_of_wedding":null,"personalMemberDetails":[],"businessMemberDetails":[{"fieldID":"0","uniquekey":"member_buss_email","key":"Email","value":"","colType":"Email","isEditable":"1","isVisible":"y"},{"fieldID":"0","uniquekey":"businessPosition","key":"Designation","value":"","colType":"Text","isEditable":"1","isVisible":"y"},{"fieldID":"0","uniquekey":"BusinessName","key":"Business Name","value":"","colType":"Text","isEditable":"1","isVisible":"y"}],"familyMemberDetails":{"isVisible":"y","familyMemberDetail":[{"familyMemberId":"534","memberName":"Mamta Malji","relationship":"Spouse","dOB":"12/12/2012","emailID":"","anniversary":"04/12/2012","contactNo":"1 9821061786","particulars":"NA","bloodGroup":"B+ Ve"},{"familyMemberId":"535","memberName":"Prachi Malji","relationship":"Child","dOB":"01/03/2012","emailID":"","anniversary":"00/00/0000","contactNo":"","particulars":"NA","bloodGroup":""},{"familyMemberId":"536","memberName":"Tanish Malji","relationship":"Child","dOB":"02/12/2012","emailID":"","anniversary":"00/00/0000","contactNo":"","particulars":"NA","bloodGroup":""}]},"addressDetails":{"isResidanceAddrVisible":"y","isBusinessAddrVisible":"y","addressResult":[]}},{"masterID":"369","grpID":"1","profileID":"369","isAdmin":"yes","memberName":"Mr. Kailasan M M","memberEmail":"-","memberMobile":"+91 9446313331","memberCountry":"India","profilePic":"","familyPic":null,"Branch_Id":"4","Branch_Name":"Cochin","isPersonalDetVisible":"yes","member_date_of_birth":null,"member_date_of_wedding":null,"personalMemberDetails":[],"businessMemberDetails":[{"fieldID":"0","uniquekey":"member_buss_email","key":"Email","value":"","colType":"Email","isEditable":"1","isVisible":"y"},{"fieldID":"0","uniquekey":"businessPosition","key":"Designation","value":"","colType":"Text","isEditable":"1","isVisible":"y"},{"fieldID":"0","uniquekey":"BusinessName","key":"Business Name","value":"","colType":"Text","isEditable":"1","isVisible":"y"}],"familyMemberDetails":{"isVisible":"y","familyMemberDetail":[{"familyMemberId":"541","memberName":"Surekha Shah","relationship":"Spouse","dOB":"30/05/2013","emailID":"","anniversary":"09/05/1977","contactNo":"1 9821802231","particulars":"","bloodGroup":"B+ Ve"},{"familyMemberId":"545","memberName":"Harshit Shah","relationship":"Child","dOB":"23/04/1988","emailID":"","anniversary":"","contactNo":"","particulars":"","bloodGroup":""},{"familyMemberId":"547","memberName":"Kinjal Shah ","relationship":"Child","dOB":"11/09/1979","emailID":"","anniversary":"","contactNo":"","particulars":"","bloodGroup":""},{"familyMemberId":"549","memberName":"Riddhi Shah","relationship":"Child","dOB":"07/10/1981","emailID":"","anniversary":"","contactNo":"","particulars":"","bloodGroup":""}]},"addressDetails":{"isResidanceAddrVisible":"y","isBusinessAddrVisible":"y","addressResult":[]}},{"masterID":"372","grpID":"1","profileID":"372","isAdmin":"yes","memberName":"Mr. Varun P S","memberEmail":"-","memberMobile":"+91 7560837185","memberCountry":"India","profilePic":"","familyPic":null,"Branch_Id":"4","Branch_Name":"Cochin","isPersonalDetVisible":"yes","member_date_of_birth":null,"member_date_of_wedding":null,"personalMemberDetails":[],"businessMemberDetails":[{"fieldID":"0","uniquekey":"member_buss_email","key":"Email","value":"","colType":"Email","isEditable":"1","isVisible":"y"},{"fieldID":"0","uniquekey":"businessPosition","key":"Designation","value":"","colType":"Text","isEditable":"1","isVisible":"y"},{"fieldID":"0","uniquekey":"BusinessName","key":"Business Name","value":"","colType":"Text","isEditable":"1","isVisible":"y"}],"familyMemberDetails":{"isVisible":"y","familyMemberDetail":[{"familyMemberId":"544","memberName":"Tasneem","relationship":"Spouse","dOB":"03/03/2013","emailID":"","anniversary":"14/02/2012","contactNo":"1 9821468001","particulars":"","bloodGroup":""},{"familyMemberId":"546","memberName":"Jumana","relationship":"Child","dOB":"03/06/2013","emailID":"","anniversary":"","contactNo":"","particulars":"","bloodGroup":""}]},"addressDetails":{"isResidanceAddrVisible":"y","isBusinessAddrVisible":"y","addressResult":[]}},{"masterID":"373","grpID":"1","profileID":"373","isAdmin":"yes","memberName":"Mr. B Ajith","memberEmail":"ajith@chakiat.net","memberMobile":"+91 9645990070","memberCountry":"India","profilePic":"","familyPic":null,"Branch_Id":"4","Branch_Name":"Cochin","isPersonalDetVisible":"yes","member_date_of_birth":null,"member_date_of_wedding":null,"personalMemberDetails":[],"businessMemberDetails":[{"fieldID":"0","uniquekey":"member_buss_email","key":"Email","value":"","colType":"Email","isEditable":"1","isVisible":"y"},{"fieldID":"0","uniquekey":"businessPosition","key":"Designation","value":"","colType":"Text","isEditable":"1","isVisible":"y"},{"fieldID":"0","uniquekey":"BusinessName","key":"Business Name","value":"","colType":"Text","isEditable":"1","isVisible":"y"}],"familyMemberDetails":{"isVisible":"y","familyMemberDetail":[{"familyMemberId":"550","memberName":"SALIM KACHWALLA","relationship":"Spouse","dOB":"30/01/2012","emailID":"","anniversary":"04/06/2012","contactNo":"1 9820052652","particulars":"","bloodGroup":""}]},"addressDetails":{"isResidanceAddrVisible":"y","isBusinessAddrVisible":"y","addressResult":[]}},{"masterID":"380","grpID":"1","profileID":"380","isAdmin":"yes","memberName":"Mr. Ramachandran S","memberEmail":"ramsubbu@chakiat.net","memberMobile":"","memberCountry":"India","profilePic":"","familyPic":null,"Branch_Id":"2","Branch_Name":"Chennai","isPersonalDetVisible":"yes","member_date_of_birth":null,"member_date_of_wedding":null,"personalMemberDetails":[],"businessMemberDetails":[{"fieldID":"0","uniquekey":"member_buss_email","key":"Email","value":"","colType":"Email","isEditable":"1","isVisible":"y"},{"fieldID":"0","uniquekey":"businessPosition","key":"Designation","value":"","colType":"Text","isEditable":"1","isVisible":"y"},{"fieldID":"0","uniquekey":"BusinessName","key":"Business Name","value":"","colType":"Text","isEditable":"1","isVisible":"y"}],"familyMemberDetails":{"isVisible":"y","familyMemberDetail":[{"familyMemberId":"562","memberName":"Seema","relationship":"Spouse","dOB":"01/08/2013","emailID":"","anniversary":"01/12/2012","contactNo":"1 9870406779","particulars":"","bloodGroup":"B+ Ve"},{"familyMemberId":"563","memberName":"Dhruv","relationship":"Child","dOB":"25/02/1994","emailID":"","anniversary":"","contactNo":"","particulars":"","bloodGroup":""},{"familyMemberId":"564","memberName":"Radhika","relationship":"Child","dOB":"23/11/1996","emailID":"","anniversary":"","contactNo":"","particulars":"","bloodGroup":""}]},"addressDetails":{"isResidanceAddrVisible":"y","isBusinessAddrVisible":"y","addressResult":[]}},{"masterID":"381","grpID":"1","profileID":"381","isAdmin":"yes","memberName":"Mr. Ranjith Mathew","memberEmail":"-","memberMobile":"+91 9495408361","memberCountry":"India","profilePic":"","familyPic":null,"Branch_Id":"4","Branch_Name":"Cochin","isPersonalDetVisible":"yes","member_date_of_birth":null,"member_date_of_wedding":null,"personalMemberDetails":[],"businessMemberDetails":[{"fieldID":"0","uniquekey":"member_buss_email","key":"Email","value":"","colType":"Email","isEditable":"1","isVisible":"y"},{"fieldID":"0","uniquekey":"businessPosition","key":"Designation","value":"","colType":"Text","isEditable":"1","isVisible":"y"},{"fieldID":"0","uniquekey":"BusinessName","key":"Business Name","value":"","colType":"Text","isEditable":"1","isVisible":"y"}],"familyMemberDetails":{"isVisible":"y","familyMemberDetail":[{"familyMemberId":"565","memberName":"Ila Pancholi","relationship":"Spouse","dOB":"11/07/1958","emailID":"","anniversary":"22/12/1977","contactNo":"1 9819845820","particulars":"","bloodGroup":"A+ Ve"},{"familyMemberId":"566","memberName":"Janki Pancholi","relationship":"Child","dOB":"29/10/1980","emailID":"","anniversary":"","contactNo":"","particulars":"","bloodGroup":""},{"familyMemberId":"567","memberName":"Radha Pancholi","relationship":"Child","dOB":"22/10/1981","emailID":"","anniversary":"","contactNo":"","particulars":"","bloodGroup":""}]},"addressDetails":{"isResidanceAddrVisible":"y","isBusinessAddrVisible":"y","addressResult":[]}},{"masterID":"383","grpID":"1","profileID":"383","isAdmin":"yes","memberName":"Mr. Namdeo M Chavan","memberEmail":"namdeo@chakiat.net","memberMobile":"+91 8657586765","memberCountry":"India","profilePic":"","familyPic":null,"Branch_Id":"9","Branch_Name":"Mumbai","isPersonalDetVisible":"yes","member_date_of_birth":null,"member_date_of_wedding":null,"personalMemberDetails":[],"businessMemberDetails":[{"fieldID":"0","uniquekey":"member_buss_email","key":"Email","value":"","colType":"Email","isEditable":"1","isVisible":"y"},{"fieldID":"0","uniquekey":"businessPosition","key":"Designation","value":"","colType":"Text","isEditable":"1","isVisible":"y"},{"fieldID":"0","uniquekey":"BusinessName","key":"Business Name","value":"","colType":"Text","isEditable":"1","isVisible":"y"}],"familyMemberDetails":{"isVisible":"y","familyMemberDetail":[{"familyMemberId":"570","memberName":"Phool","relationship":"Child","dOB":"11/01/2013","emailID":"","anniversary":"","contactNo":"1 9820729693","particulars":"","bloodGroup":""}]},"addressDetails":{"isResidanceAddrVisible":"y","isBusinessAddrVisible":"y","addressResult":[]}}]}