{"MemberDetail":[{"masterID":"254","grpID":"1","profileID":"254","isAdmin":"yes","memberName":"Mr. Udaya Kumar N","memberEmail":"udayakumar@chakiat.net","memberMobile":"+91 9980140985","memberCountry":"India","profilePic":"","familyPic":null,"Branch_Id":"1","Branch_Name":"Bangalore","isPersonalDetVisible":"yes","member_date_of_birth":null,"member_date_of_wedding":null,"personalMemberDetails":[],"businessMemberDetails":[{"fieldID":"0","uniquekey":"member_buss_email","key":"Email","value":"","colType":"Email","isEditable":"1","isVisible":"y"},{"fieldID":"0","uniquekey":"businessPosition","key":"Designation","value":"","colType":"Text","isEditable":"1","isVisible":"y"},{"fieldID":"0","uniquekey":"BusinessName","key":"Business Name","value":"","colType":"Text","isEditable":"1","isVisible":"y"}],"familyMemberDetails":{"isVisible":"y","familyMemberDetail":[{"familyMemberId":"310","memberName":"ASHA KANODIA","relationship":"Spouse","dOB":"16/11/2012","emailID":"","anniversary":"19/11/2012","contactNo":"1 9821086020","particulars":"","bloodGroup":""}]},"addressDetails":{"isResidanceAddrVisible":"y","isBusinessAddrVisible":"y","addressResult":[]}},{"masterID":"255","grpID":"1","profileID":"255","isAdmin":"yes","memberName":"Mr. Rajesh V N","memberEmail":"rajesh_narayanan@chakiat.net","memberMobile":"+91 8589034261","memberCountry":"India","profilePic":"","familyPic":null,"Branch_Id":"4","Branch_Name":"Cochin","isPersonalDetVisible":"yes","member_date_of_birth":null,"member_date_of_wedding":null,"personalMemberDetails":[],"businessMemberDetails":[{"fieldID":"0","uniquekey":"member_buss_email","key":"Email","value":"","colType":"Email","isEditable":"1","isVisible":"y"},{"fieldID":"0","uniquekey":"businessPosition","key":"Designation","value":"","colType":"Text","isEditable":"1","isVisible":"y"},{"fieldID":"0","uniquekey":"BusinessName","key":"Business Name","value":"","colType":"Text","isEditable":"1","isVisible":"y"}],"familyMemberDetails":{"isVisible":"y","familyMemberDetail":[]},"addressDetails":{"isResidanceAddrVisible":"y","isBusinessAddrVisible":"y","addressResult":[]}},{"masterID":"257","grpID":"1","profileID":"257","isAdmin":"yes","memberName":"Mr. Saju P M","memberEmail":"saju@chakiat.net","memberMobile":"+91 8589034262","memberCountry":"India","profilePic":"","familyPic":null,"Branch_Id":"4","Branch_Name":"Cochin","isPersonalDetVisible":"yes","member_date_of_birth":null,"member_date_of_wedding":null,"personalMemberDetails":[],"businessMemberDetails":[{"fieldID":"0","uniquekey":"member_buss_email","key":"Email","value":"","colType":"Email","isEditable":"1","isVisible":"y"},{"fieldID":"0","uniquekey":"businessPosition","key":"Designation","value":"","colType":"Text","isEditable":"1","isVisible":"y"},{"fieldID":"0","uniquekey":"BusinessName","key":"Business Name","value":"","colType":"Text","isEditable":"1","isVisible":"y"}],"familyMemberDetails":{"isVisible":"y","familyMemberDetail":[{"familyMemberId":"316","memberName":"Gunita","relationship":"Spouse","dOB":"17/10/2013","emailID":"","anniversary":"26/12/2012","contactNo":"1 9820185351","particulars":"NA","bloodGroup":"A+ Ve"},{"familyMemberId":"319","memberName":"Mehak","relationship":"Child","dOB":"21/03/2002","emailID":"","anniversary":"","contactNo":"","particulars":"NA","bloodGroup":""},{"familyMemberId":"1499","memberName":"SIDHANT","relationship":"Child","dOB":"08/04/2012","emailID":"","anniversary":"","contactNo":"","particulars":"NA","bloodGroup":""}]},"addressDetails":{"isResidanceAddrVisible":"y","isBusinessAddrVisible":"y","addressResult":[]}},{"masterID":"258","grpID":"1","profileID":"258","isAdmin":"yes","memberName":"Mr. Pandurangan K","memberEmail":"pandurangan@chakiat.net","memberMobile":"+91 9748443080","memberCountry":"India","profilePic":"","familyPic":null,"Branch_Id":"8","Branch_Name":"Kolkata","isPersonalDetVisible":"yes","member_date_of_birth":null,"member_date_of_wedding":null,"personalMemberDetails":[],"businessMemberDetails":[{"fieldID":"0","uniquekey":"member_buss_email","key":"Email","value":"","colType":"Email","isEditable":"1","isVisible":"y"},{"fieldID":"0","uniquekey":"businessPosition","key":"Designation","value":"","colType":"Text","isEditable":"1","isVisible":"y"},{"fieldID":"0","uniquekey":"BusinessName","key":"Business Name","value":"","colType":"Text","isEditable":"1","isVisible":"y"}],"familyMemberDetails":{"isVisible":"y","familyMemberDetail":[{"familyMemberId":"317","memberName":"DARSHANA THACKER","relationship":"Spouse","dOB":"04/06/2012","emailID":"","anniversary":"19/02/2012","contactNo":"1 9819904064","particulars":"","bloodGroup":""}]},"addressDetails":{"isResidanceAddrVisible":"y","isBusinessAddrVisible":"y","addressResult":[]}},{"masterID":"260","grpID":"1","profileID":"260","isAdmin":"yes","memberName":"Mr. Manesh Pai S","memberEmail":"manesh@chakiat.net","memberMobile":"+91 7358792930","memberCountry":"India","profilePic":"","familyPic":null,"Branch_Id":"2","Branch_Name":"Chennai","isPersonalDetVisible":"yes","member_date_of_birth":null,"member_date_of_wedding":null,"personalMemberDetails":[],"businessMemberDetails":[{"fieldID":"0","uniquekey":"member_buss_email","key":"Email","value":"","colType":"Email","isEditable":"1","isVisible":"y"},{"fieldID":"0","uniquekey":"businessPosition","key":"Designation","value":"","colType":"Text","isEditable":"1","isVisible":"y"},{"fieldID":"0","uniquekey":"BusinessName","key":"Business Name","value":"","colType":"Text","isEditable":"1","isVisible":"y"}],"familyMemberDetails":{"isVisible":"y","familyMemberDetail":[]},"addressDetails":{"isResidanceAddrVisible":"y","isBusinessAddrVisible":"y","addressResult":[]}},{"masterID":"261","grpID":"1","profileID":"261","isAdmin":"yes","memberName":"Mr. Amit Dhar","memberEmail":"amitdhar@chakiat.net","memberMobile":"","memberCountry":"India","profilePic":"","familyPic":null,"Branch_Id":"8","Branch_Name":"Kolkata","isPersonalDetVisible":"yes","member_date_of_birth":null,"member_date_of_wedding":null,"personalMemberDetails":[],"businessMemberDetails":[{"fieldID":"0","uniquekey":"member_buss_email","key":"Email","value":"","colType":"Email","isEditable":"1","isVisible":"y"},{"fieldID":"0","uniquekey":"businessPosition","key":"Designation","value":"","colType":"Text","isEditable":"1","isVisible":"y"},{"fieldID":"0","uniquekey":"BusinessName","key":"Business Name","value":"","colType":"Text","isEditable":"1","isVisible":"y"}],"familyMemberDetails":{"isVisible":"y","familyMemberDetail":[]},"addressDetails":{"isResidanceAddrVisible":"y","isBusinessAddrVisible":"y","addressResult":[]}},{"masterID":"262","grpID":"1","profileID":"262","isAdmin":"yes","memberName":"Mr. Allwin Sam Jebadurai P","memberEmail":"allwin@chakiat.net","memberMobile":"+91 7598677495","memberCountry":"India","profilePic":"","familyPic":null,"Branch_Id":"3","Branch_Name":"Tuticorin","isPersonalDetVisible":"yes","member_date_of_birth":null,"member_date_of_wedding":null,"personalMemberDetails":[],"businessMemberDetails":[{"fieldID":"0","uniquekey":"member_buss_email","key":"Email","value":"","colType":"Email","isEditable":"1","isVisible":"y"},{"fieldID":"0","uniquekey":"businessPosition","key":"Designation","value":"","colType":"Text","isEditable":"1","isVisible":"y"},{"fieldID":"0","uniquekey":"BusinessName","key":"Business Name","value":"","colType":"Text","isEditable":"1","isVisible":"y"}],"familyMemberDetails":{"isVisible":"y","familyMemberDetail":[{"familyMemberId":"327","memberName":"Rajeshree","relationship":"Spouse","dOB":"04/07/2013","emailID":"","anniversary":"02/01/2012","contactNo":"1 9820233875","particulars":"","bloodGroup":""},{"familyMemberId":"328","memberName":"Keiya","relationship":"Child","dOB":"17/11/2013","emailID":"","anniversary":"","contactNo":"","particulars":"","bloodGroup":""}]},"addressDetails":{"isResidanceAddrVisible":"y","isBusinessAddrVisible":"y","addressResult":[]}},{"masterID":"264","grpID":"1","profileID":"264","isAdmin":"yes","memberName":"Mr. Ramakrishnan M","memberEmail":"ramki@chakiat.net","memberMobile":"+91 8098664702","memberCountry":"India","profilePic":"","familyPic":null,"Branch_Id":"3","Branch_Name":"Tuticorin","isPersonalDetVisible":"yes","member_date_of_birth":null,"member_date_of_wedding":null,"personalMemberDetails":[],"businessMemberDetails":[{"fieldID":"0","uniquekey":"member_buss_email","key":"Email","value":"","colType":"Email","isEditable":"1","isVisible":"y"},{"fieldID":"0","uniquekey":"businessPosition","key":"Designation","value":"","colType":"Text","isEditable":"1","isVisible":"y"},{"fieldID":"0","uniquekey":"BusinessName","key":"Business Name","value":"","colType":"Text","isEditable":"1","isVisible":"y"}],"familyMemberDetails":{"isVisible":"y","familyMemberDetail":[{"familyMemberId":"329","memberName":"Deepa","relationship":"Spouse","dOB":"08/06/2013","emailID":"","anniversary":"10/02/2012","contactNo":"1 9820218423","particulars":"","bloodGroup":""},{"familyMemberId":"331","memberName":"Krish","relationship":"Child","dOB":"15/06/1999","emailID":"","anniversary":"","contactNo":"","particulars":"","bloodGroup":""}]},"addressDetails":{"isResidanceAddrVisible":"y","isBusinessAddrVisible":"y","addressResult":[]}},{"masterID":"266","grpID":"1","profileID":"266","isAdmin":"yes","memberName":"Mr. Rangan Choudhury","memberEmail":"rangan@chakiat.net","memberMobile":"+91 9748443083","memberCountry":"India","profilePic":"","familyPic":null,"Branch_Id":"8","Branch_Name":"Kolkata","isPersonalDetVisible":"yes","member_date_of_birth":null,"member_date_of_wedding":null,"personalMemberDetails":[],"businessMemberDetails":[{"fieldID":"0","uniquekey":"member_buss_email","key":"Email","value":"","colType":"Email","isEditable":"1","isVisible":"y"},{"fieldID":"0","uniquekey":"businessPosition","key":"Designation","value":"","colType":"Text","isEditable":"1","isVisible":"y"},{"fieldID":"0","uniquekey":"BusinessName","key":"Business Name","value":"","colType":"Text","isEditable":"1","isVisible":"y"}],"familyMemberDetails":{"isVisible":"y","familyMemberDetail":[{"familyMemberId":"332","memberName":"Neeta","relationship":"Spouse","dOB":"14/10/2013","emailID":"","anniversary":"01/02/2012","contactNo":"1 9821473354","particulars":"","bloodGroup":"O+"},{"familyMemberId":"333","memberName":"Aashnee","relationship":"Child","dOB":"07/02/1993","emailID":"","anniversary":"","contactNo":"","particulars":"","bloodGroup":""}]},"addressDetails":{"isResidanceAddrVisible":"y","isBusinessAddrVisible":"y","addressResult":[]}},{"masterID":"272","grpID":"1","profileID":"272","isAdmin":"yes","memberName":"Mr. Satheesh Kumar S","memberEmail":"satheesh_tuty@chakiat.net","memberMobile":"+91 7094970701","memberCountry":"India","profilePic":"","familyPic":null,"Branch_Id":"3","Branch_Name":"Tuticorin","isPersonalDetVisible":"yes","member_date_of_birth":null,"member_date_of_wedding":null,"personalMemberDetails":[],"businessMemberDetails":[{"fieldID":"0","uniquekey":"member_buss_email","key":"Email","value":"","colType":"Email","isEditable":"1","isVisible":"y"},{"fieldID":"0","uniquekey":"businessPosition","key":"Designation","value":"","colType":"Text","isEditable":"1","isVisible":"y"},{"fieldID":"0","uniquekey":"BusinessName","key":"Business Name","value":"","colType":"Text","isEditable":"1","isVisible":"y"}],"familyMemberDetails":{"isVisible":"y","familyMemberDetail":[{"familyMemberId":"337","memberName":"Karishma","relationship":"Spouse","dOB":"29/12/2013","emailID":"","anniversary":"16/12/2012","contactNo":"","particulars":"","bloodGroup":"B+ Ve"},{"familyMemberId":"338","memberName":"Aakash","relationship":"Child","dOB":"27/09/1996","emailID":"","anniversary":"","contactNo":"","particulars":"","bloodGroup":""},{"familyMemberId":"339","memberName":"Esha","relationship":"Child","dOB":"25/01/2001","emailID":"","anniversary":"","contactNo":"","particulars":"","bloodGroup":""}]},"addressDetails":{"isResidanceAddrVisible":"y","isBusinessAddrVisible":"y","addressResult":[]}}]}