{"MemberDetail":[{"masterID":"63","grpID":"1","profileID":"63","isAdmin":"yes","memberName":"Mr. Karumaran P","memberEmail":"karumaran@chakiat.net","memberMobile":"+91 9790931770","memberCountry":"India","profilePic":"","familyPic":null,"Branch_Id":"2","Branch_Name":"Chennai","isPersonalDetVisible":"yes","member_date_of_birth":null,"member_date_of_wedding":null,"personalMemberDetails":[],"businessMemberDetails":[{"fieldID":"0","uniquekey":"member_buss_email","key":"Email","value":"","colType":"Email","isEditable":"1","isVisible":"y"},{"fieldID":"0","uniquekey":"businessPosition","key":"Designation","value":"","colType":"Text","isEditable":"1","isVisible":"y"},{"fieldID":"0","uniquekey":"BusinessName","key":"Business Name","value":"","colType":"Text","isEditable":"1","isVisible":"y"}],"familyMemberDetails":{"isVisible":"y","familyMemberDetail":[{"familyMemberId":"118","memberName":"MANISHA CHAVAN","relationship":"Spouse","dOB":"30/10/2012","emailID":"","anniversary":"15/06/2012","contactNo":"1 9819162279","particulars":"","bloodGroup":""},{"familyMemberId":"33589","memberName":"ROMIT CHAVAN","relationship":"Son","dOB":"30/06/2012","emailID":"","anniversary":"","contactNo":"","particulars":"","bloodGroup":""}]},"addressDetails":{"isResidanceAddrVisible":"y","isBusinessAddrVisible":"y","addressResult":[]}},{"masterID":"70","grpID":"1","profileID":"70","isAdmin":"yes","memberName":"Mr. Ponsamuel J","memberEmail":"sam@chakiat.net","memberMobile":"+91 9944472606","memberCountry":"India","profilePic":"","familyPic":null,"Branch_Id":"3","Branch_Name":"Tuticorin","isPersonalDetVisible":"yes","member_date_of_birth":null,"member_date_of_wedding":null,"personalMemberDetails":[],"businessMemberDetails":[{"fieldID":"0","uniquekey":"member_buss_email","key":"Email","value":"","colType":"Email","isEditable":"1","isVisible":"y"},{"fieldID":"0","uniquekey":"businessPosition","key":"Designation","value":"","colType":"Text","isEditable":"1","isVisible":"y"},{"fieldID":"0","uniquekey":"BusinessName","key":"Business Name","value":"","colType":"Text","isEditable":"1","isVisible":"y"}],"familyMemberDetails":{"isVisible":"y","familyMemberDetail":[{"familyMemberId":"82","memberName":"RAJANI HANDA","relationship":"Spouse","dOB":"14/05/2012","emailID":"","anniversary":"17/01/2012","contactNo":"1 9819489216","particulars":"","bloodGroup":"B+ Ve"}]},"addressDetails":{"isResidanceAddrVisible":"y","isBusinessAddrVisible":"y","addressResult":[]}},{"masterID":"73","grpID":"1","profileID":"73","isAdmin":"yes","memberName":"Mr. Solomon V B","memberEmail":"-","memberMobile":"+91 9946109774","memberCountry":"India","profilePic":"","familyPic":null,"Branch_Id":"4","Branch_Name":"Cochin","isPersonalDetVisible":"yes","member_date_of_birth":null,"member_date_of_wedding":null,"personalMemberDetails":[],"businessMemberDetails":[{"fieldID":"0","uniquekey":"member_buss_email","key":"Email","value":"","colType":"Email","isEditable":"1","isVisible":"y"},{"fieldID":"0","uniquekey":"businessPosition","key":"Designation","value":"","colType":"Text","isEditable":"1","isVisible":"y"},{"fieldID":"0","uniquekey":"BusinessName","key":"Business Name","value":"","colType":"Text","isEditable":"1","isVisible":"y"}],"familyMemberDetails":{"isVisible":"y","familyMemberDetail":[{"familyMemberId":"6905","memberName":"Amisha A. Kothari","relationship":"Spouse","dOB":"10/02/1960","emailID":"","anniversary":"10/01/2012","contactNo":"","particulars":"","bloodGroup":""},{"familyMemberId":"6906","memberName":"Jarna A. Kothari","relationship":"Child","dOB":"13/04/1985","emailID":"","anniversary":"00/00/0000","contactNo":"","particulars":"","bloodGroup":""},{"familyMemberId":"6907","memberName":"Sheela A. Kothari","relationship":"Child","dOB":"09/11/1989","emailID":"","anniversary":"00/00/0000","contactNo":"","particulars":"","bloodGroup":""}]},"addressDetails":{"isResidanceAddrVisible":"y","isBusinessAddrVisible":"y","addressResult":[]}},{"masterID":"78","grpID":"1","profileID":"78","isAdmin":"yes","memberName":"Mr. Alwin Freddy A","memberEmail":"forwarding_blr@chakiat.net","memberMobile":"+91 9980622804","memberCountry":"India","profilePic":"","familyPic":null,"Branch_Id":"1","Branch_Name":"Bangalore","isPersonalDetVisible":"yes","member_date_of_birth":null,"member_date_of_wedding":null,"personalMemberDetails":[],"businessMemberDetails":[{"fieldID":"0","uniquekey":"member_buss_email","key":"Email","value":"","colType":"Email","isEditable":"1","isVisible":"y"},{"fieldID":"0","uniquekey":"businessPosition","key":"Designation","value":"","colType":"Text","isEditable":"1","isVisible":"y"},{"fieldID":"0","uniquekey":"BusinessName","key":"Business Name","value":"","colType":"Text","isEditable":"1","isVisible":"y"}],"familyMemberDetails":{"isVisible":"y","familyMemberDetail":[]},"addressDetails":{"isResidanceAddrVisible":"y","isBusinessAddrVisible":"y","addressResult":[]}},{"masterID":"79","grpID":"1","profileID":"79","isAdmin":"yes","memberName":"Mr. Mutyala Raju D","memberEmail":"dmraju@chakiat.net","memberMobile":"+91 9666600104","memberCountry":"India","profilePic":"","familyPic":null,"Branch_Id":"10","Branch_Name":"Vizag","isPersonalDetVisible":"yes","member_date_of_birth":null,"member_date_of_wedding":null,"personalMemberDetails":[],"businessMemberDetails":[{"fieldID":"0","uniquekey":"member_buss_email","key":"Email","value":"","colType":"Email","isEditable":"1","isVisible":"y"},{"fieldID":"0","uniquekey":"businessPosition","key":"Designation","value":"","colType":"Text","isEditable":"1","isVisible":"y"},{"fieldID":"0","uniquekey":"BusinessName","key":"Business Name","value":"","colType":"Text","isEditable":"1","isVisible":"y"}],"familyMemberDetails":{"isVisible":"y","familyMemberDetail":[{"familyMemberId":"7015","memberName":"Bhagya Lakshmi","relationship":"Spouse","dOB":"","emailID":"","anniversary":"","contactNo":"1 9844188382","particulars":"","bloodGroup":""},{"familyMemberId":"7016","memberName":"Tejus","relationship":"Child","dOB":"19/08/2013","emailID":"","anniversary":"","contactNo":"","particulars":"","bloodGroup":""}]},"addressDetails":{"isResidanceAddrVisible":"y","isBusinessAddrVisible":"y","addressResult":[]}},{"masterID":"80","grpID":"1","profileID":"80","isAdmin":"yes","memberName":"Mr. Rajesh R","memberEmail":"rajeshhosur@chakiat.net","memberMobile":"+91 9952960621","memberCountry":"India","profilePic":"","familyPic":null,"Branch_Id":"2","Branch_Name":"Chennai","isPersonalDetVisible":"yes","member_date_of_birth":null,"member_date_of_wedding":null,"personalMemberDetails":[],"businessMemberDetails":[{"fieldID":"0","uniquekey":"member_buss_email","key":"Email","value":"","colType":"Email","isEditable":"1","isVisible":"y"},{"fieldID":"0","uniquekey":"businessPosition","key":"Designation","value":"","colType":"Text","isEditable":"1","isVisible":"y"},{"fieldID":"0","uniquekey":"BusinessName","key":"Business Name","value":"","colType":"Text","isEditable":"1","isVisible":"y"}],"familyMemberDetails":{"isVisible":"y","familyMemberDetail":[{"familyMemberId":"6992","memberName":"Surya","relationship":"Spouse","dOB":"02/04/1952","emailID":"suryasriramt@gmail.com","anniversary":"30/06/1972","contactNo":"1 9986644490","particulars":"NA","bloodGroup":""},{"familyMemberId":"6995","memberName":"Sumathi","relationship":"Daughter","dOB":"07/10/1973","emailID":"sumadhav@gmail.com","anniversary":"22/12/1996","contactNo":"","particulars":"NA","bloodGroup":""},{"familyMemberId":"6996","memberName":"Ashwini\t","relationship":"Daughter","dOB":"20/08/1976","emailID":"ashwini.uday@gmail.com","anniversary":"27/02/2002","contactNo":"","particulars":"NA","bloodGroup":""},{"familyMemberId":"68681","memberName":"Vijay Tadimalla","relationship":"Son","dOB":"18/07/1980","emailID":"vijay@tsmt.in","anniversary":"23/06/2005","contactNo":"1 9980625298","particulars":"NA","bloodGroup":""},{"familyMemberId":"68682","memberName":"Vikram Tadimalla","relationship":"Son","dOB":"18/07/1980","emailID":"vikramtadimalla@gmail.com","anniversary":"","contactNo":"3 9196568689","particulars":"NA","bloodGroup":""}]},"addressDetails":{"isResidanceAddrVisible":"y","isBusinessAddrVisible":"y","addressResult":[]}},{"masterID":"86","grpID":"1","profileID":"86","isAdmin":"yes","memberName":"Mr. Karthikeyan K","memberEmail":"karthikeyan@chakiat.net","memberMobile":"+91 9600069829","memberCountry":"India","profilePic":"","familyPic":null,"Branch_Id":"2","Branch_Name":"Chennai","isPersonalDetVisible":"yes","member_date_of_birth":null,"member_date_of_wedding":null,"personalMemberDetails":[],"businessMemberDetails":[{"fieldID":"0","uniquekey":"member_buss_email","key":"Email","value":"","colType":"Email","isEditable":"1","isVisible":"y"},{"fieldID":"0","uniquekey":"businessPosition","key":"Designation","value":"","colType":"Text","isEditable":"1","isVisible":"y"},{"fieldID":"0","uniquekey":"BusinessName","key":"Business Name","value":"","colType":"Text","isEditable":"1","isVisible":"y"}],"familyMemberDetails":{"isVisible":"y","familyMemberDetail":[{"familyMemberId":"6986","memberName":"Anitha S. Pobbathi","relationship":"Spouse","dOB":"21/09/1971","emailID":"pobbathiagencies27@gmail.com","anniversary":"","contactNo":"1 9945849429","particulars":"","bloodGroup":"A +ve"},{"familyMemberId":"6987","memberName":"Ananditha","relationship":"Daughter","dOB":"10/10/1992","emailID":"","anniversary":"","contactNo":"1 9900241096","particulars":"","bloodGroup":"O +ve"},{"familyMemberId":"6988","memberName":"Harismitha","relationship":"Daughter","dOB":"05/09/1999","emailID":"","anniversary":"","contactNo":"1 9535398824","particulars":"","bloodGroup":"A +ve"}]},"addressDetails":{"isResidanceAddrVisible":"y","isBusinessAddrVisible":"y","addressResult":[]}},{"masterID":"87","grpID":"1","profileID":"87","isAdmin":"yes","memberName":"Ms. Namrata S Gangan","memberEmail":"namrata@chakiat.net","memberMobile":"+91 9167034673","memberCountry":"India","profilePic":"","familyPic":null,"Branch_Id":"9","Branch_Name":"Mumbai","isPersonalDetVisible":"yes","member_date_of_birth":null,"member_date_of_wedding":null,"personalMemberDetails":[],"businessMemberDetails":[{"fieldID":"0","uniquekey":"member_buss_email","key":"Email","value":"","colType":"Email","isEditable":"1","isVisible":"y"},{"fieldID":"0","uniquekey":"businessPosition","key":"Designation","value":"","colType":"Text","isEditable":"1","isVisible":"y"},{"fieldID":"0","uniquekey":"BusinessName","key":"Business Name","value":"","colType":"Text","isEditable":"1","isVisible":"y"}],"familyMemberDetails":{"isVisible":"y","familyMemberDetail":[{"familyMemberId":"6974","memberName":"Saloni s. Raja","relationship":"Spouse","dOB":"","emailID":"","anniversary":"","contactNo":"","particulars":"","bloodGroup":""},{"familyMemberId":"6975","memberName":"Rishabh","relationship":"Child","dOB":"25/08/2013","emailID":"","anniversary":"","contactNo":"","particulars":"","bloodGroup":""},{"familyMemberId":"6976","memberName":"Mohit","relationship":"Child","dOB":"10/07/2013","emailID":"","anniversary":"","contactNo":"","particulars":"","bloodGroup":""}]},"addressDetails":{"isResidanceAddrVisible":"y","isBusinessAddrVisible":"y","addressResult":[]}},{"masterID":"91","grpID":"1","profileID":"91","isAdmin":"yes","memberName":"Mr. Joshy M R","memberEmail":"joshy@chakiat.net","memberMobile":"+91 9745500280","memberCountry":"India","profilePic":"","familyPic":null,"Branch_Id":"4","Branch_Name":"Cochin","isPersonalDetVisible":"yes","member_date_of_birth":null,"member_date_of_wedding":null,"personalMemberDetails":[],"businessMemberDetails":[{"fieldID":"0","uniquekey":"member_buss_email","key":"Email","value":"","colType":"Email","isEditable":"1","isVisible":"y"},{"fieldID":"0","uniquekey":"businessPosition","key":"Designation","value":"","colType":"Text","isEditable":"1","isVisible":"y"},{"fieldID":"0","uniquekey":"BusinessName","key":"Business Name","value":"","colType":"Text","isEditable":"1","isVisible":"y"}],"familyMemberDetails":{"isVisible":"y","familyMemberDetail":[{"familyMemberId":"6968","memberName":"chhaya S. Sheth","relationship":"Spouse","dOB":"","emailID":"","anniversary":"","contactNo":"1 9844238265","particulars":"","bloodGroup":""},{"familyMemberId":"6969","memberName":"Jinesh SSheth","relationship":"Child","dOB":"08/08/2013","emailID":"","anniversary":"","contactNo":"","particulars":"","bloodGroup":""},{"familyMemberId":"6970","memberName":"Hardik S. Sheth","relationship":"Child","dOB":"08/06/2013","emailID":"","anniversary":"","contactNo":"1 9986344924","particulars":"","bloodGroup":""}]},"addressDetails":{"isResidanceAddrVisible":"y","isBusinessAddrVisible":"y","addressResult":[]}},{"masterID":"93","grpID":"1","profileID":"93","isAdmin":"yes","memberName":"Mr. Varghese P B","memberEmail":"-","memberMobile":"+91 9746460350","memberCountry":"India","profilePic":"","familyPic":null,"Branch_Id":"4","Branch_Name":"Cochin","isPersonalDetVisible":"yes","member_date_of_birth":null,"member_date_of_wedding":null,"personalMemberDetails":[],"businessMemberDetails":[{"fieldID":"0","uniquekey":"member_buss_email","key":"Email","value":"","colType":"Email","isEditable":"1","isVisible":"y"},{"fieldID":"0","uniquekey":"businessPosition","key":"Designation","value":"","colType":"Text","isEditable":"1","isVisible":"y"},{"fieldID":"0","uniquekey":"BusinessName","key":"Business Name","value":"","colType":"Text","isEditable":"1","isVisible":"y"}],"familyMemberDetails":{"isVisible":"y","familyMemberDetail":[{"familyMemberId":"6950","memberName":"Ranjani","relationship":"Spouse","dOB":"","emailID":"","anniversary":"","contactNo":"","particulars":"","bloodGroup":""},{"familyMemberId":"6951","memberName":"vamshidhar","relationship":"Child","dOB":"12/06/2013","emailID":"","anniversary":"","contactNo":"","particulars":"","bloodGroup":""},{"familyMemberId":"6952","memberName":"Rashmi","relationship":"Child","dOB":"11/10/2013","emailID":"","anniversary":"","contactNo":"","particulars":"","bloodGroup":""},{"familyMemberId":"6953","memberName":"Vallabh","relationship":"Child","dOB":"15/03/2013","emailID":"","anniversary":"","contactNo":"","particulars":"","bloodGroup":""}]},"addressDetails":{"isResidanceAddrVisible":"y","isBusinessAddrVisible":"y","addressResult":[]}}]}