{"MemberDetail":[{"masterID":"348","grpID":"1","profileID":"348","isAdmin":"yes","memberName":"Mr. Esaki Raja S","memberEmail":"yardops@chakiat.net","memberMobile":"+91 9600622319","memberCountry":"India","profilePic":"","familyPic":null,"Branch_Id":"3","Branch_Name":"Tuticorin","isPersonalDetVisible":"yes","member_date_of_birth":null,"member_date_of_wedding":null,"personalMemberDetails":[],"businessMemberDetails":[{"fieldID":"0","uniquekey":"member_buss_email","key":"Email","value":"","colType":"Email","isEditable":"1","isVisible":"y"},{"fieldID":"0","uniquekey":"businessPosition","key":"Designation","value":"","colType":"Text","isEditable":"1","isVisible":"y"},{"fieldID":"0","uniquekey":"BusinessName","key":"Business Name","value":"","colType":"Text","isEditable":"1","isVisible":"y"}],"familyMemberDetails":{"isVisible":"y","familyMemberDetail":[]},"addressDetails":{"isResidanceAddrVisible":"y","isBusinessAddrVisible":"y","addressResult":[]}},{"masterID":"349","grpID":"1","profileID":"349","isAdmin":"yes","memberName":"Ms. Muni Parvathi T","memberEmail":"parvathi@chakiat.net","memberMobile":"+91 9611428609","memberCountry":"India","profilePic":"","familyPic":null,"Branch_Id":"1","Branch_Name":"Bangalore","isPersonalDetVisible":"yes","member_date_of_birth":null,"member_date_of_wedding":null,"personalMemberDetails":[],"businessMemberDetails":[{"fieldID":"0","uniquekey":"member_buss_email","key":"Email","value":"","colType":"Email","isEditable":"1","isVisible":"y"},{"fieldID":"0","uniquekey":"businessPosition","key":"Designation","value":"","colType":"Text","isEditable":"1","isVisible":"y"},{"fieldID":"0","uniquekey":"BusinessName","key":"Business Name","value":"","colType":"Text","isEditable":"1","isVisible":"y"}],"familyMemberDetails":{"isVisible":"y","familyMemberDetail":[{"familyMemberId":"493","memberName":"NIBEDITA DASGUPTA ","relationship":"Spouse","dOB":"29/10/2013","emailID":"","anniversary":"23/02/2012","contactNo":"1 9819830922","particulars":"","bloodGroup":""},{"familyMemberId":"494","memberName":"MALOBI DASGUPT ","relationship":"Daughter","dOB":"02/10/2013","emailID":"","anniversary":"","contactNo":"1 22222222","particulars":"","bloodGroup":"A -ve"},{"familyMemberId":"495","memberName":"SOMSUDDHA DASGUPTA ","relationship":"Son","dOB":"19/07/2013","emailID":"","anniversary":"","contactNo":"1 22222222","particulars":"","bloodGroup":""}]},"addressDetails":{"isResidanceAddrVisible":"y","isBusinessAddrVisible":"y","addressResult":[]}},{"masterID":"350","grpID":"1","profileID":"350","isAdmin":"yes","memberName":"Mr. Jayanto Tushar Chakraborty","memberEmail":"jayanto@chakiat.net","memberMobile":"+91 7506922404","memberCountry":"India","profilePic":"","familyPic":null,"Branch_Id":"9","Branch_Name":"Mumbai","isPersonalDetVisible":"yes","member_date_of_birth":null,"member_date_of_wedding":null,"personalMemberDetails":[],"businessMemberDetails":[{"fieldID":"0","uniquekey":"member_buss_email","key":"Email","value":"","colType":"Email","isEditable":"1","isVisible":"y"},{"fieldID":"0","uniquekey":"businessPosition","key":"Designation","value":"","colType":"Text","isEditable":"1","isVisible":"y"},{"fieldID":"0","uniquekey":"BusinessName","key":"Business Name","value":"","colType":"Text","isEditable":"1","isVisible":"y"}],"familyMemberDetails":{"isVisible":"y","familyMemberDetail":[{"familyMemberId":"1514","memberName":"Umaima","relationship":"Spouse","dOB":"06/08/2013","emailID":"","anniversary":"26/12/2012","contactNo":"1 9820255224","particulars":"","bloodGroup":"B+ Ve"},{"familyMemberId":"1515","memberName":"Ali","relationship":"Child","dOB":"08/06/2009","emailID":"","anniversary":"","contactNo":"","particulars":"","bloodGroup":""},{"familyMemberId":"1516","memberName":"Zyan","relationship":"Child","dOB":"06/03/2012","emailID":"","anniversary":"","contactNo":"","particulars":"","bloodGroup":""}]},"addressDetails":{"isResidanceAddrVisible":"y","isBusinessAddrVisible":"y","addressResult":[]}},{"masterID":"354","grpID":"1","profileID":"354","isAdmin":"yes","memberName":"Mr. Manuvel Joseph Raj A","memberEmail":"manuvel@chakiat.net","memberMobile":"+91 9655671601","memberCountry":"India","profilePic":"","familyPic":null,"Branch_Id":"3","Branch_Name":"Tuticorin","isPersonalDetVisible":"yes","member_date_of_birth":null,"member_date_of_wedding":null,"personalMemberDetails":[],"businessMemberDetails":[{"fieldID":"0","uniquekey":"member_buss_email","key":"Email","value":"","colType":"Email","isEditable":"1","isVisible":"y"},{"fieldID":"0","uniquekey":"businessPosition","key":"Designation","value":"","colType":"Text","isEditable":"1","isVisible":"y"},{"fieldID":"0","uniquekey":"BusinessName","key":"Business Name","value":"","colType":"Text","isEditable":"1","isVisible":"y"}],"familyMemberDetails":{"isVisible":"y","familyMemberDetail":[{"familyMemberId":"504","memberName":"Suman","relationship":"Spouse","dOB":"30/09/2019","emailID":"","anniversary":"28/10/2019","contactNo":"","particulars":"","bloodGroup":""},{"familyMemberId":"505","memberName":"Kashish","relationship":"Son","dOB":"17/03/2019","emailID":"","anniversary":"","contactNo":"","particulars":"","bloodGroup":""}]},"addressDetails":{"isResidanceAddrVisible":"y","isBusinessAddrVisible":"y","addressResult":[]}},{"masterID":"356","grpID":"1","profileID":"356","isAdmin":"yes","memberName":"Mr. Ayan Kundu","memberEmail":"ayankundu@chakiat.net","memberMobile":"+91 9748443085","memberCountry":"India","profilePic":"","familyPic":null,"Branch_Id":"8","Branch_Name":"Kolkata","isPersonalDetVisible":"yes","member_date_of_birth":null,"member_date_of_wedding":null,"personalMemberDetails":[],"businessMemberDetails":[{"fieldID":"0","uniquekey":"member_buss_email","key":"Email","value":"","colType":"Email","isEditable":"1","isVisible":"y"},{"fieldID":"0","uniquekey":"businessPosition","key":"Designation","value":"","colType":"Text","isEditable":"1","isVisible":"y"},{"fieldID":"0","uniquekey":"BusinessName","key":"Business Name","value":"","colType":"Text","isEditable":"1","isVisible":"y"}],"familyMemberDetails":{"isVisible":"y","familyMemberDetail":[{"familyMemberId":"509","memberName":"SHIRLEY LAZARUS","relationship":"Spouse","dOB":"14/07/2012","emailID":"","anniversary":"21/04/2012","contactNo":"1 9820212054","particulars":"","bloodGroup":""}]},"addressDetails":{"isResidanceAddrVisible":"y","isBusinessAddrVisible":"y","addressResult":[]}},{"masterID":"358","grpID":"1","profileID":"358","isAdmin":"yes","memberName":"Mr. Vishnu Vijayan","memberEmail":"vishnu@chakiat.net","memberMobile":"+91 9099062890","memberCountry":"India","profilePic":"","familyPic":null,"Branch_Id":"6","Branch_Name":"Gandhidham","isPersonalDetVisible":"yes","member_date_of_birth":null,"member_date_of_wedding":null,"personalMemberDetails":[],"businessMemberDetails":[{"fieldID":"0","uniquekey":"member_buss_email","key":"Email","value":"","colType":"Email","isEditable":"1","isVisible":"y"},{"fieldID":"0","uniquekey":"businessPosition","key":"Designation","value":"","colType":"Text","isEditable":"1","isVisible":"y"},{"fieldID":"0","uniquekey":"BusinessName","key":"Business Name","value":"","colType":"Text","isEditable":"1","isVisible":"y"}],"familyMemberDetails":{"isVisible":"y","familyMemberDetail":[{"familyMemberId":"512","memberName":"DEVYANI JAVERI","relationship":"Spouse","dOB":"10/06/2012","emailID":"","anniversary":"28/01/2012","contactNo":"1 9820467328","particulars":"","bloodGroup":""}]},"addressDetails":{"isResidanceAddrVisible":"y","isBusinessAddrVisible":"y","addressResult":[]}},{"masterID":"359","grpID":"1","profileID":"359","isAdmin":"yes","memberName":"Mr. Chandrakumar V","memberEmail":"chandru@chakiat.net","memberMobile":"+91 8098002612","memberCountry":"India","profilePic":"","familyPic":null,"Branch_Id":"5","Branch_Name":"Coimbatore","isPersonalDetVisible":"yes","member_date_of_birth":null,"member_date_of_wedding":null,"personalMemberDetails":[],"businessMemberDetails":[{"fieldID":"0","uniquekey":"member_buss_email","key":"Email","value":"","colType":"Email","isEditable":"1","isVisible":"y"},{"fieldID":"0","uniquekey":"businessPosition","key":"Designation","value":"","colType":"Text","isEditable":"1","isVisible":"y"},{"fieldID":"0","uniquekey":"BusinessName","key":"Business Name","value":"","colType":"Text","isEditable":"1","isVisible":"y"}],"familyMemberDetails":{"isVisible":"y","familyMemberDetail":[{"familyMemberId":"516","memberName":"Sucheta","relationship":"Spouse","dOB":"20/04/2019","emailID":"","anniversary":"10/02/2019","contactNo":"","particulars":"","bloodGroup":"O+"},{"familyMemberId":"518","memberName":"Rahul","relationship":"Son","dOB":"28/12/2019","emailID":"","anniversary":"","contactNo":"","particulars":"","bloodGroup":"B+ Ve"},{"familyMemberId":"521","memberName":"Rohit","relationship":"Son","dOB":"02/08/2019","emailID":"","anniversary":"","contactNo":"","particulars":"","bloodGroup":"O+"}]},"addressDetails":{"isResidanceAddrVisible":"y","isBusinessAddrVisible":"y","addressResult":[]}},{"masterID":"360","grpID":"1","profileID":"360","isAdmin":"yes","memberName":"Mr. Dharani Daran S","memberEmail":"dharanidaran@chakiat.net","memberMobile":"+91 8291708648","memberCountry":"India","profilePic":"","familyPic":null,"Branch_Id":"9","Branch_Name":"Mumbai","isPersonalDetVisible":"yes","member_date_of_birth":null,"member_date_of_wedding":null,"personalMemberDetails":[],"businessMemberDetails":[{"fieldID":"0","uniquekey":"member_buss_email","key":"Email","value":"","colType":"Email","isEditable":"1","isVisible":"y"},{"fieldID":"0","uniquekey":"businessPosition","key":"Designation","value":"","colType":"Text","isEditable":"1","isVisible":"y"},{"fieldID":"0","uniquekey":"BusinessName","key":"Business Name","value":"","colType":"Text","isEditable":"1","isVisible":"y"}],"familyMemberDetails":{"isVisible":"y","familyMemberDetail":[{"familyMemberId":"517","memberName":"Dipa","relationship":"Spouse","dOB":"19/06/2013","emailID":"","anniversary":"08/12/2012","contactNo":"1 9821325506","particulars":"","bloodGroup":"A+ Ve"},{"familyMemberId":"519","memberName":"Hriday","relationship":"Child","dOB":"20/10/1997","emailID":"","anniversary":"","contactNo":"","particulars":"","bloodGroup":""},{"familyMemberId":"520","memberName":"Sanaya","relationship":"Child","dOB":"16/03/2001","emailID":"","anniversary":"","contactNo":"","particulars":"","bloodGroup":""}]},"addressDetails":{"isResidanceAddrVisible":"y","isBusinessAddrVisible":"y","addressResult":[]}},{"masterID":"361","grpID":"1","profileID":"361","isAdmin":"yes","memberName":"Mr. Ganesh Kumar S","memberEmail":"s_ganeshkumar@chakiat.net","memberMobile":"+91 9099512747","memberCountry":"India","profilePic":"","familyPic":null,"Branch_Id":"3","Branch_Name":"Tuticorin","isPersonalDetVisible":"yes","member_date_of_birth":null,"member_date_of_wedding":null,"personalMemberDetails":[],"businessMemberDetails":[{"fieldID":"0","uniquekey":"member_buss_email","key":"Email","value":"","colType":"Email","isEditable":"1","isVisible":"y"},{"fieldID":"0","uniquekey":"businessPosition","key":"Designation","value":"","colType":"Text","isEditable":"1","isVisible":"y"},{"fieldID":"0","uniquekey":"BusinessName","key":"Business Name","value":"","colType":"Text","isEditable":"1","isVisible":"y"}],"familyMemberDetails":{"isVisible":"y","familyMemberDetail":[{"familyMemberId":"522","memberName":"Dr. Mahera Valiulla","relationship":"Spouse","dOB":"18/07/1964","emailID":"","anniversary":"18/04/1985","contactNo":"1 9820657552","particulars":"","bloodGroup":"B+ Ve"},{"familyMemberId":"523","memberName":"Kausar Valiulla","relationship":"Child","dOB":"18/11/1988","emailID":"","anniversary":"","contactNo":"","particulars":"","bloodGroup":""},{"familyMemberId":"524","memberName":"Hamza Valiulla","relationship":"Child","dOB":"18/03/1992","emailID":"","anniversary":"","contactNo":"","particulars":"","bloodGroup":""}]},"addressDetails":{"isResidanceAddrVisible":"y","isBusinessAddrVisible":"y","addressResult":[]}},{"masterID":"362","grpID":"1","profileID":"362","isAdmin":"yes","memberName":"Mr. Kiran Jayram Solanki","memberEmail":"kiransolanki@chakiat.net","memberMobile":"+91 9769109802","memberCountry":"India","profilePic":"","familyPic":null,"Branch_Id":"9","Branch_Name":"Mumbai","isPersonalDetVisible":"yes","member_date_of_birth":null,"member_date_of_wedding":null,"personalMemberDetails":[],"businessMemberDetails":[{"fieldID":"0","uniquekey":"member_buss_email","key":"Email","value":"","colType":"Email","isEditable":"1","isVisible":"y"},{"fieldID":"0","uniquekey":"businessPosition","key":"Designation","value":"","colType":"Text","isEditable":"1","isVisible":"y"},{"fieldID":"0","uniquekey":"BusinessName","key":"Business Name","value":"","colType":"Text","isEditable":"1","isVisible":"y"}],"familyMemberDetails":{"isVisible":"y","familyMemberDetail":[]},"addressDetails":{"isResidanceAddrVisible":"y","isBusinessAddrVisible":"y","addressResult":[]}}]}